Fecha,INPC_General,INPC_General_Var_Anual,INPC_General_Var_Mensual,INPC_General_Inc_Anual,INPC_General_Inc_Mensual,Subyacente,Subyacente_Var_Anual,Subyacente_Var_Mensual,Subyacente_Inc_Anual,Subyacente_Inc_Mensual,Mercancias,Mercancias_Var_Anual,Mercancias_Var_Mensual,Mercancias_Inc_Anual,Mercancias_Inc_Mensual,Alimentos_Bebidas_Tabaco,Alimentos_Bebidas_Tabaco_Var_Anual,Alimentos_Bebidas_Tabaco_Var_Mensual,Alimentos_Bebidas_Tabaco_Inc_Anual,Alimentos_Bebidas_Tabaco_Inc_Mensual,Mercancias_No_Alimenticias,Mercancias_No_Alimenticias_Var_Anual,Mercancias_No_Alimenticias_Var_Mensual,Mercancias_No_Alimenticias_Inc_Anual,Mercancias_No_Alimenticias_Inc_Mensual,Servicios,Servicios_Var_Anual,Servicios_Var_Mensual,Servicios_Inc_Anual,Servicios_Inc_Mensual,Vivienda,Vivienda_Var_Anual,Vivienda_Var_Mensual,Vivienda_Inc_Anual,Vivienda_Inc_Mensual,Educacion,Educacion_Var_Anual,Educacion_Var_Mensual,Educacion_Inc_Anual,Educacion_Inc_Mensual,Otros_Servicios,Otros_Servicios_Var_Anual,Otros_Servicios_Var_Mensual,Otros_Servicios_Inc_Anual,Otros_Servicios_Inc_Mensual,No_Subyacente,No_Subyacente_Var_Anual,No_Subyacente_Var_Mensual,No_Subyacente_Inc_Anual,No_Subyacente_Inc_Mensual,Agropecuarios,Agropecuarios_Var_Anual,Agropecuarios_Var_Mensual,Agropecuarios_Inc_Anual,Agropecuarios_Inc_Mensual,Frutas_Verduras,Frutas_Verduras_Var_Anual,Frutas_Verduras_Var_Mensual,Frutas_Verduras_Inc_Anual,Frutas_Verduras_Inc_Mensual,Pecuarios,Pecuarios_Var_Anual,Pecuarios_Var_Mensual,Pecuarios_Inc_Anual,Pecuarios_Inc_Mensual,Energeticos_Tarifas,Energeticos_Tarifas_Var_Anual,Energeticos_Tarifas_Var_Mensual,Energeticos_Tarifas_Inc_Anual,Energeticos_Tarifas_Inc_Mensual,Energeticos,Energeticos_Var_Anual,Energeticos_Var_Mensual,Energeticos_Inc_Anual,Energeticos_Inc_Mensual,Tarifas_Autorizadas,Tarifas_Autorizadas_Var_Anual,Tarifas_Autorizadas_Var_Mensual,Tarifas_Autorizadas_Inc_Anual,Tarifas_Autorizadas_Inc_Mensual
2000-01-01,48.175406498163824,,,,,49.34180587719245,,,,,48.23281460248997,,,,,37.7928248508324,,,,,56.84276773403636,,,,,50.185251334476234,,,,,55.92666595314012,,,,,32.268661667598735,,,,,35.81277905496689,,,,,42.09560038692459,,,,,39.1681214023938,,,,,38.28682212920848,,,,,40.381084202949566,,,,,49.53127038085738,,,,,50.75683947353549,,,,,50.72628787372282,,,,
2000-02-01,48.6415795601823,,0.9676577654539331,,0.9676577654539339,49.865873550042764,,1.0621169280967901,,0.8425404791847482,48.71316731306953,,0.9959043745184415,,0.36030869416566225,38.2767378770486,,1.2804362418691762,,0.15447318857260356,57.313835048785684,,0.8287198768248238,,0.20824951247488982,50.74952148483843,,1.1243744633287367,,0.4889744973454474,56.47125840721587,,0.9737617016756461,,0.23268273016325,32.9587217571621,,2.138483760720278,,0.038457976578002186,36.329084095004575,,1.4416782323573463,,0.20066559164277845,42.28715319971506,,0.4550423584170238,,0.08993200633450922,38.723369844880835,,-1.1354937168004842,,-0.08162389362873335,36.599222865470715,,-4.407780980209164,,-0.1251033997980791,41.06015051518008,,1.6816445760039933,,0.07549669691729932,50.530494612656334,,2.017360394990253,,0.29002411141596113,51.07195585871971,,0.6208353168808411,,0.05933909606566857,51.97427099008429,,2.4602295351636716,,0.1262690612112464
2000-03-01,48.880540114785546,,0.4912680812669601,,0.4912680812669433,50.177181138980046,,0.6242898535104846,,0.4956907680933097,49.04429946241481,,0.6797590212460625,,0.24599912501013374,38.5871122067827,,0.8108693346101425,,0.09812717846031185,57.65908008353755,,0.6023764322488523,,0.15116323638071064,51.03991036768631,,0.5722002382517744,,0.24922800225752223,56.79431201840213,,0.5720673140603871,,0.13670514185976712,32.97243055297265,,0.041593833376030176,,0.0007566874768840565,36.589215316670916,,0.7160412329308086,,0.10013288848719602,42.187785471495324,,-0.23498325307081958,,-0.04620498441097672,38.237150746065105,,-1.2556218654611984,,-0.0883790975068661,35.342392149116925,,-3.434036621415637,,-0.09227717478148605,41.2685223862431,,0.5074795597400206,,0.022944181778713376,50.90268439365136,,0.7365646899917921,,0.10699249387945489,51.478936071264364,,0.7968761049028217,,0.0759033515791966,52.34733292939085,,0.7177819567257382,,0.037384097741456644
2000-04-01,49.12838214841418,,0.5070362010048068,,0.5070362010048031,50.43707875588369,,0.5179597797329016,,0.41180829796416024,49.25118805217857,,0.42184023837938955,,0.1529468112896939,38.75583150781891,,0.4372426216610048,,0.053081105318446065,57.89705684373024,,0.41273076130923236,,0.10368715572672897,51.35039615130892,,0.6083196098619625,,0.26517357487993115,57.129944360790276,,0.5909611904082901,,0.14133369954357267,32.9769172664449,,0.013607469625398494,,0.0002464434318630473,36.894880752879445,,0.835397626221468,,0.1170852721787681,42.376315807203994,,0.44688369773771,,0.08723612807610914,38.68150681529477,,1.1621055977226291,,0.08037488011689523,36.46313943501114,,3.1711132658071017,,0.08188358952809247,41.1033983789897,,-0.4001209583128662,,-0.0180931996873459,50.79045751070907,,-0.22047340779594027,,-0.03210387383349541,50.2702680063418,,-2.3478885873813637,,-0.22431916497173393,52.5790149010237,,0.44258600900517475,,0.023103079568250175
2000-05-01,49.34480953779786,,0.44053433050137425,,0.44053433050137136,50.7061366344353,,0.5334525416387681,,0.424172045189743,49.51440239918821,,0.5344324825845348,,0.19360518267854057,39.02204796758461,,0.6869068457787897,,0.08333234964206722,58.15425415851072,,0.4442321057436027,,0.11149627988593275,51.62385397112198,,0.5325330285812946,,0.232371255405003,57.438583186546786,,0.5402400251037776,,0.12931116213277183,33.07674645300823,,0.3027244352670433,,0.005455693679957606,37.10288878196424,,0.5637856115541462,,0.07927560583589706,42.34601788063353,,-0.07149731163111905,,-0.013948630912452182,39.663276390392205,,2.5380851366142876,,0.17668607555604418,37.62671622809053,,3.19110425242799,,0.0845839107880015,41.93043281356428,,2.012082862222231,,0.09016381568926905,49.500289457056866,,-2.540178050926545,,-0.36720649710445163,44.21194793676953,,-12.051497455330829,,-1.1187037133902324,52.758778973564944,,0.3418931923308888,,0.017835449754498463
2000-06-01,49.61348545243637,,0.5444866788526292,,0.544486678852645,50.895763290276385,,0.3739718078073828,,0.29763685117372357,49.644411627429186,,0.2625685092447094,,0.09520781253351876,39.114800572834696,,0.2376928174736781,,0.028906521014630874,58.31552751195758,,0.2773199584114483,,0.0696061397720594,51.870877940981124,,0.47850741635315774,,0.20898838012100826,57.72890029006985,,0.5054391794104385,,0.12110137233033635,33.123954488781955,,0.14272273072806207,,0.0025686170558908584,37.274735245838755,,0.46316195184794573,,0.06520652498363871,42.97689222877482,,1.4898079671142206,,0.2891695296852013,40.76453296648185,,2.776514388903095,,0.19732052199070663,39.22558441633131,,4.249289729533001,,0.11571678460665501,42.59146327984957,,1.5764933055292696,,0.07174987552958643,49.60381959259942,,0.20915056594239534,,0.02933741476985872,44.56279916864303,,0.7935665543967296,,0.0645025459719917,52.787235001644724,,0.05393610055690612,,0.0028109067164700592
2000-07-01,49.77149613939063,,0.31848334281157076,,0.3184833428115713,51.060968965024216,,0.32459612366082524,,0.2579015872857655,49.7716727438074,,0.25634530092386587,,0.09269063860494743,39.19513623711621,,0.20538431260035406,,0.024901174811227708,58.482632732414665,,0.28655356058095993,,0.07173261928300016,52.07239725897615,,0.38850184534049426,,0.16956705065293956,57.937801127213994,,0.3618652634893138,,0.08666791755293811,33.1898193688171,,0.19884364971414215,,0.003564339596194111,37.47678344728345,,0.5420513388280979,,0.07625128798493733,43.09936225365373,,0.2849671498510675,,0.05583174535112674,40.885804942940915,,0.29749384485473485,,0.021611550961834505,39.41001743635903,,0.47018552501394417,,0.013275904276647649,42.65666302185509,,0.15308171399774917,,0.007038616315304457,49.73883122863166,,0.27217991908909944,,0.03805116842624974,44.91401136190602,,0.7881286629546347,,0.06421924201056324,52.858042019743515,,0.13413662999508524,,0.0069564905034080965
2000-08-01,49.97071227094384,,0.400261489016307,,0.4002614890163099,51.30063903660536,,0.46938018693949424,,0.3729596957412374,49.9939562518314,,0.44660646462129083,,0.161386212708295,39.37862786079288,,0.46814896258202676,,0.05669525774055031,58.7363578830787,,0.4338470051869159,,0.10856984876422524,52.32790400330033,,0.4906759776267755,,0.21431185341897016,58.09889932183391,,0.27805369117512857,,0.06662356944771335,34.11000404945904,,2.7724907762121997,,0.04963856421812549,37.743869463937635,,0.7126705978646175,,0.1004760118234228,43.10847173327818,,0.02113599633060126,,0.004139653676174069,40.67497253398491,,-0.515661631830977,,-0.037452593162896855,39.40149593226584,,-0.021622685417355125,,-0.0006114496966393947,42.25991080187656,,-0.9301060886437673,,-0.042695275709327116,50.02196281755202,,0.5692365138595834,,0.07954340276682079,45.36069695824693,,0.9945350744595682,,0.0814172784310625,53.09838950017701,,0.4547037144200683,,0.023538159823987395
2000-09-01,50.2218597459934,,0.5025893441098495,,0.5025893441098395,51.60590872286519,,0.595060201963582,,0.47314791726230593,50.19714102415145,,0.40641867048201163,,0.14693169906051762,39.5522163845241,,0.4408191274334561,,0.053421571087707995,58.963101710158796,,0.38603657981561845,,0.09663764600954991,52.731552154210334,,0.7713822263634817,,0.3372189310710423,58.27772814901072,,0.307800714409745,,0.07366138966949959,36.702230835382835,,7.599608555205961,,0.139277948882919,38.01645100924249,,0.7221876007315275,,0.10213458831853733,43.10549767295952,,-0.006899015898909067,,-0.0013461249358962645,40.477599353397,,-0.4852447790173797,,-0.03492189624770113,39.270864001441105,,-0.3315405360479251,,-0.009335959930296272,41.999856759833705,,-0.6153681754371032,,-0.027873353419338533,50.26019242608252,,0.4762500212144971,,0.06666175338508502,45.72075262283486,,0.793761314821384,,0.0653656277406834,53.305624448421305,,0.39028480937939314,,0.020214410772844162
2000-10-01,50.470217736734256,,0.4945216923406992,,0.49452169234069865,51.798793735868344,,0.37376536481315004,,0.2974640495794631,50.34690630222922,,0.29835419910810845,,0.10776016065085846,39.67013403004699,,0.29813157466700435,,0.036107481244657375,59.13909841705962,,0.2984861749063983,,0.07463424787493661,52.965678355574,,0.44399641542691715,,0.19461743657243277,58.553715710973144,,0.4735729595648497,,0.11311355151530124,36.72195593478903,,0.05374359802450268,,0.0010545114942750297,38.184697202357825,,0.44256154545945225,,0.06272553708738032,43.60718545974181,,1.163860328416999,,0.22593934966611712,40.97551417821848,,1.2300996916204232,,0.08765717780988974,40.613105604134205,,3.417906982244756,,0.0954471747155085,41.7363705650278,,-0.6273502224366845,,-0.02809999402293768,50.81184631874131,,1.0975960616746772,,0.15359264929018646,47.76305332405152,,4.466900879922631,,0.3689115256880788,53.40248117558329,,0.18170076453321027,,0.00940049296134476
2000-11-01,50.86493322549663,,0.7820760568565621,,0.7820760568565643,52.05344348696169,,0.4916132842626597,,0.39078408630067313,50.61246661793739,,0.5274610402355773,,0.19013754483237819,39.799697297997064,,0.3266015382048959,,0.03947825077552974,59.52145265828612,,0.646533767779256,,0.1613456062634249,53.20840754733258,,0.45827637688140577,,0.20077579365004486,58.79731829453345,,0.41603266437051367,,0.09934925870320929,36.72195593478903,,0.0,,0.0,38.47177394345224,,0.7518109665059391,,0.10650126403646828,44.64482021771192,,2.3795040817941704,,0.46500804791842254,41.55215993320109,,1.407293517964292,,0.10101808674265109,41.38780199067122,,1.9075034401165203,,0.054817790243616736,42.13926308150533,,0.9653271499729499,,0.042755813610775774,52.51574784086004,,3.3533548681348835,,0.4720693977197667,54.86797128994273,,14.875342909272238,,1.2770832763971307,53.449102423162095,,0.08730165069581464,,0.0045025893747536495
2000-12-01,51.26955487912202,,0.7954825219795403,,0.7954825219795427,52.3010991168956,,0.475771847823947,,0.3771017247190386,50.825171009534124,,0.4202608681422193,,0.15111162009955592,39.90147866765442,,0.2557340295713306,,0.03077237373196919,59.82946723128466,,0.517484972631399,,0.1289671776191636,53.48904480000354,,0.5274302795499342,,0.23033045277838834,59.02517924609023,,0.38753629955596836,,0.0922081581976127,36.72195593478903,,0.0,,0.0,38.93845888215584,,1.2130580185607087,,0.1717897468383639,45.77046761776268,,2.521339305571191,,0.5005356679292133,43.47534885658557,,4.628372932902125,,0.3342940818805732,44.57803508785811,,7.7081481589816425,,0.22399024792308345,42.932243169270066,,1.881808151772768,,0.08349970788958437,52.75232686696473,,0.4504915874407933,,0.06503607096640253,55.28830695300306,,0.7660856656046544,,0.07496751038755575,53.63500628023864,,0.3478147408439547,,0.017814906662046354
2001-01-01,51.564328196140416,7.034547177314954,0.5749480714497768,7.034547177314967,0.574948071449776,52.67211720359858,6.74947190764561,0.7093886992197485,5.354121702496323,0.56048542910616,51.145502684552476,6.038810104837111,0.6302618735080312,2.1847838395532517,0.2257772721458593,40.28426550433997,6.592364194370859,0.9593299533429356,0.795309820229509,0.1148176447834889,60.09051009241413,5.7135542265882355,0.4363115254233385,1.4357624517764067,0.10843729704129684,53.90783486936791,7.417684351287357,0.7829455002051899,3.2258456550141603,0.34100547182849966,59.49021473861372,6.3718241106298645,0.7878595176892933,1.5225628894935037,0.1867000666094759,37.35594938194108,15.765412791973766,1.7264697127731932,0.28352138418486245,0.03320092093657447,39.13289886714238,9.270768423415676,0.49935203027677844,1.290387958224213,0.07100974697826777,45.708079376369525,8.581606999877867,-0.13630675988317575,1.6960204271049115,-0.02752290896058691,43.05445241100782,9.922178724600528,-0.9681266663694399,0.7132464484824381,-0.07258400523052941,43.44412978627458,13.470189925038634,-2.54364127837563,0.3823163090712817,-0.07898459793601972,43.15432279398507,6.867667487820772,0.5172793414017551,0.30832092479901335,0.02320012478374989,53.129627345658704,7.264818643117232,0.7152300213135288,1.0444205094937236,0.10290212530193917,55.66532764382513,9.670594586270308,0.6819175908977515,0.9243100796035649,0.06671153999405405,54.02445715013881,6.5018936229404245,0.726113217672264,0.33370382402529114,0.03702599693355536
2001-02-01,51.63032354814161,6.14442214867108,0.12798644782137103,6.144422148671083,0.12798644782137356,53.035111326324554,6.355524431154924,0.6891580251518148,5.046333476669435,0.5452290933214113,51.49370775601305,5.707985327814047,0.680812687692578,2.0656723225812703,0.24402010633004936,40.59103007417663,6.046210637285565,0.7614997220282138,0.7316808823443863,0.09148860825430977,60.47088824003735,5.508361442859955,0.6330086847960326,1.3822946886365568,0.15710593977897286,54.283520808285594,6.963611123905777,0.6969041509978346,3.033076138192142,0.30415859728677774,59.868760289231744,6.016338183074277,0.6363156567534167,1.4377055716675538,0.1511077369047663,37.77087935832879,14.600558955600217,1.110746703678478,0.26561774235449215,0.021604805240722863,39.44990715561814,8.590425931059166,0.810081281103181,1.2013053470279582,0.11511003519241829,44.398076776853905,4.991879134472144,-2.866019787724605,0.9815580241381938,-0.5746109928136827,40.24820747331134,3.9377710011776923,-6.517897175668185,0.2771667624193251,-0.4811731983495444,38.594256131209065,5.45102630477039,-11.16347289938755,0.14647639571660154,-0.33589708408767754,42.174119304641856,2.713016819190517,-2.2713911976387946,0.12266100155857264,-0.10181412496270446,53.55994267686651,5.995286781640563,0.8099347816016067,0.8708680893967476,0.11669009427954517,55.92016403689825,9.49289702471965,0.45780093975857916,0.9042091937996742,0.044833992395026896,54.52414377800028,4.906028962681286,0.9249266984262317,0.2555197501758503,0.04723479044844868
2001-03-01,51.88152993744851,6.139436707564561,0.48654816015760716,6.139436707564561,0.4865481601575968,53.28477985696751,6.1932508910376605,0.47076083070090036,4.92399643388987,0.374530983417432,51.69665073803887,5.408072507298622,0.3941121951975157,1.9608073625040698,0.14203948034959077,40.85589833269421,5.879647364522689,0.6525290391339089,0.7137871870906314,0.07889259758521829,60.61651093511715,5.129167595623807,0.24081454616931008,1.2885610889503534,0.06006903117607129,54.57768026246884,6.931379521039105,0.5418945746392012,3.0214687421642763,0.23784963226023634,60.20779908720177,6.010262203182637,0.5663033547581353,1.4374084223971273,0.13516444713888975,37.77693660573229,14.57128265094334,0.01603681859252415,0.2638989468284557,0.0003149889901394397,39.68620326700457,8.46420980480167,0.5989776109087241,1.1863025195030565,0.08569266735512307,44.65285994537608,5.843099954953335,0.5738608224016506,1.1406310380357614,0.11161357639268812,40.41916596631827,5.706531939955561,0.4247605141677102,0.3946817065987789,0.029275953734226586,38.908189746481305,10.089293283599865,0.8134205623887558,0.2605228765465001,0.021714915695711406,42.217058038766616,2.2984483031544434,0.1018129953457736,0.10393428101183447,0.004454362353076175,53.941843636411356,5.970528428828881,0.7130346681827104,0.8693887091173546,0.10342902679928397,56.28545359073043,9.336862581643501,0.6532340527312108,0.8920513643733233,0.06418414118746141,54.92351820063801,4.921330518829037,0.7324726166518358,0.2568944527047559,0.03770413923681353
2001-04-01,52.13812885948208,6.1262890806695225,0.4945862667175449,6.126289080669528,0.49458626671753864,53.53636295554882,6.1448527077979875,0.47214814297185104,4.886048030531919,0.37557569484545544,51.93142730142314,5.441978874509634,0.45414269596293355,1.9714282878857736,0.1635241312294036,41.17208321896945,6.234550046134513,0.7739026656579773,0.7563466683992942,0.09372156205714757,60.776342172474294,4.973111736086211,0.2636760758603085,1.2481841156044504,0.06561079450044684,54.844474264349465,6.804383948168402,0.48883353157846976,2.9690989205040803,0.21467813157717114,60.495887485217935,5.891731844111137,0.47849016636352104,1.4102374062164589,0.11429596886478187,37.77919804712517,14.562552169079645,0.005986301685823037,0.2624460221151813,0.00011703007163299417,39.950115404904416,8.280917541077915,0.6649971934182597,1.1644049466541166,0.09524419675806556,44.92906212487934,6.0239930467041125,0.6185542870963623,1.1752393720926557,0.1204108059760092,40.93698574637713,5.830897286014047,1.2811243569210928,0.40591166292022524,0.08824519746746719,39.41184471229356,8.086811292093877,1.2944703135611801,0.2143502909281113,0.03466933556756454,42.7531961124701,4.013774526058911,1.2699560287009248,0.17986198947401458,0.05534839452292669,53.94284994360449,6.206662801237317,0.001865540970236168,0.8972311626421413,0.00027121539506227055,55.178936663687004,9.764556371026224,-1.9659021229343931,0.9064139549764697,-0.19348202125069455,55.275565503536384,5.128568132340927,0.6409773343585501,0.26754062756640234,0.03307515411145165
2001-05-01,52.28924215711734,5.967056407551974,0.28983260608090866,5.96705640755198,0.28983260608091654,53.7470900580418,5.99720985554506,0.39361490183400516,4.773062086412211,0.31303561167987465,52.06778025386976,5.156838679170694,0.26256346018604937,1.8698789570934593,0.0945037384231989,41.418590983763266,6.141510097495262,0.5987255089396237,0.7468870644964511,0.0727086948359715,60.8136028632505,4.572922038499905,0.06130788633258444,1.1477841421940187,0.015220252966386518,55.12693233524508,6.785774588008664,0.5150164618848763,2.9636908239006314,0.22616378694661618,60.735972373444476,5.740721661236936,0.39686150283388955,1.3754558405092092,0.09478231310565385,37.87017075689465,14.491825278814495,0.2408010610918776,0.2608130421290673,0.004684687202308548,40.36581703854396,8.7942701059057,1.0405517716940205,1.2381064357416522,0.1492857049779566,44.80203949800352,5.799888018498245,-0.28271818032337137,1.1257497124173925,-0.0551031955753628,41.73180967199599,5.215235527302164,1.9415790174272862,0.3706348508996156,0.13478473480375797,40.27230911663516,7.031155396360478,2.183263459558882,0.19147263338665782,0.058938983424347835,43.496794201177536,3.735619411747515,1.7392807002107213,0.17001672438361967,0.07638779546485056,52.659294950407734,6.381791961219552,-2.379471968089697,0.8951698356523711,-0.3442354357403257,48.384623103788336,9.437890348071587,-12.313237569817058,0.7671290488267756,-1.182185077409927,55.69750933711022,5.5701258079110305,0.7633460277250981,0.2902898778994826,0.03944689578835161
2001-06-01,52.34135365422142,5.498239393803961,0.09966007338086946,5.498239393803942,0.099660073380856,53.87575538116136,5.855088711193979,0.23939030556001661,4.652047767193045,0.1905802795578955,52.14029703526905,5.0275254072320585,0.13927381011002993,1.8178782248765892,0.05011480632680877,41.48846396895209,6.068453274349328,0.16869957072227493,0.7357505249799152,0.020549825421636508,60.887529336013024,4.410492254448095,0.1215623960460821,1.1040733924140698,0.030110228235317373,55.309899646845196,6.629966259250519,0.3319018560427711,2.893741273028711,0.1460782909792694,60.9452444084113,5.5714626507352705,0.34456027752396423,1.3343835796979195,0.08237904808789001,37.95350986697634,14.580250011604146,0.22006531371796534,0.2613559070832026,0.004279188515956147,40.49313706458453,8.634271437528373,0.3154154563971723,1.2145977156822363,0.04559070462612014,44.49898133546522,3.5416453534797387,-0.6764383182864098,0.6938913541536919,-0.13108855459301258,40.99115657591244,0.5559332903848802,-1.7747926627312394,0.04038598056507534,-0.1252355746762774,39.42505098983831,0.5085114128317691,-2.103823062002841,0.014358053324029922,-0.057866680312836274,42.84513355544317,0.595589482161829,-1.498180860686793,0.027384889657227903,-0.06674985086738928,52.87244125076264,6.589455580253101,0.4047648198777454,0.9212159550956133,0.05699831100315167,48.727533261446915,9.3457641137912,0.7087172239060635,0.761522725422997,0.05949265224666957,55.876343364278945,5.851998807169889,0.3210808334109361,0.30349185102923815,0.01667060796568864
2001-07-01,52.364255668083224,5.209326079793319,0.04375510425866924,5.209326079793317,0.04375510425867619,53.98934225870802,5.735052336530644,0.21083115539273223,4.556952836972347,0.16807843790521004,52.12448673432315,4.727215021738407,-0.030322613880018334,1.7082317195364256,-0.010915284764975382,41.532133642425755,5.962467871451116,0.10525738794848749,0.7220856602505764,0.01283057680241533,60.819355480321065,3.9955840541550103,-0.11196686158135849,0.9998915546218035,-0.027739543929616205,55.54952360865542,6.67748468038869,0.43323882946855186,2.9165155485141563,0.19112161824641183,61.197932313946055,5.626950148787646,0.41461463972713997,1.3482558078341886,0.09937048851054653,38.006001724207735,14.51102309979908,0.13830567295456397,0.2598047785010718,0.0026926003445556512,40.730338232944476,8.681520894763084,0.585781160846155,1.2239660211619985,0.08485233675760408,44.101700762123606,2.3256458009071945,-0.8927857704126407,0.45549630301847654,-0.17167360040559054,40.099787896303646,-1.9224692964568302,-2.1745389836904216,-0.1396292762226624,-0.15056971824848306,38.63260227494859,-1.972633386082212,-2.0100131642035723,-0.05578243692768495,-0.05406937980449978,41.85455262004316,-1.880387130613026,-2.31200337867582,-0.08631665566113922,-0.10136456663910547,53.053033920914906,6.663209831065475,0.3415629501496875,0.9310969525103738,0.04824493264782516,49.078925929041915,9.273085259688884,0.7211378128041179,0.7591379971323043,0.060903615225131345,56.008577432622886,5.960371009774801,0.23665483527055553,0.30854413761998417,0.012314365483580173
2001-08-01,52.612341631940616,5.286355228786244,0.47376967492847033,5.286355228786245,0.4737696749284689,54.15742251231618,5.568709336490674,0.3113211729877108,4.427826320270465,0.24860539682723118,52.221755037852134,4.456136207342309,0.18660769558223045,1.6110176813810544,0.06712376225960746,41.61624019531276,5.682301431197767,0.20250958838554656,0.6886213663546966,0.024700519381349182,60.92701242314644,3.7296397308605345,0.1770109893062033,0.9336514281268636,0.04378582307692941,55.786058569343524,6.6086242740108325,0.4258091614871118,2.889038841403075,0.18857535124051475,61.43322492556248,5.73905124305083,0.3844780415282134,1.3734421986585068,0.09248925365547919,38.63870821880307,13.276762332767422,1.6647541595840476,0.24332308856185933,0.032440853076490146,40.826956531349516,8.16844460093742,0.23721457418905967,1.1552133070056123,0.03454748072752168,44.71670383494559,3.730663688608371,1.3945110102197678,0.7279211256012594,0.26564000988200404,41.08495833277431,1.0079559327221377,2.4567971257560606,0.07254015710597932,0.16634189857463996,40.84753762463825,3.670017237056844,5.733332002659175,0.10334523276425896,0.15106063034968764,41.7334791498079,-1.2456998656165674,-0.2892719254088516,-0.05642448536453887,-0.012383836474853164,53.2637418219997,6.480711315290866,0.39716465866757034,0.907119286542288,0.05626553098278297,49.53283068954424,9.197684363486802,0.9248465648139526,0.7574221632547927,0.07863667306412289,56.14894463497928,5.7450991706482935,0.2506173318278737,0.2975616569624543,0.013066050698710127
2001-09-01,52.91461004264931,5.361709642524204,0.5745199725632144,5.361709642524209,0.5745199725632217,54.4407294972544,5.493209681885092,0.5231175558138679,4.371813311218689,0.41705990781323526,52.30372525276982,4.196621930330302,0.15696564555953696,1.5157442219858552,0.056299991086378856,41.685645700802354,5.393956423420598,0.16677505023006134,0.6532759256066256,0.020286983515534505,61.019039151442314,3.486820370118515,0.15104421608060914,0.8718534983417767,0.03725227159601975,56.26495252376338,6.700732721122682,0.8584473732349718,2.937139535435291,0.379993565700532,61.74665278049517,5.95240195811122,0.510192742302662,1.4217393791809136,0.12262185402100889,41.72333761205135,13.680658266221556,7.983262214100595,0.26843032326200145,0.15741288168252812,40.89388107643608,7.568907646045231,0.1639224443173326,1.0727633300586281,0.023817146582247282,45.102497716768774,4.6328198295271905,0.8627511617296024,0.8993659065838029,0.16585128517199535,41.74402551125196,3.128708663767843,1.6041568623227587,0.22295247574118282,0.1107560020665661,42.14514558733358,7.319119807975194,3.1767103677570185,0.204390965203136,0.08808075796573861,41.81969698101755,-0.42895331726094943,0.2065915254756634,-0.019213487490822554,0.008777091289309279,53.34490996968152,6.137496485186933,0.15238912045096864,0.8588536148086928,0.021572205013333637,49.88440384419384,9.106698780105994,0.7097780396463582,0.7521022362620344,0.06062104277947252,56.14700778195066,5.330363095696766,-0.0034494914218030637,0.2757723165955569,-0.000179441406655726
2001-10-01,53.16195071569091,5.33330962231513,0.46743361208225753,5.333309622315142,0.46743361208226036,54.62799323608439,5.4619022880004975,0.3439772768648153,4.34167375741503,0.2740986410496949,52.43068125636734,4.13883415522962,0.24272841558412583,1.4919542956049747,0.08669968645296657,41.85686553819029,5.512286665043842,0.41074051873122297,0.6663025425578215,0.049761064985850145,61.1052543440987,3.3246295254171665,0.14129228164738716,0.8296772622135629,0.034700410527536814,56.51030049059611,6.692300080112323,0.43605824910117885,2.931968409701762,0.19356702860024874,62.01376357125059,5.909185810438711,0.43259153124459715,1.4111229239532839,0.10390435540923323,41.744529357795514,13.677303659765805,0.0507911086625068,0.2671874309410606,0.0010752663205536085,41.12542559188817,7.701326984331192,0.5662082183378381,1.090967138190781,0.08193148598962595,45.62449827660005,4.626101858191767,1.157365082327133,0.9040432462412639,0.22312411224342954,42.32931876703035,3.303935572165484,1.4021006565852812,0.23716250090026414,0.09779646071767367,43.43985760122283,6.960196604124946,3.072031181399848,0.20002197085209344,0.08738215497085891,41.76700634457757,0.07340307538730162,-0.1259947829461816,0.003251134301780794,-0.005333336641015303,53.83540461363324,5.950498779212299,0.9194778737662057,0.8376830026335157,0.12961498227337545,51.79116479078365,8.433530074811468,3.822358893062594,0.724038449750326,0.3269007949281236,56.20432360662656,5.246652158035547,0.1020817082514558,0.2705964901180475,0.005279740472184268
2001-11-01,53.38406495332496,4.952590258322775,0.417806785950936,4.95259025832277,0.41780678595093845,54.74341736118562,5.167715513187354,0.211291168252159,4.095985169768673,0.16816068781526902,52.52317700346212,3.775177368746463,0.17641530660741367,1.3574263311173207,0.06287250149769269,41.940468298906715,5.378862519684002,0.19973488134257256,0.6472363806492486,0.024184153828090582,61.20442719057467,2.8275091704339506,0.16229839404235946,0.7046695009304501,0.03972997390579856,56.64759115461292,6.463609353880684,0.24294803394233622,2.822678421747683,0.10781138293451326,62.211088235437145,5.8059959874412925,0.31819495031910616,1.3814452920102789,0.0764008839332435,41.74459388445923,13.67747937661441,0.0001545751376452742,0.2651174435379892,3.2588412931473696e-06,41.138588570281115,6.931873302095948,0.0320069110617105,0.9816717267122754,0.004636018850085957,46.33744139653486,3.791304725987965,1.562632241153783,0.7526488954312572,0.3033228378158662,42.18008743845817,1.51117897665618,-0.3525483823481945,0.10914811660212,-0.024819002044819082,43.59413665649808,5.330881466776516,0.35515552719238563,0.15490951091806673,0.010364091419340615,41.34061530986621,-1.8952580402138985,-1.020880048700723,-0.08409650717272259,-0.04295842091473778,55.68364054384677,6.032271905536768,3.4331235057635023,0.8708603549421411,0.4861306857147966,59.60283864169727,8.62956519156457,15.083024068815165,0.8444708564388786,1.3330256995585343,56.22164441816972,5.187256416500907,0.03081757849161537,0.2656888223536343,0.001588111378737134
2001-12-01,53.56862186369846,4.484273347012557,0.3457153563237725,4.484273347012545,0.34571535632377226,54.90218156418477,4.973284483898932,0.2900151482171154,3.9293739681657662,0.2303401999522681,52.5972763209139,3.486668664719983,0.14107927524431574,1.2490213561790027,0.050158258710779224,42.030041258994686,5.334545641953237,0.2135716736627602,0.6384664259306667,0.025803372526316187,61.26390463161524,2.3975433289175507,0.09717833132458775,0.595865804541757,0.02372832294920718,56.88840839732819,6.355252014753554,0.4251147097464214,2.767977734480968,0.1883217404308716,62.43314737517822,5.773753121323599,0.3569446316397773,1.3682135814000513,0.08561994255653654,41.74459388445923,13.67747937661441,0.0,0.2630251246430389,0.0,41.47257830598837,6.508011607500541,0.8118648386214566,0.9254638602832754,0.11714220998505086,46.63881209839242,1.8971719666083464,0.6503826986876016,0.3830748479700226,0.1276851896650097,42.54558854001966,-2.1385919630753536,0.8665252344361773,-0.16033807932999716,0.060534403576828474,43.76721034813223,-1.8188884685649276,0.39701139856924694,-0.05647973069213903,0.011578294444044897,41.884691878406315,-2.4400106156427515,1.3160824154696549,-0.10943516631301231,0.05458703876423121,55.93255196132965,6.028596809359854,0.4470099566979302,0.8673509301697476,0.06519731535859845,60.009999328575844,8.540128348633246,0.683122978967865,0.835475021452599,0.06919098708635994,56.42835899851079,5.208077544872647,0.36767793343708277,0.26557051781035773,0.018874397594880604
2002-01-01,53.94725554020786,4.621270997661919,0.7068198944389703,4.621270997661916,0.7068198944389634,55.15675331397434,4.717175314543853,0.46368239391718635,3.7320050350139575,0.36806839403699443,52.70586886296741,3.050837505769999,0.20646039044103226,1.0934956207659157,0.07325367374815754,42.30149678226303,5.007491765502681,0.6458607109034231,0.6016134204889257,0.07792905237519174,61.2271786850216,1.8915941816093351,-0.059947120273307064,0.4694733085343524,-0.01460121293283057,57.28454983887701,6.263866797269313,0.6963482591779258,2.7338177508639383,0.30871968604855715,62.831838745851535,5.6170985798591255,0.6385892549633398,1.3339088003965538,0.15319489086855356,42.278535759228596,13.177516456501115,1.2790683177975382,0.25631197072770134,0.02676137456683596,41.77930593765441,6.762614442381776,0.7395914220788669,0.9609465181015103,0.1072097691658913,47.58649624276645,4.109594828804042,2.031964584292445,0.8239365180782153,0.40013291462510886,43.57931076722083,1.2190570935674439,2.4296813434107944,0.08999491475138481,0.17061554544726668,46.24918075450802,6.456685821612762,5.670844421277366,0.1942748425957092,0.16546696385441043,41.61429922514591,-3.5686426506820412,-0.6455643843468306,-0.15996285851661438,-0.027034949744173205,56.85889691999953,7.019190159340627,1.656182180477539,1.011278907963231,0.24180139611504428,60.4171600218138,8.536431166620083,0.6784880816422145,0.8360015385873786,0.06895260841117982,57.548863551138204,6.523723859371233,1.9857117458563556,0.3331580004829145,0.10195693733827858
2002-02-01,54.1403486826108,4.861532839570071,0.3579295007120731,4.86153283957008,0.35792950071208895,55.56780258308187,4.775499086206669,0.7452383333146351,3.7993228247198525,0.5901376416710988,52.977504589596805,2.881510961716449,0.5153804168102072,1.0385071170373974,0.1819522446589792,42.57094492585361,4.877715219492718,0.6369707080992937,0.5897294999430106,0.07680986933232961,61.49727616310931,1.6973256933117131,0.4411398400001598,0.4233826885017128,0.10662955166404953,57.82997950644553,6.53321421557207,0.952140968380899,2.8675736413965542,0.42207917113867616,63.44069030587328,5.966266880064319,0.969017574807074,1.4240197546973568,0.23230576458138483,42.622580153294244,12.845082977650124,0.8137566448018552,0.25229815328028005,0.0171226128938963,42.16795268656907,6.889865469718481,0.9302374469662755,0.985697860930753,0.13488933593941071,46.76775622776844,5.337347072091925,-1.720530149606192,1.0380921155622498,-0.34326363528297416,40.15663656548833,-0.2275154934135437,-7.853897047648917,-0.015681149346109525,-0.5609464754124234,39.787843973591606,3.092656685297146,-13.970705373600833,0.08256095592148323,-0.42773835536478344,40.91466050657206,-2.986330998336162,-1.6812459457471451,-0.13065326609471384,-0.06946173595679718,59.200728457610516,10.531724827966183,4.118672124269218,1.5276761398581546,0.6069918082091356,68.96699309958044,23.331170942333767,14.151332294797857,2.2924266785701697,1.4377507685662172,57.99804958837913,6.3713165758698675,0.7805298133155558,0.32796448882484697,0.04058546458558364
2002-03-01,54.4132464703545,4.8798031514459606,0.5040562064783094,4.87980315144596,0.5040562064783151,55.819823506414245,4.757537999127637,0.45353768120588445,3.78443856313671,0.3605324352962948,53.0869083058704,2.6892604220655425,0.20650975753033762,0.9683277482541988,0.07302152689963701,42.80530018407684,4.771408611575323,0.5505051828927243,0.5778296007154332,0.0665678974534566,61.49485537594967,1.4490184724961885,-0.00393641362785857,0.3605607862454296,-0.0009522740908362734,58.220293463119695,6.674181062905582,0.674933589818516,2.931060632779712,0.30096608039110695,63.81537553409967,5.991875640019462,0.5906071110195699,1.4312670974998014,0.1424503243717536,42.65857892770341,12.922282113342076,0.08445939752987908,0.2526260253419542,0.001785219307310929,42.66154118280387,7.497159392601871,1.1705299043176298,1.0737803578464662,0.17070094056313992,47.13346200558915,5.5553038780664865,0.7819613496949707,1.081422651744421,0.15277838331388063,40.03055678508709,-0.9614477981930825,-0.3139699715528188,-0.06622553879945918,-0.020589680767625528,39.76927836035625,2.2131294709048177,-0.04666152116127309,0.05927345531021329,-0.0012246540504510463,40.689629366043434,-3.618036745527342,-0.5500012409793364,-0.15768461321825383,-0.022261925534355527,60.21031026261564,11.620786765198732,1.7053536861932672,1.6894489715051382,0.2607456079745099,72.00337229852654,27.92536562303671,4.402655621888463,2.748385141801955,0.508780300376655,58.39755055607698,6.325218174750158,0.6888179353153445,0.32638839894047283,0.03596751361641333
2002-04-01,54.65668254940623,4.830540997571897,0.4473838538274988,4.830540997571895,0.44738385382749096,56.002456787441766,4.606390303242192,0.32718355156844403,3.663388249512286,0.25995853177371664,53.16847615003668,2.382081357851762,0.15364964125677005,0.8573759402229556,0.05416942551904507,42.96383295690813,4.351855912681035,0.3703578111811989,0.5284855226657073,0.04480490944120235,61.50736278032909,1.2028045481583316,0.020338944295339445,0.29860741557416487,0.004895408785806185,58.50090809266299,6.666913809200858,0.4819876590300032,2.927701512330656,0.21529313934021352,64.1480037412808,6.036966160642332,0.5212352107892837,1.4418068085724984,0.12582656950139176,42.662143183441,12.924957089414457,0.008355308186969168,0.25144981003245465,0.00017586893252930579,42.86456133905615,7.295212803800677,0.4758856586599691,1.0466283523851787,0.06985965761725116,47.65497370491972,6.067145520339978,1.1064574447527953,1.1825171830445762,0.2167756784752733,41.01245299825156,0.18434980128234635,2.4528667398657333,0.012797593532861522,0.15954608982078813,41.6194111779377,5.601276676489952,4.652165927722085,0.15121104681407965,0.12142928601690206,40.89351453459818,-4.349807141855977,0.5010740371228284,-0.1910399961451785,0.020068834397731293,60.20702590843719,11.612615891414135,-0.005454803611093517,1.679983603536732,-0.000843998902121239,70.71204483895703,28.150430425913385,-1.7934263609427403,2.702702565713238,-0.21529159555450472,58.802382436874325,6.380426688013352,0.6932343513425199,0.3297168223922652,0.036264667307710545
2002-05-01,54.64287564893042,4.501181112437891,-0.02526113886134329,4.501181112437885,-0.02526113886134279,56.09059539464039,4.360245985536748,0.15738346539537762,3.4712220151139763,0.12489691388109586,53.13839946648768,2.0562029097415557,-0.05656863940228796,0.7398821825072774,-0.019885044265366296,43.0259186124139,3.880691231820843,0.14450678915924886,0.4727192072140817,0.017468643782429533,61.39622172666503,0.9580403659435355,-0.18069552755983764,0.23730047297085813,-0.043306955263083084,58.70426877674272,6.489271740612512,0.3476197049071761,2.856090462617426,0.15532746192446967,64.45973747778253,6.131070202419586,0.48596015202435616,1.4658443238577608,0.11739739395096022,42.67144598441886,12.678250801523227,0.02180575161885301,0.24652965210964495,0.00045697808139855524,42.832585440030435,6.1110330038186556,-0.07459751838538864,0.8832994546936358,-0.010953967016935507,47.169366633457365,5.283971805701682,-1.0190060631850129,1.0239931828143234,-0.20095224890869676,41.43526101215914,-0.7106057996709603,1.0309259334612353,-0.050142829390074785,0.06839512696333257,42.69075041300974,6.005221328060384,2.5741335707314184,0.16517654410911953,0.07000175283223355,40.73191225375706,-6.356518907192532,-0.3951782640359669,-0.2832079225043204,-0.015835995539789996,58.549206485677225,11.184941881231714,-2.753531498601469,1.5750449757248424,-0.42412169718977555,62.91246308642087,30.02573762219729,-11.030061102460397,2.520484484576198,-1.294563549672884,59.038082050887496,5.997705738614623,0.4008334428731608,0.31140258357944534,0.021019831615133742
2002-06-01,54.84633148963598,4.7858483981193745,0.37233736015784835,4.785848398119386,0.3723373601578442,56.21537004076228,4.342611334260771,0.22245199082664424,3.4620088673915514,0.17685673065676782,53.06752049789214,1.7783240897072172,-0.13338559178892595,0.6401464570428251,-0.046873105344241495,42.97397650321492,3.580543582848761,-0.12072283608139944,0.4364580988521732,-0.014618311789455028,61.30951309014101,0.6930544870678457,-0.1412279682454165,0.1717027263077135,-0.03379521550746249,59.0198463626853,6.707563636036573,0.5375717856954232,2.9590155115658483,0.24109995147976432,64.81418213329842,6.348219229313901,0.5498698402829572,1.5214746068882623,0.13351584388119508,42.71699328470835,12.550837681225246,0.10673952859747704,0.24434565222812238,0.0022379686677710484,43.097713661972755,6.432143286982317,0.6189872014929376,0.9317172089860589,0.0908477856059574,47.73423675796934,7.270403333762743,1.197535953580764,1.3980244287842767,0.23381167652608317,42.26170593703972,3.09956943706704,1.994544995476355,0.21462080023911673,0.13372283902664014,44.722233040361644,13.43608167276351,4.758601354388059,0.3614307687068231,0.13277146246308558,40.47289294625413,-5.536779588093188,-0.6359124656099113,-0.24274759660807804,-0.02538865792867007,58.84014453749323,11.286982680499014,0.4969120322530385,1.5942587419953282,0.07444979652630027,63.610014538727924,30.54224230360536,1.1087651286977085,2.579441738242013,0.11580785801016096,59.209452415081266,5.9651524242961385,0.2902708865881731,0.31039749107204745,0.01528677250879815
2002-07-01,53.96333602264897,3.0537631713925206,-1.6099444447872813,3.053763171392507,-1.609944444787282,57.23445215544161,6.010649066965024,1.8128175869702279,4.79980138241704,1.4390980595971854,55.81598818235612,7.082086902550122,5.179189942694151,2.54746362986497,1.8108519064664308,43.88023926847027,5.653708153452253,2.108864105669972,0.6895946455383283,0.2541076494728908,63.57615000137269,4.5327585260972025,3.697039491896037,1.1212330017025431,0.8801582868614188,58.13200232450455,4.6489664502662675,-1.5043143838850859,2.0588577244382686,-0.6757928903212572,65.12987717191182,6.424963571963249,0.48707709983000225,1.545576135304223,0.11847810298221044,43.302289182723484,13.935397616798785,1.3701711029007635,0.2715573251740645,0.02865185894872097,49.2658707264444,20.956203321179423,14.312028505387087,3.052021710029758,2.105715883216654,42.7520715169859,-3.060265753507685,-10.437299471750027,-0.5829491621405212,-2.054573488935646,42.51539266733978,6.0239839105453274,0.6002756506753304,0.40786473989170796,0.040895487035109264,45.81875889148507,18.601275071745206,2.4518584528948173,0.49010249822310903,0.07139971257053906,39.5789464759619,-5.436938162353034,-2.2087535760770605,-0.23275730277421766,-0.08729815848624209,42.80023604963371,-19.32556371152089,-27.26014460695081,-2.73781435492838,-4.089317558913991,35.26554239177464,-28.145244166994623,-44.5597636669242,-2.3930978911243557,-4.6883078122853465,54.61978766918502,-2.479601923667041,-7.751574383294257,-0.1292751950192446,-0.4078937104943496
2002-08-01,54.12724740629405,2.8793734081467903,0.3037458313850161,2.8793734081467734,0.30374583138501365,57.411514816471936,6.008580455275037,0.3093637736750754,4.790391725367756,0.2541306159266215,55.89123939238034,7.026735030005105,0.1348201697663587,2.5203293252189627,0.05039118617963538,43.95488464115358,5.619547645018219,0.17011158992688014,0.6835774912493889,0.02127234103438528,63.650151996236275,4.469511083486677,0.11639898745361421,1.1023225192192605,0.029205930461324803,58.402261154079405,4.689706804584293,0.4649054200235758,2.0759087467977455,0.20907669268046575,65.43484089789492,6.513765111926206,0.4682393691272324,1.5655455055609653,0.11632346076038523,43.91547524205343,13.65668591550504,1.4160592220482382,0.26928068082191053,0.030508326880040626,49.41482168831462,21.03479143827631,0.30234107237705476,3.056254517792313,0.05168166008205783,42.87105100580974,-4.127434875227753,0.2783011082318376,-0.7934389530671908,0.04986828644108961,42.55939932084372,3.588761064638124,0.10350757865100757,0.24777927721852397,0.007210157833165783,45.1850886199938,10.618879980513785,-1.3829930945794988,0.2944300515791962,-0.04193626187535833,40.04803089213965,-4.038599925058028,1.1851867165353802,-0.17158090169293874,0.046557898372366124,42.971521371539325,-19.323126949765566,0.40019714308814347,-2.7353819933171892,0.044383126640522456,35.495938716121245,-28.33856207694184,0.6533185333918112,-2.4203526849477655,0.03873219275528022,54.7051222579463,-2.5714149863709457,0.15623383466467633,-0.1337641599377716,0.007707968646680317
2002-09-01,54.283165740474715,2.586347507280773,0.28805886434664085,2.5863475072807756,0.2880588643466364,57.64448550095801,5.884851348042974,0.4057908683141598,4.689349750018572,0.3333604900572744,55.915799573115265,6.905959953883323,0.043942809288055606,2.4667262842612163,0.016396664113861856,44.006213557760915,5.566827184624601,0.11677636518985235,0.6744190959167585,0.014583351444224499,63.65391068712417,4.318113776164845,0.005905234740222198,1.0604989811932997,0.0014789281616320864,58.82695441470293,4.553459615659494,0.7271863318837557,2.0212887830266317,0.3275547843338642,65.74526772074364,6.475840811101552,0.4744060176338216,1.5554351313222146,0.11804870232846114,46.61212546578409,11.717154315863421,6.140546604283004,0.24805643626121,0.133762256060241,49.55982055216974,21.191286440961356,0.2934319277112962,3.0664224430310587,0.05015804382346842,42.76587253077063,-5.1807001924183975,-0.24533682420069258,-0.9987679331991235,-0.04395032232198911,42.07903518989824,0.8025332356985437,-1.1286910497118163,0.055976658801918974,-0.078465698799499,44.0913957137517,4.617969873624195,-2.4204730800464813,0.1313554893553877,-0.07216134612537038,39.96290467901111,-4.439994634225252,-0.21256029630472018,-0.18794417923431977,-0.008423421344785027,43.130029942122576,-19.14874358840337,0.3688688822831354,-2.6993189630569017,0.040948061124502534,35.63666039960422,-28.561518925013573,0.39644446258597643,-2.442675714697379,0.02358524588569224,54.892300808815264,-2.2346818160072,0.34215909432826486,-0.11557937488040788,0.01685597071928036
2002-10-01,54.45753523592247,2.4370522578456955,0.32122204567326396,2.437052257845699,0.3212220456732573,57.789522414136506,5.787379310070961,0.2516058768120777,4.606012137090241,0.20693891749255003,56.02295222528818,6.851467276108636,0.19163215583244408,2.4417886115580534,0.07133088976681747,44.214255100596,5.632026029887061,0.4727549271241305,0.6819328850076635,0.05893809367648271,63.68233346648431,4.217442755206369,0.04465205523640492,1.0324124992254664,0.011151358708438412,59.00609045651869,4.416522199059814,0.30451354077067894,1.9598897686681227,0.13776608799745543,66.01722152100102,6.4557571080985365,0.41364771896970076,1.550073466038358,0.10312118238745216,46.6125767812089,11.661521876768543,0.000968236098009001,0.24585486136547385,2.232235022923098e-05,49.63723759972535,20.697201026695545,0.15620929755812973,2.9978717383489912,0.02670320381352121,43.03901098884546,-5.666883769504672,0.6386832348113769,-1.0999998728233518,0.11380696000749692,42.182997247774956,-0.34567416513530125,0.2470637870082948,-0.024335065031899108,0.01693303936875379,44.25442104482154,1.8751521956549277,0.36974409276635534,0.05472038949971699,0.01072543947194468,40.027638229095196,-4.164454835792142,0.16198409651160262,-0.1752393965814671,0.006387124924337937,43.52118378617772,-19.15880618243473,0.9069176269528301,-2.7128891725882047,0.10075786827630115,36.235999732522636,-30.03439895800353,1.6818055513559749,-2.654416349078848,0.10016198921514449,54.97790691996756,-2.1820682252893464,0.1559528565771906,-0.11244775051692094,0.007686935391831796
2002-11-01,54.83941838766516,2.726194484463962,0.7012494232217614,2.7261944844639583,0.7012494232217528,57.904071327614844,5.773578119129619,0.19821744270085428,4.5855781898842105,0.162915267262466,56.07991798158847,6.7717552155915905,0.10168288895453514,2.407578642869355,0.037800345580563506,44.33834150108738,5.717325770163528,0.2806479498728587,0.6907577403489987,0.03504107263134966,63.68724576902137,4.056599648773518,0.00771376026860171,0.9905120331838747,0.0019211157595165553,59.17324440338463,4.458536007079705,0.28328253163818484,1.9750887028298745,0.12813954407320916,66.27243046916993,6.528325333841911,0.3865793535217543,1.5659426995893841,0.09646190530603567,46.6125767812089,11.661349276084199,0.0,0.24482869163656823,0.0,49.70754086295173,20.829475658921616,0.14163411709835483,3.0054396932117924,0.024171824699194645,44.324300125819946,-4.344524017818241,2.9863352048391523,-0.85293070424338,0.5338189570875397,43.461647606798905,3.0383060969481512,3.0311984506776524,0.2122523847586133,0.2075960289029794,47.90299485917851,9.884031507797197,8.244540835053837,0.28825426046686103,0.23927114539625516,39.790757840497406,-3.7489946817480413,-0.5917920693747192,-0.15549673456160326,-0.023297658686753743,44.80758627805952,-19.531866378641606,2.955807677939015,-2.8487626119943825,0.3303052121691235,38.33526504709376,-35.68214883598685,5.793314190492693,-3.6141122101536984,0.3497072831772578,55.06807590891393,-2.051822783189483,0.16400949762900296,-0.10532837432513686,0.00807073055387121
2002-12-01,55.039633414397144,2.7460320977485075,0.3650932716256161,2.7460320977485004,0.3650932716256048,57.99932410021066,5.64120121967302,0.16450099347398162,4.477952798301483,0.13452827639117812,56.09917050231595,6.657938255273521,0.03433050799717119,2.3622857427778476,0.012686290247297411,44.381658018058005,5.595085535539557,0.09769539298072338,0.6750986805387801,0.012147079513343083,63.687862724399146,3.956584398855023,0.0009687267369384855,0.9636981898547627,0.00023960028138157887,59.338336540137405,4.306550687264932,0.2789979464829395,1.9092701943337804,0.12567765489436844,66.46293742935899,6.454568163870755,0.28746034940980714,1.5484239012518277,0.07150492023502754,46.6125767812089,11.661349276084199,0.0,0.2439851973421994,0.0,49.8627423951411,20.2306305319369,0.3122293509092877,2.9325938141803665,0.05299014373211302,44.87908068941354,-3.773105123832121,1.2516397597227336,-0.7429969803886075,0.22881238815588112,45.21975357111392,6.285410833085225,4.045189405198668,0.44137014121430995,0.2834506289756192,51.98597441674028,18.778359423035006,8.523432761489325,0.5479251217399048,0.26589461273717174,40.0519511523951,-4.375681529022035,0.6564170326805341,-0.1832448212788374,0.0255099944971984,44.516048550958146,-20.41119707583624,-0.6506436773723867,-2.980019956435854,-0.07433587516505676,37.774846320150075,-37.05241335978108,-1.4618882281242307,-3.7655201590312495,-0.09270755497599205,55.17402196074693,-2.222884131358427,0.19239105431654302,-0.11413462128332523,0.009416848129711271
2003-01-01,55.16391695988346,2.2552795457199792,0.22580736421440317,2.2552795457199752,0.22580736421439218,58.224991501194935,5.562760682730827,0.3890862600301581,4.405026316730677,0.317557289723563,56.22224436442175,6.671696297421326,0.21938624226309766,2.3554059824626057,0.08080350142649054,44.67499960242229,5.610919236206469,0.6609522885443475,0.6765993598878257,0.0819613846746462,63.679376740534934,4.0050809267702325,-0.01332433449828807,0.968083008779243,-0.003283621409735396,59.65757019996114,4.142513762888367,0.5379888929104126,1.836354944839445,0.2421350523786429,66.75394120953689,6.242221367338718,0.43784369369350706,1.4964682221729242,0.10882809254526497,46.863905083797796,10.845619987130938,0.5391856017069818,0.2282074792509581,0.012260008569045428,50.223633694541284,20.21174734086777,0.7237694560404906,2.9308099624198958,0.12277015736042995,44.66003529344143,-6.149771847869268,-0.4880790617972308,-1.2269433587918674,-0.090013932064649,44.24325579293002,1.523532644322101,-2.159449579149586,0.10881480388950164,-0.15686315462014583,48.78780143446174,5.489006807339569,-6.151991990456329,0.168055848403622,-0.2075160013077134,40.4916873267392,-2.697659024204735,1.097914487788465,-0.11145548294988276,0.0427915299113649,44.82937244750401,-21.156802407582877,0.7038448082093307,-3.1179966168296867,0.07960026645867678,38.08015176441079,-36.97129797120249,0.8082241862036543,-3.756219624107576,0.050321588773035525,55.50350249883427,-3.554129353894908,0.5971660690637259,-0.18480522917164507,0.029178829305727495
2003-02-01,55.30466010116615,2.150542888781426,0.25513623585693423,2.1505428887814086,0.25513623585693584,58.52833840528841,5.327789987340448,0.5209908945839059,4.235240374682532,0.4259055143996636,56.467913863918845,6.588474299349034,0.43696138828026587,2.3296741956942078,0.16092963594497883,44.97092227431959,5.6375947319141195,0.6623898702424524,0.6817062575618531,0.08249627323414045,63.88146751975545,3.8769056215149034,0.31735671667130205,0.9378782630620456,0.07802213175256686,60.01222766045694,3.7735585809228533,0.5944886110966996,1.6827035316644672,0.268397535591635,67.11162010902407,5.786396373450153,0.5358169016035363,1.3956385301872865,0.13346154372163577,47.28034483623718,10.927927559033378,0.8886151328933112,0.2309837370125653,0.020268517854720565,50.55098800008301,19.88010984508626,0.651793351975849,2.8991599757829976,0.11111044694555634,44.250289808739886,-5.382910411113118,-0.9174768492888341,-1.05170460209333,-0.16800036181883968,42.792435652317685,6.5637944615476895,-3.2791893693415175,0.43044381575463037,-0.23253251979073042,44.23920758026475,11.187747719196972,-9.323219576326414,0.29362781621248846,-0.29447419078714887,41.01738623821315,0.2510731614761452,1.2982884788967475,0.010162471660072869,0.051041465408047916,45.15163783491101,-23.731279983757425,0.7188710655817943,-3.628471370763428,0.0816874054675994,38.481734405805994,-44.20267917111773,1.0545720612660903,-5.108156148830822,0.06604123165461918,55.711671225735216,-3.9421642259880874,0.3750551181978423,-0.20584517070022149,0.0183939084112232
2003-03-01,55.63910905770735,2.2528752957622578,0.6047391954482784,2.2528752957622604,0.6047391954482865,58.780818555807954,5.304558243638047,0.431381032502931,4.21465310867208,0.35358538451909,56.66036413442302,6.731331589256362,0.3408134944881347,2.37314166297889,0.1257467247775092,45.23650814377594,5.679689078791905,0.5905724321958461,0.6871137779377354,0.07385066720079742,64.01424140825544,4.096905370219139,0.2078441426833777,0.9860898507193415,0.05113018412181086,60.318574053697006,3.604036437752578,0.5104732904989806,1.6098427095453123,0.23124671067205504,67.45197256046863,5.698621994985742,0.5071438461650146,1.3756516092388922,0.1266732971552888,47.32373258804087,10.936026885105177,0.09176699525770271,0.23018987826107004,0.002106348985553721,50.84919104067421,19.192109874292672,0.5899054645394974,2.817387329019637,0.10095835673092914,44.861154490021875,-4.821007027444379,1.3804761142182098,-0.9445253175026697,0.2498241538449393,43.87031025555363,9.592056116234172,2.518843778824653,0.6239128370954624,0.17231843020477264,46.46998249932915,16.848945757216583,5.042529107278937,0.4397855719729479,0.14405196880935497,41.348776894915794,1.6199398695492473,0.8079272891208911,0.06488124023136654,0.0320936923368666,45.43295513754848,-24.542898152515193,0.6230500511765769,-3.797419773912415,0.07112646953642554,38.885684732481074,-45.99463401344492,1.049719647288394,-5.521418865782016,0.06626154598171587,55.8136838771316,-4.424614824322449,0.18310822337934685,-0.23146167563403833,0.008990957347083368
2003-04-01,55.73880458091314,1.9798531140793996,0.1791824579764345,1.9798531140794042,0.17918245797643603,58.932107182190336,5.231289059099864,0.25737754270764857,4.151464434082378,0.21059832120771113,56.74257550039212,6.722215134151388,0.14509501875783481,2.3629973588953814,0.05339389227704889,45.40955309018156,5.692509175627891,0.3825338283309332,0.6881366307825092,0.04782885011586203,64.02589327097812,4.094681314241755,0.01820198516195859,0.9813645245521438,0.004460069250331078,60.53286658024317,3.4733793950029845,0.3552678920350383,1.5520156024256817,0.16078716511312868,67.66736812738311,5.4863194189120446,0.3193317537472762,1.325375340919971,0.0796846213122912,47.374628530945394,11.046058626828458,0.10754845427680682,0.2314896898094076,0.0024559974172712446,51.08555019351763,19.17898748440219,0.46482382119779064,2.816259855147221,0.07953974436742257,44.7860360978313,-6.020227027829083,-0.16744640891326323,-1.1872138978269522,-0.03053635904904211,43.85368817339864,6.927737717293336,-0.03788913745575995,0.45960964349022687,-0.0026413775075036557,45.78900804973208,10.018394671582165,-1.4654071574201621,0.2724432001314498,-0.04370949844401027,41.75008360896358,2.0946330588452966,0.9705407128913768,0.08393832049009547,0.03863112996602841,45.31697709912226,-24.73141395816446,-0.2552729358570205,-3.8093369431826356,-0.029146883652729227,38.628774839871696,-45.37171859780508,-0.6606798732665342,-5.325135784572562,-0.04188861380741384,55.90653596433635,-4.924709429327512,0.16636079318677055,-0.2582533089452852,0.008134392667403003
2003-05-01,55.653087089304485,1.8487523366531367,-0.15378423030982802,1.848752336653131,-0.15378423030982832,59.106227668935134,5.376359892558558,0.29545946186260164,4.274384912891457,0.2419474306418634,56.82823222996701,6.943816149009852,0.15095671780758213,2.440130313014945,0.05553205208491332,45.5353381218496,5.832343829869258,0.27700125437974954,0.7062377205157744,0.034704236909258605,64.07925891697752,4.370036322849513,0.08335009989404174,1.04572997219286,0.020390624659932813,60.78781664431032,3.5492271873643455,0.4211762608816505,1.5918218281437901,0.19095102549550633,67.90164010749177,5.339616269606395,0.3462111599606521,1.2965311424816728,0.08651284963284445,47.38780075523198,11.052718420967643,0.027804385374707863,0.23173830580703525,0.0006344923276929283,51.406258655266754,20.01670720353841,0.6277870367143779,2.9378208792980853,0.1077319948668803,43.82147982326632,-7.097586949188283,-2.1536986940705938,-1.3857610695672966,-0.3914002123286685,43.710145946993514,5.490215046954372,-0.32732076225278073,0.3680875310462348,-0.0227691724139212,45.749532975910384,7.164977268632189,-0.08621080801494152,0.1999126297044886,-0.0025292425150223834,41.544031525901424,1.9938157263153178,-0.49353693514021524,0.07960263115721825,-0.01979978671010014,43.77869516340634,-25.22751751705493,-3.394493706743107,-3.7797103392577873,-0.3859000414006663,35.99184770502734,-42.790591976050166,-6.826328677974491,-4.469374686732429,-0.4291763750603758,55.987731251297944,-5.1667511775879245,0.1452339794641988,-0.27210083239731997,0.0071004651517918346
2003-06-01,55.717057769756096,1.5875743308094492,0.11494543033876425,1.5875743308094474,0.11494543033877605,59.20012523911593,5.309500224208019,0.15886239721933926,4.21492571839998,0.13067541453809162,56.79594300404657,7.025808764331698,-0.056818987065743176,2.456503688053671,-0.02096564644273152,45.57511086683535,6.0528128306344575,0.08734478896219589,0.7293338802422465,0.010990247986984489,63.9932044107113,4.37728369596504,-0.13429385376899639,1.0421047779966073,-0.032931443452914606,60.99814212814697,3.3519161559736332,0.3459994048928161,1.5058029966513824,0.15777099220923702,68.14380137793097,5.137176980471314,0.3566353773720943,1.2495824245125804,0.08956397209757601,47.41137234963939,10.989488500848022,0.04974190410136359,0.22980288649956676,0.0011371679425519676,51.60032900982295,19.72869237226491,0.3775228146005283,2.902664766754524,0.06529228577032872,43.784032181659214,-8.275411621933248,-0.08545499092713627,-1.6290077116665487,-0.015219008115406949,43.57060435879188,3.097126329216615,-0.31924301595984694,0.2110005453329305,-0.022168669039382468,45.413957947098545,1.5467137030313882,-0.7335048184831439,0.045041308846751955,-0.021534041675655976,41.530533643535755,2.6132075576760005,-0.03249054525980011,0.10328368451704781,-0.0012990250681351246,43.8130252963686,-25.538889068413617,0.07841744216934288,-3.831110546493251,0.008625469842042799,36.00540548283793,-43.39664006692433,0.03766902416819651,-4.565931008375577,0.0022100117401133144,56.05352863625127,-5.330101276238364,0.11752107735532036,-0.2804739630133796,0.005762792776806733
2003-07-01,55.78847270162707,3.382179111780781,0.12817426965738843,3.382179111780772,0.12817426965738876,59.25220452105964,3.5254157061520797,0.08797157393394262,2.8959953977766775,0.07239450536203693,56.712949581724246,1.6069972575557756,-0.1461256173110992,0.6006408250040776,-0.05382640597400019,45.5535993726407,3.8134707833573867,-0.047200091860466475,0.4768719818744298,-0.005937362827680997,63.86559745343948,0.45527678549353023,-0.19940704399303844,0.11423451722961103,-0.04877671949168407,61.17520252158136,5.234982583412595,0.29027178083951277,2.3542699173612545,0.132665430321123,68.31271832053224,4.886914096612283,0.2478830637352436,1.2140430677929404,0.062402639055913624,47.47385708476773,9.63359670072268,0.13179271561163386,0.20755128923987737,0.0030109993845006374,51.804415642377165,5.152745457455521,0.39551420789460945,0.8808013979969291,0.06858329056614591,43.92067095559113,2.7334334855351416,0.312074441579524,0.48979914198104757,0.05546728623671981,43.83912243035208,3.113530606126047,0.616282641730237,0.2168831247057906,0.042609904680989706,46.71329504835288,1.9523360704430948,2.8610963677024204,0.059200351064445426,0.08328347495478759,41.14567703040897,3.958494841186888,-0.9266835250182015,0.15550224952087816,-0.03699575815021126,43.85670191085714,2.468364566957737,0.09968865238840774,0.27374942340889247,0.010961180465913399,36.007652969442866,2.1043503866293056,0.006242081084217865,0.12475706815850143,0.00036593526608280153,56.15963336504839,2.8192084985568577,0.18929179193278856,0.13908876244360976,0.009282398187448096
2003-08-01,55.92553787836305,3.322338670892555,0.2456872721163128,3.3223386708925733,0.245687272116321,59.436771221232924,3.527613600224888,0.3114933894277083,2.8979631882529393,0.25623453776869304,56.805732140700684,1.636200517759523,0.16360030585738095,0.6105260621087196,0.06009824060709102,45.601080374567616,3.74519407081495,0.1042310653402101,0.46771006506946416,0.013088400893935453,63.99053480276491,0.5347713962234657,0.19562542950688488,0.13393006589934034,0.047695150698923224,61.443604017060196,5.207577245951134,0.4387423080195685,2.3457080625824065,0.20084682886560734,68.54354318088069,4.750836466213193,0.33789441559826106,1.1821731996749143,0.08516399558663339,48.646420066392224,10.77284214337373,2.4699130292506144,0.23466960877284468,0.056430853042964135,51.947272296371736,5.124880595604742,0.27576153928798863,0.8760259577386472,0.04794550915652871,43.89666445997976,2.39232169519481,-0.054658763377368746,0.428567174716871,-0.009732746960499418,43.52015569649549,2.2574481571248084,-0.7275846690666166,0.15693598987753726,-0.05055057933281317,45.62649843970211,0.9768926723162208,-2.326525259084866,0.029124013332548538,-0.06957111684892853,41.31579818772377,3.165617053678793,0.4134605858814089,0.12544829266302762,0.016332588091189773,44.039836673222,2.4861007187663375,0.41757531776351886,0.2759815454304845,0.045901074546361526,36.27543187369364,2.1960066017872926,0.74367219790199,0.13064466919758094,0.04354388920579862,56.21886043726484,2.7670867312588054,0.10546199942484957,0.13631650800156103,0.0051747505819079095
2003-09-01,56.18947877645271,3.5117941446008993,0.47195057589561884,3.5117941446009,0.4719505758956124,59.626523681643185,3.438382984010202,0.3192509561193546,2.8279754894887783,0.26278830779952844,56.893967450176156,1.7493586509155445,0.15532817930579146,0.6511605974948459,0.05701276808090627,45.672076695050464,3.7855180044131798,0.1556899965958758,0.4719384229696899,0.019522564109124858,64.089805357393,0.6847885158405731,0.15513318482813787,0.17101838513655096,0.037803907189234695,61.72618661738457,4.928407787769173,0.45990564004987355,2.2296790456634707,0.21094040103627748,68.77673404216539,4.6109270317341355,0.340208355832039,1.1494908000435795,0.08582607980251102,50.4005368501848,8.127523356946288,3.6058496830775555,0.18737725565370733,0.08421185665660463,52.01415293606123,4.952262450805089,0.12874716367767824,0.8465646771933142,0.022391448132925137,44.41088795646654,3.8465611206980554,1.1714409347789667,0.6854186923490584,0.20796626109657748,44.37655870344506,5.460019468550881,1.967830751622368,0.3742139863339426,0.13539207108130946,47.31261096390038,7.305768388601974,3.6954677256826107,0.21192380941569686,0.10767169685426543,41.63334573239158,4.179979075089113,0.7685862517407882,0.1648189489503493,0.03041163308855992,44.31241593173812,2.741444861508846,0.6189379414339724,0.3045724683626831,0.0681520888473816,36.67303000131419,2.9081557870149988,1.0960534639668396,0.17319877933575833,0.06449551115267144,56.30845674400276,2.579880810825985,0.15937054938690576,0.12716264098458385,0.007808966643212005
2003-10-01,56.373299307408125,3.517904479492384,0.3271440400554937,3.517904479492375,0.3271440400555086,59.75105967737603,3.394278376593207,0.20886006435283377,2.7897634100771964,0.17165983320513212,56.99890475855054,1.7420583787475241,0.18444364680012537,0.647605604199715,0.06748617297059491,45.838365413153355,3.6732730402495584,0.3640927458000043,0.45863662092125196,0.04551127139982233,64.14596384287964,0.7280360991158252,0.08762467786174177,0.18131774579537094,0.021285643941879394,61.868000780404614,4.850194787934403,0.22974716371042536,2.193928955654702,0.10536324132137309,69.01823134444156,4.545798436073034,0.35113226244229967,1.1342984934039506,0.0884657572879609,50.39484734052955,8.11427048342328,-0.011288589389757409,0.18647452921124724,-0.0002718596437868787,52.04006189853349,4.8407695814672635,0.049811370578511927,0.8261444073618032,0.00863350115936442,44.79478379991393,4.079491537395041,0.8644183017094909,0.7292248754965043,0.1545288394809589,44.854132190505744,6.332254977144092,1.0761841409383743,0.43367368011235474,0.07514678810929162,48.22375211199742,8.969343567178711,1.9257891913685432,0.26030620160757134,0.05791030197573289,41.82873035413198,4.499621273501986,0.4692983912373494,0.1771410028533608,0.018624152870454935,44.62948642756657,2.546582020456989,0.7155342112623364,0.2845751165920319,0.0789036990340912,37.173520401311485,2.5872631518633282,1.36473697422701,0.15617740346062703,0.08080459843391816,56.35595905790721,2.506556206196975,0.08436088760237492,0.12334492849987717,0.004120722710813064
2003-11-01,56.77028523452884,3.520946982358919,0.7042091415581764,3.520946982358919,0.7042091415581627,59.90636594915024,3.4579513592518207,0.25992220491617424,2.8278992508226253,0.2133753926958009,57.163038312348846,1.9313871520211023,0.287959136221283,0.7137132369978185,0.10521164322655706,46.09987140744655,3.9729269222124053,0.5704958977838182,0.4939788638173906,0.07133774570898004,64.23273403962673,0.8565110078456284,0.13526992432388862,0.21184537461573155,0.03278110121927226,62.0139775652706,4.800705437952102,0.23594876676897858,2.1625298999014726,0.10810228175765083,69.17461538752559,4.379173809998949,0.22658367222361253,1.0893066630656805,0.057100104524758596,50.42251507038936,8.173627274595074,0.05490190231720593,0.18653056661229792,0.001317725595789974,52.18892693428534,4.99197109383267,0.286058529373201,0.8472146036187155,0.04944372544517008,46.00834216850758,3.799365219320494,2.7091510788717965,0.6945623311788209,0.4868984062665359,45.56788632003946,4.846200798220712,1.5912784278207415,0.33957833040708757,0.11194389112082051,49.25156395464109,2.8152083171981257,2.1313394284555587,0.08782244738973735,0.06511264493144177,42.330638378323435,6.383091641549599,1.1999121654953093,0.24806277799663543,0.0476861036790302,46.190579870549264,3.0865166088335894,3.4978969464870335,0.35263373995381553,0.38721482975713356,39.71117346835893,3.5891454502138043,6.82650725476599,0.2276103553891203,0.40837027520573244,56.48012671371322,2.564191287770634,0.2203274647112785,0.12550791417119012,0.010736152171249777
2003-12-01,56.977608583376295,3.521053918342809,0.36519694764780564,3.5210539183428216,0.3651969476478142,60.047271938681696,3.5309856972343567,0.2352103775599801,2.881855164917702,0.19223708398385994,57.28642060370841,2.1163416335067575,0.21584278058381923,0.7794828537922776,0.07853651735651333,46.38821803286928,4.521147033296624,0.6254824940274295,0.560644811417111,0.07810970238810197,64.2285602502034,0.848980484938,-0.006497916499648149,0.20922099314945067,-0.0015657984816914298,62.170116080215166,4.772259731551953,0.25177955208601777,2.1478721499483564,0.11481892806109005,69.32525667170856,4.30663968981484,0.2177696013762498,1.0704353847571315,0.054618636267848054,50.42305249161334,8.17478022785596,0.0010658358140736013,0.185878249208222,2.5416669732802303e-05,52.37676106678393,5.041878065430683,0.35991185014228044,0.8552338846562019,0.061950579093978254,46.43980919320837,3.4776302897019606,0.9378017210890155,0.641361617707031,0.17190070993791606,46.483070010355526,2.793726943369723,2.0083961847350285,0.20293727888606536,0.14253201125620912,50.742311279786435,-2.392305137889972,3.026802004740947,-0.08069607322196808,0.09377954802539676,42.86552622742746,7.024814008003966,1.2635950450913258,0.27379412703696193,0.05046413213583268,46.28126578305077,3.9653502266086216,0.19632988534816764,0.4484553000299338,0.022336508418590435,39.83189895118118,5.445561878921046,0.30400885261787636,0.33905113233042244,0.01929182007987444,56.527182043956124,2.4525311643437853,0.08331307484741313,0.11983599189345144,0.004040186181907828
2004-01-01,57.251599287386334,3.784507051993957,0.48087434840144994,3.784507051993955,0.4808743484014467,60.26716868181647,3.507389400957872,0.36620605072503754,2.867260258373529,0.29891201478500534,57.47897034552376,2.2352824852671427,0.3361175995745258,0.8232379478744998,0.12211769744900262,46.78828745028843,4.730358962894221,0.8624375636409942,0.5891348932550015,0.1079797512251337,64.25980147259328,0.9114799198228996,0.04864070168812962,0.2240872893448061,0.011677508999053001,62.41378426349112,4.6200575288126045,0.39193779686941266,2.085846611489027,0.1785332569354034,69.52201990709257,4.146689539823334,0.28382619095921324,1.0328595191061725,0.07108167562559808,50.59190491224285,7.954949169897363,0.33487147700468345,0.18144528864648335,0.007956608360641066,52.69185789945991,4.914467598920247,0.6015966361001546,0.8377635177778222,0.10354562491649914,46.89607311598987,5.006798153777581,0.9824844905870656,0.9168012272359105,0.18111859863640256,46.643938373077205,5.426098367134191,0.3460794708392667,0.38477324235637295,0.024962704869014106,49.23758545332595,0.9219190159007518,-2.965426265594462,0.02911884182884693,-0.09431447041168013,44.07008436687721,8.837362126361592,2.810085972253895,0.3474358130747573,0.11323083292164157,46.9436510474305,4.716279716835992,1.4312168286078064,0.5359245516662989,0.16255599110503266,39.99287775629816,5.022894876366979,0.40414544462032964,0.31455239171489047,0.025630661221086037,57.946906937286855,4.402252701987419,2.5115791058304193,0.21590062120070153,0.12145449969453526
2004-02-01,57.59332705031709,4.138289512971238,0.5968877152503271,4.138289512971236,0.5968877152503389,60.54290147138193,3.4420301703140366,0.4575174105510227,2.8212913169484777,0.3730178236037546,57.72575234446576,2.2275278020331246,0.4293431101122902,0.8218698202581085,0.15576351484779008,47.10690053103007,4.749687461780661,0.680967605578986,0.593945075870806,0.08558293283127642,64.44666090687544,0.8847532924086465,0.2907874440941871,0.21765154485081817,0.06951104482411258,62.71436828158802,4.502650087278082,0.48159877123927775,2.0397208656549637,0.21918093871393635,69.85673040898727,4.0903651193395785,0.4814453065978386,1.021682586023382,0.12033712610752516,50.87993273704694,7.613286056346458,0.5693160305066725,0.17474950897633976,0.013507399034939431,52.937466575866566,4.720933596351551,0.4661226348770864,0.8079560654613547,0.08032449706594544,47.46015536997146,7.25388596347134,1.2028347290111485,1.3127325451322303,0.2228465683843663,47.15278630805524,10.189536045960956,1.090919748045427,0.6970836662106359,0.07858245841011485,49.17150236236748,11.149148124215147,-0.1342126961548784,0.3185022245130841,-0.0041221889833953146,44.930023683252834,9.538973113295413,1.951299455695965,0.37892131189287376,0.08044912691675539,47.544953362148505,5.300617302052779,1.2809023186340251,0.6051106076417891,0.14685941302764954,40.323168417258934,4.785215739067916,0.8258737042466491,0.3020575956120683,0.052336418483107335,58.96080444089844,5.83205124469921,1.7497008161434513,0.2863646592128332,0.08632171504250918
2004-03-01,57.80284595044146,3.8888776786305757,0.36379023552730594,3.8888776786305783,0.36379023552730755,60.79352011483932,3.424078821087617,0.4139521518899292,2.8017411457805905,0.337031116850659,57.90266122747464,2.1925328437783165,0.3064644042284792,0.8068358478245385,0.1109985630638419,47.35606134652005,4.685492514160239,0.5289263625524621,0.5858350362281946,0.06653018977644794,64.56491431464309,0.8602349950157073,0.18349035637164057,0.2107851212485327,0.04372883497401432,63.031563226281364,4.497767420975829,0.5057771502522845,2.035599864694597,0.2299209839875137,70.30571341607963,4.230774501149992,0.6427197557969055,1.0557285958121128,0.16046327661223683,50.93741075037947,7.636080175239202,0.11296794284219036,0.17437901190281727,0.0026795044922410223,53.10931566159565,4.444760230528688,0.3246265770629586,0.7605786889314742,0.05586849747325364,47.5300665515668,5.9492719077003375,0.14730499942605668,1.0849387827005081,0.027455263201020368,46.831830384988805,6.750624994862586,-0.6806722321128333,0.47060847040514103,-0.04927180191171812,46.74383169447072,0.5893034178472645,-4.937149672601282,0.017577474420687512,-0.15053683341526683,45.939779921449144,11.103116878646668,2.247397520452865,0.44194534600116925,0.093904310923707,47.889077410954194,5.4060367985524715,0.7237866996829379,0.6172574662518836,0.0835486413198086,40.626580731871876,4.476958580946988,0.7524515719431246,0.28384940516179735,0.047792127538551415,59.370300505226375,6.372302240297056,0.6945225191735682,0.3115806773039215,0.03465701817080094
2004-04-01,57.88562385396746,3.851570354254541,0.14320731473493886,3.8515703542545277,0.14320731473493695,60.98862880720494,3.4896454977535463,0.3209366590338325,2.857619643350626,0.2614304610494277,58.00667578854065,2.2277809510775404,0.1796369266299891,0.8195279389069545,0.06502566508916821,47.553198938999465,4.720693561023848,0.4162879827291688,0.5914343892941043,0.052448299640294245,64.59614324577028,0.890655242213767,0.048368268522747115,0.21788836208321039,0.011506263302614249,63.309789144458485,4.587462515977481,0.44140729491080055,2.07984341286096,0.20094300034165935,70.66282704333818,4.426740685874098,0.5079439634515959,1.1061744842775754,0.12716720341985693,51.04735177301207,7.7525109028931505,0.21583551463062456,0.1769112541761819,0.005106642542348798,53.30006354930055,4.334911432673438,0.35916088416638736,0.7438966224236075,0.06178775971667074,47.23259172736896,5.462764385294938,-0.6258666267068946,0.992769855037034,-0.11639977251297778,45.85186338597749,4.556458751378023,-2.0925233777013164,0.3169575745608392,-0.14989510374795068,44.73755718165413,-2.296295361838707,-4.292062588985212,-0.06736844242550612,-0.12395564433720989,45.62474374223832,9.280604488281474,-0.6857590083136911,0.37232064375601437,-0.02919122785395988,48.071562994645966,6.078485529823774,0.38105888348149985,0.691027298990916,0.044144426054721575,40.43924036046001,4.686831327406216,-0.46112758700584955,0.29466458099296283,-0.029402041315460502,60.10729250013771,7.513891646731774,1.2413479275660055,0.36735291554210453,0.062148003069998625
2004-05-01,57.80192134282159,3.8611231935237633,-0.14459982560960372,3.8611231935237535,-0.14459982560959422,61.14197112636838,3.444211443903722,0.25142772048243334,2.8331044102750402,0.20517294926617682,58.14416852359954,2.315638269913678,0.23702915774748146,0.8544477077723421,0.08583193765432703,47.777447700630006,4.923889162260453,0.4715745031542484,0.6195534226671185,0.05957588759497394,64.66490589704398,0.9139415623161895,0.10645008791325683,0.2241161008786973,0.02529928834495147,63.47671919666882,4.423423476602495,0.26367178672705993,2.0170205526260863,0.12038942242481329,70.92050801333102,4.44594254433357,0.3646626957548582,1.1165361017246112,0.09162828285129872,51.12944388980206,7.895794012253199,0.1608156230219926,0.18050864746617043,0.003807637929830266,53.350992131907454,3.783067524291539,0.09555069772064773,0.6542786722594595,0.016473383333693366,46.347157465307056,5.7635608204626765,-1.8746256126970895,1.0264547213521535,-0.34596864571296304,45.42162548646038,3.9155200752299946,-0.938321515737317,0.2718990371765965,-0.06571479603717889,44.26637662451226,-3.2419049002731515,-1.0532102931518406,-0.0951749919998646,-0.02906978474904655,45.22894451275055,8.86989743533122,-0.8675100329853414,0.3546329871704153,-0.036622280024950916,46.86900472818736,7.058934838615616,-2.501600096906642,0.7764424327426229,-0.2904905074028979,38.35971944074453,6.578911299923185,-5.142334280217497,0.3859795025501049,-0.32590265891585385,60.19777491845351,7.519582546145709,0.15053484286551289,0.36873211986062615,0.007619160298577512
2004-06-01,57.864693049196184,3.854538206800018,0.10859795819293527,3.854538206800017,0.10859795819293781,61.28518673650553,3.5220558891857268,0.23423453234954206,2.898407775976847,0.19190083970071606,58.28810776236218,2.6272382839198416,0.24755576082271524,0.9677618275489329,0.08998638610622832,47.9923165464278,5.3037845297956965,0.4497285981958532,0.6671701658192974,0.05716659990930908,64.75193774232383,1.18564672389736,0.1345889923947574,0.29001963275577475,0.03206729497527493,63.61821490133518,4.295332090088699,0.22290960600526155,1.9631328903404224,0.10219402429793412,71.08679333596885,4.31879627864582,0.23446719051500864,1.0872234725169152,0.05921470392200002,51.209602572472136,8.011221853740814,0.15677597206580351,0.1830282042430254,0.003723344363617015,53.46482259439824,3.6133366208195294,0.21336147265893501,0.6265628653345219,0.036872973302950855,46.137607885026746,5.375420184241109,-0.4521303824019163,0.9554129729203116,-0.08199656461959341,44.606683118074976,2.3779306588251004,-1.7941726207670095,0.1644105996983301,-0.12465503940783113,41.783097654459155,-7.995031608715708,-5.609853707063984,-0.23272687430725048,-0.15342933716719592,45.47915545491359,9.507756016981595,0.55320977497606,0.3795758019422647,0.02318489729583456,47.085045739939986,7.468145423508532,0.4609464463893209,0.8211535392597028,0.05226253400651789,38.70743416268412,7.504508402590049,0.9064579381940607,0.4399437050048903,0.054572786849467834,60.220143273116264,7.4332780437489365,0.03715810873916592,0.3645094482733231,0.0018862766771706957
2004-07-01,57.98261451437074,3.9329662679216337,0.20378828428986306,3.9329662679216475,0.20378828428986392,61.35311367031419,3.5457063011180123,0.11083744282400776,2.9166988641387777,0.09091952323081111,58.320318142956744,2.834217886897683,0.05526063862955066,1.0411441935090417,0.020115094932703966,48.146747658282514,5.692521164857167,0.32178299146139455,0.7148156728482987,0.04104236050283574,64.69098611923164,1.2923838478046124,-0.09413096382496766,0.31509422132525294,-0.02243355139560399,63.718793516337094,4.1578791567684625,0.1580971977253709,1.903387998328394,0.07256321512367372,71.24299548990327,4.289504562857216,0.21973442126750342,1.0811405302842985,0.05556371613443891,51.3433429709315,8.150772074943369,0.2611627346064571,0.18622316482430099,0.006205458382944977,53.47842337404721,3.2313997000299466,0.025438744559469484,0.5618299937917861,0.00440090591473991,46.42435187490409,5.700461456621353,0.6214973056078321,1.0150458130993656,0.1120809508984755,45.087878612900234,2.8484972173703493,1.0787520191795519,0.19790574305351905,0.07352467556583661,42.53921829937512,-8.935521985030558,1.809632811738826,-0.26720287763875594,0.04666621904365837,45.777806876097024,11.25787732758572,0.656677588218435,0.4447105224809483,0.027643439900127596,47.2344848556773,7.70186265188344,0.31738126912459474,0.8466107949659781,0.036111636547647145,38.86771545427765,7.942929485745487,0.4140839997812229,0.46507862264114597,0.025128380984445677,60.355394352476395,7.471133153870069,0.22459441643425393,0.36658939567187554,0.011393068681296904
2004-08-01,58.29117950107434,4.2299845695834115,0.5321681150254554,4.22998456958341,0.5321681150254491,61.49431221814467,3.4617307680682385,0.23014080196357423,2.8494898861260576,0.18860848560898755,58.47267813857045,2.9344679402088403,0.2612468526667522,1.0770881424330898,0.09495395113824535,48.37711671645521,6.087654764065276,0.47847273051073724,0.76335431308519,0.06109948344544419,64.78089372176676,1.2351184771903112,0.13898010824786589,0.30098205184879234,0.03302364692135524,63.84859947948031,3.914151034747815,0.20371691926328594,1.7952651959143546,0.09345905156624369,71.3595120200742,4.108291909804551,0.16354805040090792,1.036419544842048,0.041362584553746334,52.10242330814778,7.104332111260869,1.4784396443489056,0.16591623333665934,0.035149152318844905,53.50478420064051,2.9982554144186713,0.04929245278777472,0.5214505600240152,0.008512422345677607,47.29831418030443,7.749221409353146,1.8825514414403388,1.3757216049623544,0.3409149478830916,46.971161505984185,7.929672479932304,4.176916171312439,0.545582885707708,0.2871725899374477,45.302578979643954,-0.7099371442808255,6.496030700003308,-0.020684834142467648,0.17020211487720366,47.069801465348284,13.926883976633931,2.822316483505194,0.5510627917231856,0.1193449517781575,47.397447811155814,7.624031766619566,0.34500843181932694,0.8394923877668765,0.03929955505079735,39.086267212370636,7.748592348849104,0.5622963828426641,0.45595351019101993,0.03419415203196069,60.43755322589811,7.504052476020839,0.13612515385434953,0.3676896120367761,0.006906695519467903
2004-09-01,58.662597387880446,4.401390910328473,0.637176825010477,4.401390910328473,0.6371768250104831,61.72305912514038,3.5161121495040915,0.37198059258594096,2.8898546353732977,0.3039353252800972,58.65951163304412,3.10321860470375,0.3195227248372401,1.135438119750156,0.11582219132199768,48.664420746350494,6.55180203711716,0.5938841530784167,0.8189694634370457,0.07579665859716127,64.88750583751843,1.2446604817678786,0.16457339444801988,0.3023508957743692,0.038952032926321746,64.11457227667692,3.869323200049579,0.4165679425467861,1.7744916955365062,0.19048417329678125,71.53420759051993,4.009311559725992,0.24481048917006643,1.0101230256300706,0.061687471501374616,54.10638325652625,7.352791533465308,3.8461933651847913,0.17707502843021564,0.09230199808998125,53.56410101651722,2.979858351939857,0.11086263922546191,0.5164806797608784,0.01905315585943655,48.15141272651647,8.422539926957896,1.8036552908840875,1.5056660852979655,0.33101486354196463,48.78314788312528,9.929993015294624,3.857657164620565,0.693382342910618,0.2748383312419113,49.72636175683292,5.101707015861456,9.764968963856857,0.15341315404844566,0.2710292249161935,47.20343392104911,13.37891080015674,0.28390273920999576,0.5309433925936475,0.012278639789592823,47.57501059398999,7.362709962096825,0.3746251982630566,0.811903947820608,0.0425937262121856,39.3255078858802,7.232775378720979,0.6120837075837438,0.42824479813870986,0.03723295465472514,60.52541736663172,7.4890360462207095,0.14538004277770966,0.3658121885015039,0.007347209989421568
2004-10-01,59.02707532756931,4.70750524231327,0.6213123112822849,4.707505242313248,0.6213123112822816,61.875224263306784,3.555024124091055,0.24652883431766082,2.91839117310352,0.20090126376172496,58.85584566746332,3.2578536671517666,0.3347011063566496,1.1903221485194486,0.12094117578824166,48.940094155412424,6.766665247118575,0.566478352837696,0.846138677897494,0.07226779016806427,65.01938367639275,1.3616130792772685,0.20324072742838872,0.3299711772322577,0.047878103925758295,64.22463001723888,3.8091245993206124,0.1716579190250478,1.7451884420694599,0.07832201000131025,71.634708063741,3.7909935800030548,0.14049288669886195,0.9553474332308365,0.03526344501481408,54.105389662700176,7.362939899584653,-0.0018363708055746386,0.17672127843381805,-4.5474978699362084e-05,53.70467443014008,3.1987135888735363,0.2624396021871256,0.5528809674458453,0.04486770297741064,49.233198021502,9.908328258516107,2.246632515497926,1.7807605029713742,0.4170910992761703,50.79040047204713,13.23460736310469,4.11464342918344,0.9310334507023779,0.3025282647979558,54.89008449289302,13.823753003319506,10.384276173895923,0.4223171161326165,0.31435965217873096,47.18601648441368,12.807670911657244,-0.03689866433141953,0.508993858503037,-0.0015902452384378542,48.00409163745719,7.5613803339807495,0.9019042520642451,0.8370396965787652,0.10227619799071172,39.98209377426956,7.555306418756569,1.6696183309182544,0.4519679605316746,0.10153729385058932,60.62061798791728,7.5673611119420725,0.1572903177335938,0.3687435905418129,0.007910284871357342
2004-11-01,59.436431005622325,4.696375507149786,0.6935049310529351,4.696375507149778,0.693504931052923,62.01316094559698,3.516813218540138,0.22292716338807583,2.8742860968185644,0.18099113470482506,58.98361767787733,3.184889080913633,0.2170931518611141,1.1588531981713615,0.07822117702803764,49.09837220576701,6.504358269936761,0.32341182232293875,0.8122585260844495,0.04123638758252012,65.1211860154171,1.383176333802405,0.15657229162771014,0.3333030523708137,0.03673101257900456,64.37099097410619,3.8007776655751613,0.227889139770876,1.7332671130130481,0.10351385787281503,71.77069919687868,3.7529428892513206,0.18983972548149985,0.9412728925736125,0.04742171395368246,54.10753117501277,7.3082750820326225,0.003958038794182883,0.1742782627707871,9.740790853873015e-05,53.88770856471253,3.25506142819576,0.34081602116506904,0.560284248444405,0.058059428690713434,50.55970537078171,9.892473816171332,2.6943351287080253,1.8133079027274452,0.5082876196950371,51.76739341423876,13.604991573798175,1.923577946051691,0.9655200636586924,0.1463407845258033,56.99201666136219,15.716156168867613,3.829347664315086,0.4869344013597298,0.1271723229563788,47.43614174763185,12.061011987768255,0.5300834481350991,0.4816800327027291,0.02269590192897832,49.57231228363754,7.321259924784873,3.266847872102363,0.8329418807261092,0.3714945417448701,42.55622876701373,7.1643697482817625,6.438219587191196,0.4546371955269191,0.3956173971810023,60.70818801419668,7.485927434112671,0.14445584552909008,0.363022738429233,0.0072313243937011055
2004-12-01,59.489396138391555,4.4083765841799405,0.08911223617080744,4.408376584179936,0.08911223617081801,62.155232907614455,3.510502477257149,0.22909969408286823,2.865412426438946,0.185133259278762,59.10307427863479,3.1711767916056344,0.20252504926001613,1.1521467738814832,0.07262686750037545,49.410732525731795,6.51569433152368,0.6361928225557367,0.8157843334266235,0.08081915807062555,65.09204604637306,1.3443953792610763,-0.04474729473928907,0.3227582784530386,-0.010441497105626972,64.53301254998716,3.800694962067075,0.25169967625036094,1.7312707669832366,0.11380062533271139,71.87214406313811,3.673823240915497,0.1413457962575304,0.920075455453864,0.035131384872976776,54.11686692177595,7.325646202750202,0.017254061607419047,0.17405871155483651,0.00042171713524647553,54.157433190797946,3.399736997374725,0.500530887784012,0.5851560178709219,0.08496886354070775,50.31106759999725,8.336077331159753,-0.49177060855292165,1.536735346775969,-0.09461620323899783,50.99702161828774,9.710958434816352,-1.4881409805329815,0.7004512253088183,-0.11459689986200344,53.60782490927948,5.647187834414913,-5.938010181655895,0.17960707237863377,-0.2033421504597114,48.324324938331735,12.73470593115329,1.87237654239496,0.5131378092464912,0.08003703269600522,49.69064087285296,7.366641841180543,0.2386989506125481,0.8366948610950478,0.027837709510186298,42.63052042745299,7.026080980226079,0.17457294170966087,0.44558983334639984,0.01133920664613121,60.89383514173957,7.72487313163408,0.3058024520505853,0.37355805326950314,0.015224713895967006
2005-01-01,59.42775314327337,3.8010359238409785,-0.10362013925100388,3.8010359238409626,-0.10362013925101533,62.3774579679515,3.5015570372592286,0.35753234271900247,2.8548491382869288,0.28932253685700976,59.29230745672459,3.15478356745138,0.3201748477544175,1.1445395663197064,0.11494699084052913,49.69484697159918,6.2121519715781615,0.575005532895978,0.7807334454173156,0.07344545772378926,65.20523036250243,1.4712602097166183,0.173883481936854,0.3516961838022739,0.040520341819882844,64.78423107784226,3.7979539973796106,0.3892868439397734,1.728490959800262,0.1762936321916109,72.02354585125673,3.5981778830752154,0.21065433638047804,0.8993636031738,0.052385291296966036,54.527677775726715,7.779451812124671,0.7591179558575911,0.18457263500192356,0.01854074825884625,54.50969976395776,3.4499483164295075,0.6504491671877721,0.5945117071900642,0.11087249157679374,49.28922416674867,5.103094761985139,-2.031050983399607,0.9454392431647869,-0.38850439346467225,48.06778088970735,3.052577818883284,-5.743944716037985,0.21988699895278432,-0.4353521778466759,45.525100441108826,-7.539941242115377,-15.077508706702892,-0.2315806448581388,-0.4852252435483238,48.69366976392075,10.491437589619412,0.7643041595725375,0.4325461126546944,0.03325321278471971,50.0106941039678,6.533456576350338,0.6440915743747055,0.7490810063234759,0.0752279436873448,42.79898496535678,7.016517356310303,0.39517354283880035,0.4446435172419198,0.02569000937508736,61.444453375228036,6.035777615751625,0.9042265644901848,0.2977758657935925,0.04511538395099764
2005-02-01,59.653984654872566,3.5779450677595914,0.38068326603863945,3.577945067759592,0.3806832660386511,62.62377788651226,3.4370279001477044,0.39488611204276935,2.79835567116865,0.3210251176685581,59.50984515647452,3.090635876623282,0.36689025791194485,1.1193996318181316,0.13227723404787223,49.89963717001385,5.928508578364555,0.41209544026103995,0.7457083419069945,0.05299452969405373,65.42747279028444,1.5218971310651197,0.34083527739487973,0.36269365762731565,0.07964601875089333,65.05546106582356,3.7329448551949307,0.4186666777836745,1.6969575510665427,0.19053418819505336,72.26732176355344,3.4507646442268003,0.33846696856629777,0.861527900202354,0.08443439562601819,54.66809317545347,7.445293723134738,0.2575121579618367,0.17659609863890435,0.006343812498305507,54.83483816088312,3.584175268941836,0.5964780549760906,0.6168394737370527,0.10244030968294272,49.44688748332957,4.186105371696991,0.3198738045612437,0.7802221595665484,0.060005696912255414,48.543141651160774,2.948617572718093,0.988938437878284,0.21344149812812338,0.07072276592777815,46.25962625547791,-5.92187744322028,1.6134523751776708,-0.18056180940246583,0.044141077018863314,48.99651082092895,9.050712206038414,0.6219310610115159,0.37817114477618585,0.02729396281249472,49.944884759420226,5.04771006712641,-0.13159054423592664,0.582670720627312,-0.015484414556827919,42.516589884753714,5.439605947621828,-0.6598172382631273,0.3454977714204979,-0.04310852313369291,61.70107896857792,4.647620658612772,0.41765461201634935,0.23191857595660822,0.021048651875520654
2005-03-01,59.90723647823124,3.640634804718834,0.4245346305428832,3.6406348047188333,0.42453463054288404,62.77912146402392,3.2661397883093413,0.24805845759285905,2.660551254194996,0.2016891968790287,59.65701744382008,3.029836935220187,0.24730746141010673,1.0967520181985737,0.08915105057744739,50.06966054317062,5.730204580981213,0.340730680220136,0.7219509073818661,0.043830896749279806,65.55402439842153,1.531962203122017,0.19342273626055118,0.36443645838767075,0.04518087316182115,65.21725142691615,3.4676090656172276,0.24869604863593242,1.5785687678720313,0.11322379465520825,72.35893267062791,2.9204159303483967,0.12676671120344096,0.7311458613693997,0.03161008360321078,54.72398736042116,7.433783057010768,0.10224279231452194,0.1758824208077564,0.002515660773436023,55.10896435388774,3.7651562016606244,0.4999124684208045,0.6477335838614416,0.08604051670426645,50.03069800481754,5.261157062630506,1.1806820433031273,0.9784792144413712,0.22135207429019552,49.69001178406359,6.103074288531185,2.3625791283646613,0.4371855356119309,0.16998085233937116,49.0413127878778,4.915046563627867,6.013205807235611,0.14194754878584567,0.1665305446852199,49.092582879546846,6.862903922240315,0.19607938812014059,0.29213847679024607,0.008625788226155286,50.13179148378033,4.683143201069773,0.374225959796326,0.5425268316919697,0.04381088270634392,42.71633419709351,5.1438083825307235,0.46980322947165476,0.3279753171220701,0.03037597955643043,61.87131962115568,4.212576144379021,0.2759119539294641,0.21090235005008412,0.013910330438425971
2005-04-01,60.18849522143184,3.9783131184247367,0.4694904317657844,3.9783131184247393,0.46949043176579636,62.92349403200054,3.172501600113087,0.22996907986256865,2.588861357840429,0.1866526617596771,59.797520000863436,3.087307086603608,0.23551723345147657,1.1179618233273356,0.0847509989594156,50.20042949224993,5.566882170527143,0.2611740276660335,0.7032864250027349,0.033568855430940174,65.69870024780585,1.7068464874762768,0.2206971283791992,0.40565491578003704,0.05143315486961144,65.36415902327667,3.2449482245637817,0.225258797551664,1.4816050188867649,0.1023739562371803,72.4933017419789,2.590435134328928,0.18569797313432446,0.6508949940845886,0.046167669146348955,54.75519045717177,7.263527989947516,0.057019048237649805,0.1719788423487195,0.0013984383326893167,55.29021378721502,3.733860910078768,0.3288928315970052,0.6437349339536547,0.056648616088114126,50.77430821791129,7.498458926381701,1.4863078924506556,1.3838665502719507,0.28074833967585183,51.87896720137723,13.14473037805255,4.405222173876955,0.920583468747032,0.32305974667514487,55.38288350446742,23.79505496821963,12.931078627563064,0.6567701915899794,0.37804432803844623,48.62704476678591,6.580422766885863,-0.9482860453750797,0.2777951563535727,-0.041621440652148047,49.858653744406205,3.717563229552745,-0.5448393749553082,0.4316904329315063,-0.06375275542577498,42.113036968987025,4.1390406783298195,-1.4123338049629175,0.26231751747798043,-0.09135816590191281,62.087386690524404,3.2942661497889825,0.3492200759442676,0.16673576285487074,0.01758016411015162
2005-05-01,60.14121284587653,4.047082603328467,-0.07855716508837762,4.047082603328461,-0.07855716508838788,63.04555917262876,3.1133900513708124,0.19398976885507402,2.5507006126761573,0.15707496165872292,59.924027719730354,3.0611138508385594,0.21156014307130988,1.1127132407714273,0.07595273603138918,50.35344605672856,5.391661715040885,0.30481126561328065,0.6853532760570852,0.03909634402419706,65.80228991641876,1.7588891588053324,0.15767384776592674,0.4190745207363185,0.03665467454897615,65.48120747996145,3.1578322078716248,0.1790713113024367,1.4477239772807253,0.08118517404314349,72.58092948805837,2.3412430638754644,0.12087702446132997,0.5912810851373473,0.02996719368835863,54.790635460010265,7.160632488198138,0.06473359428129655,0.1700611405150437,0.0015811258465672372,55.45971717523516,3.9525507569081464,0.30657032485437163,0.6830769244408332,0.052729885814656215,50.15422604240692,8.214243947861588,-1.2212518442262676,1.4897025523783434,-0.23301662013256735,52.98577553633601,16.65319100508722,2.133443271263502,1.1570258942630829,0.16258637689281158,58.711027679681784,32.63120263421533,6.009337117569724,0.8924624513526568,0.19747577134809222,48.31519640345165,6.82362129815135,-0.6413064269685131,0.28597643450923,-0.027750520689843298,48.02793023360443,2.472690666546362,-3.6718270015607235,0.2803559525412435,-0.42531021012809556,38.99355611423223,1.6523496071622956,-7.407399416603589,0.09947877238752291,-0.47018001684725624,62.15602772184547,3.2530318704382166,0.11055551695742238,0.16513537301842507,0.005558837056862449
2005-06-01,59.98209430853624,3.659228361480915,-0.2645748727217456,3.659228361480899,-0.26457487272173885,63.15283309191532,3.0474678382554243,0.17015301425566953,2.499826014169142,0.13814995827558785,60.003901992841904,2.9436437317109876,0.13329256418666002,1.071498169037678,0.04799263781042445,50.45209464510194,5.125358131638724,0.1959122882319475,0.6537225450901375,0.025224924737809462,65.86615356319201,1.7207451386275663,0.09705383635489895,0.41009273609384034,0.022615591021039855,65.6131260674496,3.135754703599125,0.20146022433766841,1.439243999299696,0.09157107871711781,72.68997241101901,2.255241796423779,0.15023632754467275,0.5702775844958041,0.037320136347589586,54.886285525751084,7.179674843357131,0.17457374775409207,0.17059544697548923,0.004270099540595756,55.6260052694905,4.042251652993789,0.2998358136770074,0.6993100295075927,0.051770326889944714,49.09429070761813,6.408400777862888,-2.11335199130096,1.1556923037968,-0.3986193025107966,50.272369270617105,12.701428926120606,-5.121008871254762,0.865693342317743,-0.3989035114435053,51.51081295357163,23.281460315746404,-12.263819951157052,0.6003746835839665,-0.4275613493018549,48.47695690195376,6.591594362415298,0.33480252703796953,0.2774791554829783,0.014405934882376894,48.13172927076665,2.2229638187200695,0.2161222369095439,0.25292879350316916,0.024133353714106687,39.10308090901149,1.0221466622264197,0.2808792161925533,0.062028213512172685,0.016520971965191342,62.25266651917468,3.375155115191797,0.1554777563355314,0.17121251119199202,0.007832365827239725
2005-07-01,60.15628306037399,3.748828099954893,0.29040125031605246,3.748828099954876,0.2904012503160552,63.245849196518925,3.084986910974896,0.14728730295952008,2.5282553308152984,0.12010616903681935,60.00289745525975,2.885065386952479,-0.0016741204301617962,1.048618787123843,-0.0006051798339869268,50.51596929292859,4.920834220125148,0.126604550863485,0.6283752652933395,0.016376386498733617,65.81610600560215,1.739222036740662,-0.07598372590840174,0.4132638489295554,-0.01777001000656683,65.79272281110175,3.2548156992848964,0.2737207543922482,1.4932092502583698,0.1249975073540627,72.84581569192993,2.2497933881146626,0.21439446974846899,0.5689903916081084,0.05347913531659583,54.92316370261108,6.972317197394662,0.06719014869878137,0.16576330330647693,0.0016507173869326312,55.85956144204959,4.452521068820303,0.4198686772986626,0.76891567972924,0.0729057290916762,49.542631151974184,6.71690427789422,0.9132231831724624,1.2163774234408329,0.16905866269148068,51.19696585961005,13.54928959767454,1.8391744857216175,0.9315448110499476,0.13628745430480912,53.30103248012712,25.298570615506776,3.4754247194061394,0.6628463474052453,0.10658837405049512,48.83874440671139,6.6865097729542855,0.7463082005938482,0.282746882244165,0.03230524885323804,48.2444796451656,2.1382572342522277,0.2342537367911124,0.2435666787826964,0.026284087402190074,39.30408647063987,1.1227081686227436,0.5140402161561086,0.06827369866996155,0.030400573532616916,62.2351781853596,3.114524978339528,-0.028092505579169202,0.1580242527122145,-0.0014211516990839197
2005-08-01,60.188872413106075,3.255540423567438,0.05417447866482572,3.255540423567443,0.054174478664816034,63.31653880898328,2.9632441198373716,0.11176956806242533,2.4211869742613246,0.09101299346360812,60.02561177975337,2.655827799613908,0.03785537941822792,0.9626977100982756,0.013644534236341313,50.589144112127045,4.572466376276241,0.1448548255585047,0.5835779100572245,0.018706470355778507,65.80014348965784,1.5733802195887492,-0.02425320626375793,0.37239529709284946,-0.005651279141890244,65.90742133611047,3.2245372230785163,0.17433314826935664,1.4744852987189048,0.07959785393212948,72.9538984957857,2.2343012593233125,0.14837201399851008,0.5630003670481502,0.036982266823996336,55.57674931122435,6.668261824461541,1.1899999281763884,0.16002676718136688,0.02917066937375196,55.878919331801974,4.4372389621432085,0.03465456808584566,0.7625960027827955,0.006025165090519548,49.446234619638304,4.541219864931878,-0.19457289630052665,0.8334249240982569,-0.036243618785294765,50.73939265990543,8.022435539391903,-0.8937506198304024,0.5715574770001997,-0.06725193791436336,51.569073820110546,13.832534441984755,-3.249390451605827,0.383925550845472,-0.10282097086702467,49.19146906286081,4.507492131817159,0.7222230227952986,0.1949465947211946,0.031404796054400316,48.401910997288574,2.119234753176613,0.3263199298259023,0.24095043599488544,0.03659373734784625,39.51386271017719,1.0939788531948214,0.5337262823651434,0.06654655977533802,0.031635203318621526,62.31657398178883,3.1090285023079645,0.13078744016254973,0.15712394103830896,0.006595300868600922
2005-09-01,60.33582090289347,2.8522833790491253,0.24414561013672564,2.8522833790491267,0.24414561013672675,63.5004097155837,2.879556871670652,0.29039949128477627,2.3466083234993507,0.23660591763603464,60.13395726966804,2.513566164422909,0.18049876827945788,0.9082540857302087,0.06504808480483654,50.7233814252104,4.230936374629124,0.26534806120821486,0.5397565866453052,0.0342979552685875,65.88644964746649,1.5395010134146014,0.13116408754065834,0.36266544824308355,0.030538801245655913,66.16004224744951,3.190335516777165,0.38329660942237886,1.4556479052742046,0.17521755270087613,73.15896098473911,2.27129571843403,0.28108503202917134,0.5700908676683575,0.07012743211146719,57.43108010896293,6.144740513654012,3.336522593925939,0.152165316026047,0.08271721663914604,55.889901668406104,4.342088465503591,0.019653809943820377,0.7423404621416003,0.0034164138710742658,49.46787555915746,2.7340066637671745,0.043766607681305914,0.5075729283506263,0.008132255982938805,50.53214831495124,3.585255375516594,-0.40844861179812897,0.26360512308786654,-0.030443298042524037,51.18975967143127,2.942901637876738,-0.7355457846740632,0.08908945792531457,-0.02250650234283422,49.096575142688025,4.010600637244566,-0.19290727026575194,0.1728474101222156,-0.008444293772217252,48.584179698936964,2.121216773989465,0.3765733581440722,0.24054658380999788,0.042344053339253396,39.69321434010163,0.9350329442368244,0.45389546256191515,0.0568637233197734,0.027032390273191924,62.505632837763294,3.271708907245441,0.3033845474716079,0.1645374606992897,0.015310678878429067
2005-10-01,60.43203253536557,2.380191124156994,0.15946021953849865,2.380191124156987,0.1594602195384856,63.666492135658025,2.894967886869537,0.2615454306802212,2.350379894559693,0.21319510589838447,60.28426795477891,2.4269845605247253,0.2499597431062428,0.87447064693492,0.09002321362149762,50.88693972600015,3.9780176237613984,0.32245149316576516,0.5072142241594282,0.041687759078179704,66.02333120737143,1.544074204048762,0.20775373485342197,0.3622314550181618,0.04831657372453051,66.33954689400353,3.292999704625754,0.27131882093218707,1.495775988897815,0.12420097035898021,73.38841842910776,2.4481294232487016,0.31364229518857645,0.6115395127992256,0.07827892369714726,57.42933765243803,6.143469274428592,-0.003033995741674733,0.1511916694888774,-7.753747129506905e-05,56.027880052964846,4.3258908977221955,0.2468753396228207,0.7369335315914461,0.042818136591775594,49.32744663053907,0.19143304279343187,-0.28387903671031056,0.03611393572228084,-0.05264201361860392,49.393659171193114,-2.7500104111656376,-2.2529996877676317,-0.2092136073041126,-0.16683181924188012,49.12963341157685,-10.494520339209924,-4.024489024909739,-0.3485221627399553,-0.1219393245057862,48.56043080941607,2.912757692644785,-1.0920198236104572,0.12471180371264051,-0.04759350035771337,49.1448203165248,2.376315518441152,1.1539571544934457,0.27022630961888056,0.12992893180318202,40.61926711877533,1.5936467662327036,2.3330254152234664,0.09792682233722375,0.13923737963452917,62.5282860826171,3.146896481787853,0.03624192544791072,0.15753069188621227,0.0018300747238446798
2005-11-01,60.726374351141736,2.1702907184945053,0.4870625782839699,2.1702907184945097,0.487062578283984,63.787018405266274,2.8604532209307365,0.18930879582848004,2.31150473563622,0.15446970099198795,60.36721757266035,2.34573589965128,0.13759745402177614,0.8411969334030732,0.04960061624384384,50.99309663311046,3.8590371578976823,0.20861326635461808,0.49023522901695454,0.027014208142566963,66.08684792187904,1.4828690408576595,0.09620343800604836,0.346018075245701,0.022384491539887065,66.49406620814017,3.298186344355014,0.2329218714494985,1.4912044148919834,0.10674316859187044,73.54831025239307,2.4767921664495818,0.217870648677021,0.6156047166154891,0.05445991673120931,57.42933765243803,6.139268241015761,0.0,0.1500536322415197,0.0,56.19880003660093,4.28871728533986,0.30506237872021114,0.7280418505160631,0.05295629276862687,50.20904212086857,-0.6935626846349963,1.7872311472609148,-0.13344080916407208,0.32995392224598763,48.496338493056165,-6.318755311877233,-1.8166718019957395,-0.4865868081049371,-0.1312821536151325,47.59885306771977,-16.481542756163826,-3.1157984246150794,-0.564396530892685,-0.09046297135396748,48.07943637919694,1.3561276441653503,-0.9905069254984022,0.05796934010783034,-0.042629869083519546,51.27285966320811,3.430437882018822,4.330139642341435,0.4000668331691987,0.49238973181773776,44.0902347880598,3.6046568633805176,8.545126279937465,0.23413679498080434,0.5210491543195744,62.680068627817484,3.24812958205849,0.24274221270008667,0.1617117300801996,0.01224244775504059
2005-12-01,61.06809868654096,2.65375453547525,0.5627280387649147,2.6537545354752465,0.5627280387649198,63.93809679483973,2.868405126685425,0.23684817593070395,2.3211725173588933,0.19268760845504707,60.51650266833809,2.3914634000929524,0.24729497512130383,0.858566884544268,0.08883395178103418,51.156135219295926,3.532436384453863,0.3197267805846504,0.4511981055725233,0.041288036914623696,66.22234458705854,1.7364618403302945,0.205028185547107,0.40465043915394794,0.04752013478301325,66.64570311964907,3.273813643870138,0.22804577935457981,1.4825892715902105,0.1042442472612067,73.67301876042356,2.5056643582295646,0.1695599907088674,0.623105887842787,0.04227042850414994,57.43104033284844,6.124104368168637,0.0029648268289550472,0.1495755389856907,7.528018803831314e-05,56.41107947977905,4.161287114626444,0.37772949429502045,0.7093133389036269,0.06545193953717653,51.19483276319648,1.756601887731124,1.963372732654034,0.3360071000332986,0.36716263285624595,50.45340640553179,-1.0659744343991417,4.035496231856439,-0.0807936556646821,0.2849402243036844,52.24773848378207,-2.5371042899037244,9.766801333318353,-0.0816492346927811,0.27339883670388504,48.30491657238711,-0.040162725437753455,0.4689742854134815,-0.0017473928909962414,0.019887133934347077,51.5740503873692,3.7902701221653734,0.5874272005491621,0.44269206220698415,0.06935228513657214,44.499977565720286,4.3852552573188985,0.929327728986018,0.2850829735801056,0.06121097299257397,62.82324002199746,3.1684732547505146,0.22841614138953137,0.15808746727888048,0.011491918334847737
2006-01-01,61.39401230398232,3.308654722261717,0.5336888235447868,3.308654722261717,0.5336888235447685,64.10400495827129,2.767902134144129,0.25948248657434725,2.250183233115161,0.21041764189840192,60.66207306596097,2.310191098965264,0.24054661324477422,0.8329076122988028,0.08613874764493852,51.364075543732376,3.358957062665202,0.40648169285082414,0.4319541844134581,0.052364324403505275,66.31744396216457,1.7057122465159447,0.1436061735642813,0.39858899174994666,0.03316573865384092,66.82927256361498,3.1566963931631387,0.2754407791847324,1.4366048614940852,0.12549040287951752,73.90000970291973,2.6053477782644663,0.3081059339163472,0.6499333331850784,0.0765089159863418,57.60260185314801,5.639198665434653,0.2987261231996996,0.13892166978582524,0.007542761846692171,56.53042524473499,3.7070933971889986,0.21156440553264932,0.636663482358727,0.03659186516352138,52.061193957159794,5.623886026352065,1.6922824964986205,1.0549947996811784,0.3208748872296295,52.06400044236587,8.313717585232272,3.1922404285025463,0.5945457070426933,0.23318301103972638,56.20004998715697,23.4484920244322,7.56455995622034,0.6415074335941867,0.23113299159521067,48.410994416213136,-0.5805176506065379,0.21960051140357262,-0.0254765007907492,0.009303608731877343,51.9155364128125,3.8088699686605,0.662127606574292,0.4481942219347247,0.07819069482788696,44.9367236596965,4.994835031882383,0.9814523913662665,0.3263327312994783,0.0648798682184095,63.027087151653696,2.575714632467885,0.32447726284869916,0.12980898347503192,0.01627060985084562
2006-02-01,61.51284040256367,3.1160630064286376,0.19354998007459212,3.1160630064286385,0.19354998007459306,64.3251213615188,2.716769144924047,0.34493383586788884,2.2089268483833204,0.27894831133199227,60.844734004966334,2.243139509070935,0.3011122597256888,0.8086219586146594,0.10751264658734791,51.61153101943755,3.4306739417584886,0.4817676033018081,0.4413148684600568,0.06198437659223684,66.44695867873658,1.5581923693123612,0.19529509708771098,0.36397216356606676,0.044928250988778486,67.08446135411742,3.118877731480385,0.3818518153994921,1.4199307699527675,0.17352421824311107,74.16905705344674,2.6315286681239725,0.364069438703174,0.6561883669139736,0.09020292531344562,57.86842825470926,5.854118725130086,0.4614833236855187,0.14403926679294674,0.011625108199230655,56.75601529419919,3.503570353721863,0.39905953031054153,0.6030035707975993,0.06879959089636754,51.83364785546681,4.826917311917578,-0.4370743050576831,0.9049414831710987,-0.08382904514319264,51.606976413100355,6.311570816649681,-0.877811972538356,0.45409957877559903,-0.06581702318606747,54.959359081062175,18.80631887844979,-2.2076331006437244,0.520824769141228,-0.0721710053170636,48.45580572552786,-1.1035583684259498,0.09256432315656316,-0.048546973103623034,0.0039093339349978206,51.849721883099484,3.813878303763585,-0.12677231954165702,0.4464932767181476,-0.014989677899284857,45.011855608561596,5.868922532525778,0.16719498607435934,0.3794658267180523,0.011101814478531301,62.74999141277642,1.699990440576693,-0.43964547847584745,0.08570643074287713,-0.021999735528430486
2006-03-01,61.53779654319642,2.721808183486618,0.04057061984039656,2.721808183486626,0.040570619840396734,64.5767552934262,2.8634262275116784,0.3911907612162535,2.324078208413674,0.3168343168072956,61.02375738507712,2.2909960970544985,0.29422986728180334,0.8244161371634199,0.10516805817294406,51.77652595113877,3.408981386036114,0.319686179507217,0.43815843534389143,0.041249245449898865,66.63252937979534,1.6452155169283333,0.2792764405606274,0.38341515858180875,0.06424954209157832,67.4016439691716,3.3494090818950495,0.47281085463275474,1.5222147258941094,0.21526236823583528,74.50508522031649,2.9659814904369863,0.45305708366711883,0.737393358869025,0.11244180814269075,57.95800786121804,5.909694554048284,0.15479875505604035,0.14494004467453298,0.003909923653639318,57.0792106173469,3.5751828882267134,0.5694468180551526,0.6157907483009972,0.09837646650605447,51.091654202326936,2.120610424838043,-1.4314903230597475,0.4005615921819168,-0.272825868076423,49.68645972872485,-0.007148429254111299,-3.7214284150310806,-0.0005242345681567902,-0.2760434972618436,50.35803310098527,2.684920607249608,-8.372233695975595,0.0784945352231255,-0.26714213548921384,48.25921792464172,-1.6975373997939025,-0.4057053596419169,-0.07450700396247797,-0.017117168898893982,51.937150873690086,3.6012265599841164,0.16861997984813915,0.4213867915297145,0.019874042684514016,45.291346279079306,6.028167281641417,0.6209267908176441,0.389937778636643,0.041218944113734696,62.55188332527031,1.0999663628993073,-0.3157101428156839,0.05537364689910316,-0.015698207074738277
2006-04-01,61.65736443917219,2.440448481618329,0.1942999305992954,2.4404484816183207,0.1942999305993022,64.788469768045,2.9638782218546433,0.327849353311116,2.399874286188481,0.266463299783063,61.1474981767471,2.2575822138847457,0.2027747830883886,0.8105002363444104,0.07266258306722585,51.869264465182354,3.3243440142082026,0.1791130485098602,0.42639400801925403,0.02317551413527677,66.7769085102398,1.6411409333321858,0.21667964849649834,0.38151848041156744,0.04996764598286353,67.69345800079545,3.563572166038731,0.4329479437583439,1.6156090241978474,0.1979651526003438,74.83122238252903,3.225016083377419,0.43773812384502175,0.7995289596953719,0.10908782070648586,58.04316170998354,6.004857668029739,0.14692335348964747,0.1466693726695171,0.0037152432050950317,57.352378369859004,3.7297099095696007,0.47857661232106885,0.6415075488693185,0.08311500228357284,50.899156803820766,0.24588928986222225,-0.37676877273118414,0.046916032529548145,-0.0707512406352966,49.20318557103547,-5.157738819192847,-0.9726475992210548,-0.39306321328869476,-0.06943474563373266,49.71441993569192,-10.235045938549337,-1.2780744712619696,-0.33633885933754804,-0.03735150886031165,47.88650437845251,-1.5228981976696532,-0.7723157610453057,-0.06589863467099089,-0.03243951769772528,51.949322777331304,4.193191905346327,0.023435832417573188,0.4857002602824782,0.00276575113533993,45.32254947813657,7.621185124960483,0.06889439511246209,0.48374993016010437,0.004599943615559928,62.53580838797041,0.7222428279695103,-0.025698566446530346,0.036315059679167296,-0.001273271374822606
2006-05-01,61.542746844428976,2.330405278231007,-0.18589441145556718,2.330405278230999,-0.18589441145557714,64.91917090399416,2.9718377566216203,0.201735179758189,2.41288268606403,0.16418111380034645,61.201626193377415,2.1320303762332182,0.0885204108823201,0.7676479349897919,0.031723203776303555,51.9907967572728,3.251715282206491,0.23430502310675116,0.4186785525434982,0.030312232137778897,66.7788329588907,1.4840563203990964,0.002881907374607806,0.3458164257578266,0.0006647338281344779,67.89427071267575,3.6851232980893656,0.296650101517848,1.675024023829351,0.13596613871909205,75.15518536613978,3.5467386491722097,0.43292488522328476,0.8810437005458699,0.10815045543694383,58.11832194764594,6.073458465478887,0.12949025423174554,0.14855768714893014,0.0032728650334216624,57.398581175082754,3.495986093332193,0.0805595278469351,0.6036248326541679,0.014030570205656586,49.954898537210546,-0.3974291319495893,-1.855155027910671,-0.07496286658697579,-0.34638332397568783,49.81394839236726,-5.986186126111537,1.241307476829978,-0.4662969203713166,0.08758159572859239,50.796885487840264,-13.479822283166031,2.177367358501958,-0.46995561144029335,0.06269808850201707,48.188413445436886,-0.2624080360888459,0.630467959403247,-0.01129093353611262,0.026226017828449598,49.91597775047189,3.9311448727524345,-3.914093424422249,0.4389724586981803,-0.4611292346267195,41.85339138700674,7.334122757094996,-7.654375429174265,0.43138413052311275,-0.5104279680322301,62.61864180199412,0.7442787081228808,0.13245757296334038,0.03749387215791527,0.006548385439531731
2006-06-01,61.60061968198573,2.6983475520612865,0.09403681266135777,2.6983475520613007,0.09403681266136564,65.10861712161957,3.0969062414947013,0.2918186030218761,2.5253877086362753,0.23841734904560136,61.31470915750604,2.1845365403411643,0.18477117547712751,0.7896907755261349,0.06639879398286537,52.14113332059938,3.347806840090084,0.2891599527286681,0.43304113764079005,0.03756634373902281,66.86117659583745,1.5106742671572748,0.12330799041881946,0.35329534743285324,0.028495716303458575,68.15320372996842,3.8712949904378124,0.38137682984837884,1.7678682243566983,0.17564471053474998,75.47680900202528,3.833866623649751,0.42794603501890016,0.9563300405672137,0.10756946293920294,58.215024446182696,6.064791757259402,0.16638900659222688,0.1489988844453113,0.0042187688169132145,57.592098750060785,3.534486201274345,0.3371469660334414,0.6137259276549527,0.058875616816884364,49.56748499277065,0.9638478901154546,-0.7755266365946367,0.1784304629399112,-0.14238002356971452,48.66010551897048,-3.2070574254572715,-2.316304791397694,-0.23765101991038826,-0.1657658304371171,47.948614226999815,-6.915438763862147,-5.607176962694426,-0.21209073226934602,-0.1652835546640134,48.12298005756948,-0.7301960911040961,-0.1357865577821915,-0.031607808162913524,-0.005694606026784207,50.06770039901129,4.022234724528118,0.3039560785483397,0.4513087837992567,0.03447228522055743,42.08213348454386,7.618459994148008,0.5465318101035344,0.45055920913989167,0.0337182131098159,62.65741897815851,0.6501769026378224,0.061925929800588086,0.03289133492507159,0.0030712341833655696
2006-07-01,61.704891288548765,2.5743083671252887,0.16927038575478282,2.5743083671252918,0.16927038575478998,65.21409319865552,3.1120524542580297,0.16200018015881668,2.534117422012585,0.13261653603733903,61.33325568262999,2.21715664374742,0.0302480846419817,0.7991485014246692,0.01087971089204001,52.25959245745491,3.4516276514769295,0.22718941709065632,0.44574124536472154,0.02957295136319753,66.80374197350194,1.5005992117122835,-0.08590130365591087,0.3496570693896165,-0.01985706687066195,68.33858793124848,3.8695238794968168,0.2720109857411446,1.7667655268359266,0.12563543824107595,75.65022543361788,3.849788371576479,0.22976121259703497,0.9595738235041253,0.05794594952416508,58.265480674309636,6.085441453802609,0.08667217545117456,0.1491734549213254,0.0021991487643294463,57.813375083016176,3.49772463393494,0.3842130044881431,0.6081267066562257,0.06725766996160228,49.6674022660066,0.2518459579784471,0.20157825891411463,0.04691202663442892,0.03668652942910682,48.51696065306808,-5.234695379978094,-0.29417294593945265,-0.3938944498429474,-0.02054546206239906,47.67084314130972,-10.563002397592536,-0.579309934537553,-0.3342467388781893,-0.016103754014938982,48.06735299806382,-1.5794660940168792,-0.11559354686495604,-0.06868073848637163,-0.004836622313706442,50.33798216678756,4.33936180267569,0.5398325979069973,0.4866189636321181,0.061351926580681886,42.41155305096195,7.906217544690564,0.782801486381568,0.4686199795130653,0.048513168296374753,62.84303287891647,0.9767059583993598,0.2962361102404554,0.04925296838743484,0.014687201263533348
2006-08-01,62.00208648360823,3.0125403547306417,0.4816396056346761,3.012540354730633,0.4816396056346575,65.31159353415671,3.150921959256525,0.1495080752011546,2.56724548060008,0.12238137005708201,61.393829462723716,2.27938981778415,0.0987617230155946,0.8214457283217693,0.035473575843223554,52.284887169291395,3.3519900107538136,0.04840204572409412,0.43326641591466825,0.006304074412700777,66.88962168422194,1.6557383263690495,0.12855523984578454,0.38550387237765005,0.029641309839902475,68.46964649388612,3.8876125113573634,0.19177827140572923,1.7771562109977372,0.08866869750735491,75.7865836629745,3.882842761792138,0.18024827893774464,0.9687239132278387,0.045486202559037375,58.843265348133684,5.877486678137944,0.9916414781742322,0.14571138817830592,0.025140350859921713,57.84920263671679,3.5259867736802786,0.06197104675027543,0.6129208615155752,0.010871500679596288,50.63939685310902,2.4130497350284275,1.9570070967203979,0.44836781245890606,0.3562832387385709,50.48206496869972,-0.5071556392693077,4.0503450529054685,-0.03780032502069924,0.2815731476786029,51.50490375117489,-0.12443517826109529,8.042779101892418,-0.0038075136713691038,0.22190370596938305,48.81793361367642,-0.7593500586596691,1.5615185126645947,-0.03323967501297,0.065150672883866,50.61008757078161,4.562168162361879,0.5405568365701718,0.5129961741366611,0.06166150360860666,42.68680199898318,8.029939548250642,0.6489952105514396,0.47823447829430676,0.04046703682047712,63.114081753194185,1.2797683191608344,0.43131093752264427,0.0645851014389318,0.021411231439642284
2006-09-01,62.5943253007139,3.7432231202345623,0.9551917535262966,3.7432231202345636,0.9551917535262937,65.54215977866642,3.2153336840307745,0.35302498688707384,2.620934357303821,0.2880170603462582,61.63637121018718,2.4984451526807616,0.3950588350425832,0.8998171421779086,0.14135789896203044,52.68876208484025,3.874703547766667,0.7724505825960071,0.5009364553186815,0.10017324947282207,67.0046498416664,1.6971626186916833,0.17196712217555365,0.3947032906358153,0.03951156832053069,68.68741047426174,3.8200825467424204,0.3180445518950803,1.74871008773617,0.14662372933665718,75.90649480901169,3.7555670382548367,0.15822212882750097,0.9373153753077831,0.03980807423266203,60.51387576567955,5.367817653555695,2.8390851657569494,0.13718114416324328,0.07234254597437569,57.92439171746841,3.640174679735364,0.12997427332541722,0.6313530419561336,0.022705987996692434,52.453637798257425,6.035759986355904,3.582666970562509,1.119260383163166,0.6618198613790257,54.81509742040004,8.475691709670642,8.58331063593958,0.6276144088855778,0.6178895566498886,61.137406387028456,19.43288419294713,18.702107827225745,0.5888033877146165,0.5548275333259909,49.732220298296575,1.2946832925946339,1.8728500305961626,0.05642618239795716,0.07898002069052558,50.6510193556784,4.254141305974657,0.08087673201424561,0.47899181826011283,0.009231045974748261,42.7217379361358,7.6298270280784175,0.08184247944706957,0.4553560006343035,0.005111653669639497,63.16451096732987,1.0541100052162244,0.07990168395839436,0.05322841026949178,0.003964510070273241
2006-10-01,62.849535524480395,4.000366838067326,0.4077210234960216,4.000366838067331,0.4077210234960201,65.6663951403238,3.141217518949313,0.18955030178577914,2.5631293505374373,0.15372307320411144,61.82079239489284,2.5487983718513796,0.29920837499788355,0.9187813162962031,0.10646717455059816,52.929756004861346,4.014421558578096,0.457391501499016,0.5198443102419669,0.05920826154460848,67.1421027203256,1.694509338585548,0.20513931344166014,0.3942762414732656,0.046767621886965524,68.75487740781216,3.6408607337457655,0.09822314319987147,1.6685294888934288,0.04499668595045587,75.98210087340495,3.534184956993802,0.0996042098683203,0.8834205967591813,0.024862201882520002,60.51387576567955,5.371014605651769,0.0,0.13704015709917214,0.0,57.99094748904417,3.5037332025119827,0.11490111437058026,0.6082189551978635,0.019908690412290025,53.15127049462831,7.7519193173114065,1.3299986915188855,1.431138992626309,0.2520826762062242,56.05741490196769,13.491115747628069,2.2663783155209893,0.974938196362114,0.1754780710947782,64.05352098414546,30.376549825938604,4.769771518694532,0.8819418275030789,0.16637757770160183,49.897306752804774,2.753014998230774,0.3319507022167878,0.11848546026115823,0.01412594889553127,50.96433404174161,3.702350956820988,0.6185752824895197,0.42100249536952056,0.06999102035977328,43.21885965220295,6.399900140556736,1.16362709028901,0.39024146007017424,0.07204819429287554,63.207629390669844,1.0864575868194226,0.068263685857195,0.05479434374744726,0.003357697281679208
2006-11-01,63.02021315551697,3.7773353487422723,0.27156546124369463,3.777335348742263,0.27156546124369546,65.78994181267494,3.1400172911096647,0.1881429185919714,2.554558083269549,0.15225016507372266,61.97489447714356,2.6631621749803935,0.2492722533647962,0.956668125267084,0.08860256983011228,53.21661511902019,4.3604303968980185,0.5419619053836033,0.5630858036400934,0.07019040796992115,67.19230894792098,1.6727398276714656,0.07477607277881493,0.3876970468999068,0.01701304018152114,68.84916097358985,3.541811923604943,0.13713000347372883,1.6190324546322101,0.06262654404753266,76.06319462978446,3.419363910280415,0.10672744692150626,0.8524297335410098,0.02655848300447714,60.51387576567955,5.371014605651769,0.0,0.13637592102208343,0.0,58.11818372044168,3.415346382112605,0.21940705731968713,0.5918019330679125,0.03790536282779853,53.480941397919814,6.516553869270769,0.6202502785419339,1.2186351760914522,0.1186396023119743,53.92908467429791,11.202384241894103,-3.7966970674473077,0.7909832385478288,-0.2994071439755501,58.63652228353984,23.188939448008483,-8.456988183282599,0.6491203059342194,-0.30780936698331357,49.87919185439761,3.7432957013185497,-0.03630436106883961,0.1587366840430353,-0.0015437429352146263,53.01871947045497,3.4050369312629503,4.031025750342865,0.40200231098719713,0.4570633399747568,46.64422421835046,5.792641936627452,7.925624585453184,0.3815373609107969,0.4944245837786331,63.24290016964886,0.8979434039445122,0.05580145833505856,0.0451767208949026,0.002735436316777968
2006-12-01,63.381546370199004,3.788308025656484,0.5733608259787415,3.788308025656468,0.5733608259787398,66.026075537523,3.2656254210741364,0.3589207078498635,2.648137103576777,0.2902063709161225,62.25261647130761,2.868827057776824,0.4481201565683657,1.027315108009227,0.1592466448739053,53.64011598375242,4.855684960969353,0.7958057155365239,0.6255254959064928,0.10334408392324562,67.35348230110561,1.7080907072990037,0.23986875240373795,0.3944822746075955,0.05446779363521357,69.04496777953025,3.60002903048946,0.2843996980813168,1.640167787613944,0.12970969413917027,76.22925087797785,3.469699166077156,0.21831353389982766,0.8615962653524998,0.05423670196636236,60.51735826376135,5.373954420859861,0.005754875287267147,0.13569104013185743,0.00014836652551215013,58.38506025986899,3.4992785075093957,0.4591962830618357,0.6052300101901118,0.07929073853092777,54.26487378534302,5.996779081879455,1.4658163580002048,1.1370535449136447,0.2813519154353358,55.49023114587569,9.983121258174666,2.894813589005363,0.7292352586511984,0.21902263621649143,61.54506754361324,17.794701416056704,4.960296325230518,0.5437120726969249,0.164824258760349,50.56182216950122,4.672206800589418,1.3685673117886044,0.19794299981031585,0.058015876260463596,53.25484991496768,3.259002376144804,0.4453718363460313,0.38485581586743617,0.05239244331992156,46.97970337512518,5.57242035851071,0.7192297918908075,0.36837028642262165,0.04829264619693751,63.33388044007814,0.812820889056165,0.1438584729435588,0.04075814572750847,0.007036893611695026
2007-01-01,63.64282612842091,3.6629204380778324,0.41223317067056175,3.6629204380778373,0.412233170670565,66.33599112883921,3.481820163998872,0.46938363183510745,2.8157511792527683,0.3787122792479968,62.635445036937355,3.253057258413561,0.6149597998120981,1.1615096498257207,0.21826363774130245,54.44210702176856,5.992576417374607,1.4951329304713878,0.7710068316478494,0.19458881378450496,67.41062718377584,1.6484097641563888,0.08484324895743356,0.37922184796634456,0.019201755005679298,69.2849436195323,3.674544045919048,0.3475645622260659,1.669816293267802,0.15806263208734658,76.48827120703291,3.502383172232415,0.3397912560752836,0.8677608558117107,0.0841180001956816,60.68095844640552,5.344127685595645,0.2703359620080059,0.1346225516436857,0.006930201491323604,58.604986975549,3.669814479251987,0.3766832040613233,0.6326919059961236,0.06496913596725945,54.360911456162555,4.417335301405401,0.17697944198569182,0.8472266525602684,0.034271248378253676,55.327301550315696,6.267864705406678,-0.2936185202250807,0.4699550809838818,-0.022728059964969512,60.260336669304024,7.224702972817498,-2.0874635865803626,0.2361869264024795,-0.07238932101270816,51.10732009473075,5.569655635114579,1.0788731533464713,0.23522717001644694,0.04609686867859919,53.53242888356911,3.114467426281986,0.521227585928119,0.36825754799290233,0.06123789619264221,47.00345889009329,4.599212096654126,0.0505654852233306,0.3053895373499151,0.0034001411545722497,63.994070596480974,1.5342347053109995,1.0423965053388162,0.07677267118132247,0.05077148233042294
2007-02-01,63.7981532087033,3.7151801009084773,0.24406062667450268,3.7151801009084613,0.24406062667449988,66.58500973079593,3.513228302479443,0.37538988672540796,2.8454437051205868,0.30304779336383714,62.840728474171605,3.28047201100814,0.3277432404498626,1.1725555752570063,0.11655860416655203,54.63964577620473,5.867128327634297,0.3628418612769524,0.7570380954400248,0.04773248453563532,67.61710993513087,1.7610305718458008,0.30630593421436814,0.4051376751409106,0.06909724494559358,69.57273051480057,3.709158738785079,0.4153671493890565,1.6887139676471556,0.18877569466823643,76.75876995014856,3.4916351907179566,0.3536473486026148,0.8665702145989196,0.08748502376268258,60.931901130742425,5.293858790408512,0.41354436508866943,0.13371285638667704,0.010586441229649635,58.91439696031341,3.802912616268217,0.5279584566642903,0.6569833981994956,0.09102837729949427,54.19885065006828,4.5630645197818565,-0.2981201045993531,0.8696684976795707,-0.05759432260600856,54.87456567972116,6.331681283678781,-0.818286556380865,0.46966359423561554,-0.06289565822161015,58.63783656868549,6.693086580936569,-2.6924842944746064,0.21356372829213624,-0.09104591157088658,51.39902236738954,6.07402270541777,0.5707641725648971,0.25626990147756085,0.024548870157058634,53.57488198145832,3.3272311513037334,0.07930351522353885,0.39215716892983576,0.009327311172705233,46.88976420396263,4.172031057177383,-0.24188578631311186,0.27695167534986315,-0.016206380775370986,64.27018489816211,2.4226194317473304,0.43146857061522326,0.12046106964975131,0.021147209844814184
2007-03-01,63.93783745172213,3.9001086216029934,0.21894715754839922,3.9001086216029828,0.21894715754840785,66.76153598497122,3.3832308260421717,0.26511410734786356,2.749759426792222,0.21430385861187298,62.9928419008999,3.226750695466518,0.24206184495587646,1.1562780976782272,0.08615873751415218,54.71338553786058,5.672183547991039,0.13495651483150795,0.7339262610290141,0.01777480350920944,67.82504323824683,1.7896872136645703,0.30751580970473924,0.4127127662102534,0.06941324617889993,69.7706224331803,3.514719114406528,0.28443891294109847,1.607102922792044,0.12949245700321244,76.96440682282791,3.3008775108961386,0.26790016673390316,0.8226049193974202,0.066345397837501,61.01728649505409,5.278439937344914,0.14013244741608588,0.13347563641136154,0.003593355926997206,59.11611265066736,3.568553263596508,0.3423877706663747,0.619755134322984,0.05920024539251861,54.213518834115106,6.110322087880227,0.027063644101099626,1.1474222379550265,0.005200192014235933,54.46822040437844,9.623870772360842,-0.7404983899360174,0.6870227404313132,-0.056313474676593506,57.62925342364355,14.439047506237923,-1.72002107182202,0.4219787054593013,-0.056458426711189405,51.37944625783338,6.465559259712816,-0.03808654066654871,0.27157237312788646,-0.0016434611132302578,53.88507956250872,3.750549762646682,0.5789981602904115,0.44261654885422574,0.06798714982482364,47.33238512729724,4.506465397697212,0.9439606507921194,0.3008878545350206,0.0629389018107,64.38684898085596,2.9335098450094854,0.1815213117539738,0.14534484330802433,0.0089133855607024
2007-04-01,63.95519215326373,3.7267692756450144,0.027143084960767894,3.726769275644995,0.02714308496076478,66.9229984224954,3.2946119303209453,0.24184949483565532,2.6813025715610026,0.1955880665415308,63.157894875513435,3.287782425628061,0.2620186193110552,1.1782479410200308,0.09328359962904499,54.86902292490899,5.783306338843963,0.28445943441155475,0.7481910628397617,0.03743408084732764,67.9934719688596,1.8218325552361136,0.24832823183189578,0.42021951827098397,0.05610281360556678,69.92757059731716,3.3003375252235845,0.2249487802508332,1.512671485626919,0.10247615377357712,77.1718562921604,3.127884103865486,0.26953948961112584,0.7813874922264229,0.06678398108639591,61.090781846671106,5.250610144077261,0.12045004922167646,0.13270912507381186,0.0030862196854296487,59.213206020715766,3.2445518455337607,0.16424180429819302,0.5650841516988591,0.02843305764156253,53.74329024667921,5.587781058575314,-0.8673640773525948,1.0433166757484065,-0.16634211605537405,54.52696775821469,10.819994936086363,0.10785620202036217,0.7634147380613339,0.008123731933010763,57.36627383877083,15.391618594719535,-0.4563300220801092,0.44320728014631555,-0.014688899692246078,51.639233390467076,7.836715293219831,0.5056246253220209,0.32598934161697485,0.021762102230550282,53.04478452160137,2.1087122713139284,-1.5594206183412562,0.24843271998866448,-0.18376821320088396,45.88658177199401,1.2444849205350383,-3.054575321769315,0.0829878172442835,-0.20513823443640714,64.4392145116508,3.043705954629572,0.08132954419064475,0.15047353888198053,0.003992098021627272
2007-05-01,63.710786777012345,3.5228195746021207,-0.3821509529135403,3.5228195746021194,-0.38215095291353485,67.06802444888996,3.310044652408828,0.21670581087682717,2.7043240666556754,0.17563009323402623,63.31820684952085,3.4583732292598146,0.2538272916210893,1.2427902294419786,0.09057952471837319,55.133673447799445,6.045063523838001,0.48233139353082155,0.7853471136572703,0.06363677093331557,68.07123907520364,1.9353529539944736,0.11437437167447495,0.4472481348270228,0.025896826136373015,70.05734803371584,3.185949710240066,0.1855883670634162,1.4673026016181077,0.0847125788148517,77.33253043537992,2.8971321920538085,0.20820303014512653,0.7282295627516189,0.051711615311064704,61.13580592533163,5.191966795606895,0.07370028226767467,0.131641555318831,0.001890139833373053,59.31157138541719,3.3328179393480983,0.16612065333365678,0.5820064591595339,0.02879773504278716,52.18203854115872,4.458301526304198,-2.9050169767322,0.8185058338980945,-0.5521387838723786,52.761829994913136,5.9177834676473084,-3.2371830598183715,0.42350484034083835,-0.24402145713196524,51.84870773975301,2.0706431935960445,-9.618135761309965,0.06103664459948499,-0.30810369684492106,52.268469855988734,8.466882635950746,1.2185240256448404,0.35508346094240806,0.052696191374411165,51.630978760838524,3.4357756527175765,-2.6653058797648677,0.38965839676566616,-0.3091081629863853,43.49371068713763,3.9192028310521154,-5.214751224543868,0.24179473881488747,-0.3394210885260288,64.46804316257038,2.953435761868217,0.044737744148592995,0.1464764905336475,0.0021971623112487177
2007-06-01,63.73395723641481,3.463175476874225,0.036368189084790004,3.4631754768742145,0.03636818908477672,67.21823899152396,3.240157698271684,0.223973411873013,2.652456866024626,0.1826113653834043,63.45181621731111,3.485472065626616,0.21101255774313987,1.2536637888026694,0.07578160944071011,55.37570358473173,6.203490523008015,0.43898786675522494,0.8075003046720708,0.05842082214442065,68.1198221981213,1.8824759993263607,0.07137099835070604,0.43515581498934414,0.016240480305108725,70.22187447511791,3.0353242869488817,0.23484537456783805,1.4019444691012994,0.10780707323329873,77.45036080853521,2.6147790726777753,0.1523684437737982,0.6594492362292784,0.038068187885215536,61.24746449955746,5.209033376217387,0.18264022619118858,0.1321697448232577,0.004705480933277666,59.54570256847217,3.3921386106967155,0.3947479009341226,0.5938043129127867,0.06880788749007552,51.775338867804436,4.454238247826758,-0.7793863266447487,0.8106555907537933,-0.14438164710834395,51.602710078210066,6.047263004993675,-2.196891041904392,0.42234955445569194,-0.16085724185956987,48.65807968947349,1.479637052939431,-6.1537272371269385,0.04113119715605539,-0.1788497689702146,52.40974468449787,8.907936752462419,0.2702869031719901,0.3727225855988623,0.011876623067029279,51.753633518153094,3.367306877899079,0.2375603954415162,0.38269412619481075,0.02691956046283623,43.656794806642935,3.7418761638533082,0.37496023431620173,0.23189821588141474,0.02322170123066709,64.53198488152732,2.9917700632103195,0.09918358898484136,0.1483300905379795,0.004891983330697127
2007-07-01,63.97511358446546,3.6791610008686693,0.37837968723031246,3.6791610008686693,0.3783796872303211,67.37810263928651,3.3183156193538954,0.23782778329362042,2.716241321627385,0.19427084358934452,63.59053063996659,3.6803442638311923,0.21861379378078638,1.3219187290967607,0.07864853146366685,55.66381896403015,6.514070138121841,0.5202920426240043,0.8484183316209012,0.06951951644945789,68.14240269332088,2.0038708615303547,0.0331482004370276,0.4620376202247595,0.0075455167414468765,70.40019677102217,3.0167565678233643,0.25394123588575734,1.3947976150006793,0.11680442136717341,77.604595991271,2.583429919013347,0.19914068976008004,0.6519364139610507,0.04981159944220392,61.31170011981493,5.228171827042738,0.10487882360898926,0.13254596240751326,0.002706013417382867,59.77313345111804,3.3898010024285607,0.38194340285824246,0.5946684110419376,0.06681446348951184,52.29087359671045,5.282078810269097,0.9957148329290622,0.9616296992222471,0.18295242855877336,52.574778225329396,8.363709345434245,1.8837540618429571,0.581430948697456,0.13485002943903265,51.347394739148946,7.712369565062871,5.5269650319908825,0.21278756591614512,0.15069400331102767,52.2827374238687,8.76974529047747,-0.2423352019624292,0.36589691512511047,-0.010673302473912029,51.94723894039891,3.1969036189796185,0.37409049198044997,0.3646718914681335,0.04247595646361629,43.93768877257695,3.598396219495159,0.6434140829121748,0.22437212161434344,0.03998221530938072,64.59787502691118,2.7924211604743565,0.10210463153246252,0.13862197904668777,0.005039218743175177
2007-08-01,64.23643207461859,3.6036619374108625,0.40846897412400995,3.60366193741088,0.4084689741240012,67.56297170513682,3.447134037240529,0.27437558881706625,2.8123601696870533,0.22381128117453913,63.76774272475543,3.8666968371358523,0.2786768454444477,1.3835613643768767,0.10009725157938767,55.97036892757268,7.048847110156697,0.550716729911449,0.9141114473478219,0.07368878391005558,68.2177803599145,1.9855975295579364,0.11061785850561279,0.45621553383976937,0.02509331470450875,70.5908191666799,3.0979752071353284,0.2707696915645652,1.428217133593685,0.1243905469770606,77.79175332100918,2.6458108561163707,0.24116784237784294,0.6656757543736974,0.06021624832528493,62.1190116154501,5.566900898405547,1.3167331750017164,0.14184984270111645,0.03388090319925491,59.84699908175884,3.453455456573651,0.12357664116973144,0.6033049167180201,0.021618386531065997,52.810130949498756,4.286650772493283,0.993017169292365,0.7918655692372026,0.18357888424344254,53.49626585824692,5.9708351697104645,1.7527180599186565,0.42982444097901534,0.12735138231057702,53.03080012758095,2.962623488780425,3.27846309824269,0.08789089965895674,0.09397294128748257,52.706664920549656,7.965784331731318,0.8108364587800176,0.33592535497150183,0.035491280918892296,52.18267989256304,3.107270501324577,0.4532309261600087,0.3546552406279056,0.05145972667569588,44.2341680207675,3.6249284306216767,0.6747720612368502,0.22640294917449408,0.04204153489611265,64.74534552229014,2.5846272714145746,0.22829001003132898,0.12824236408784764,0.011235895801041285
2007-09-01,64.66436210319331,3.307067841269329,0.6661796347555926,3.3070678412693266,0.6661796347555957,67.77035289185815,3.3996333363384146,0.30694503436943243,2.7570627918055055,0.2500441722302043,63.96397680697277,3.7763507991867007,0.307732520914783,1.343737118669076,0.11039080787503547,56.329061316427065,6.909061985030407,0.6408612194758634,0.8943619365399735,0.08587207099226674,68.28670063298037,1.9133758542779988,0.10102977948307501,0.4362110654424522,0.02285030432861607,70.80702811893077,3.085889583016521,0.30628480417596027,1.4136668805458577,0.1405130890470668,78.00207173771507,2.7607346828174117,0.2703608129746238,0.6891068471806857,0.06739284839090527,63.7274342909082,5.310449024405761,2.589259928047638,0.1378402840427863,0.06722699279137086,59.80389403153015,3.244751059673079,-0.07202541629497405,0.5622116431667316,-0.012564311008202359,53.98306197173024,2.915763782399905,2.221034110582165,0.5526423011838777,0.4129925323214883,56.079976926555574,2.3075385535751947,4.8297035818442025,0.1786649702678295,0.3556212899344442,58.92836110045927,-3.613246647371482,11.121010730914914,-0.12603606325206948,0.32788096287323276,53.1551204190873,6.882660979662636,0.85085159384235,0.2928872167304104,0.03739203447671478,52.361944304607135,3.3778687392535645,0.34353239889783893,0.38220162750480374,0.039021971350625705,44.49999762746657,4.162423574595842,0.6009598882345202,0.25772440753097814,0.03754198798222131,64.79778282105532,2.5857428937749782,0.08099006707305012,0.12718536622403726,0.003978987092963452
2007-10-01,64.8556250517276,3.1918923672328736,0.29577798699855773,3.191892367232875,0.29577798699855823,67.93799569028286,3.4593044815462104,0.24736893238879176,2.7993595629178474,0.2007930590929519,64.16404400883866,3.7903940133569014,0.31278105560827996,1.3472765047805932,0.11180231191363661,56.737016754582584,7.193044210087729,0.7242361733383662,0.9315833873865517,0.09701947389210362,68.3250100211184,1.7617966266562979,0.0561008040847355,0.4008436881892779,0.012617305760650687,70.94335040790884,3.183007639030455,0.19252649433201263,1.4536626781867816,0.08800885925903897,78.10133895857969,2.7891280457033485,0.12726228759463165,0.6940577324368036,0.03159794108098986,63.7274342909082,5.310449024405761,0.0,0.13728056232899744,0.0,60.01291986512395,3.4867034660224894,0.3495187679310563,0.6023724194065792,0.06052389923782348,54.25372264668263,2.074178362614587,0.5013807388216218,0.3967425805002067,0.09466976507617383,55.17327264910327,-1.57720839323503,-1.6168057248663992,-0.1243784932228655,-0.12397265002069036,56.615626239217825,-11.611999825534447,-3.924654984547704,-0.4226424630430003,-0.12772797352851034,53.15054778682285,6.5198730066432065,-0.008602430449589082,0.27723963722753947,-0.000378741095914246,53.45841970694036,4.893786433383007,2.09403110769657,0.5548886340343876,0.2370993869302869,46.27812125550896,7.07853383436059,3.9957836468397456,0.44158048455137533,0.24945504036607247,64.89136097801415,2.6638106880066736,0.14441567733458616,0.13058233089965862,0.007053799634063921
2007-11-01,65.29417525407952,3.6083059461430533,0.6761945505916245,3.6083059461430613,0.6761945505916305,68.11728889518592,3.537542393847515,0.26390711571830927,2.8602900797517066,0.21411395487280174,64.35064416083014,3.833406581374277,0.2908173181319196,1.3622621691382817,0.10396908639775773,57.06477734855494,7.231129264663383,0.5776838697566511,0.9390412948761053,0.07771776003270547,68.40062176478266,1.7982903635566538,0.1106648116712794,0.4083437606476454,0.02482950226919877,71.11454958614608,3.290364879573815,0.2413181464547165,1.5006774796707727,0.11019922654997354,78.24404940688251,2.867161690634634,0.18272471407756452,0.7123030410733949,0.045292473670008306,63.7274342909082,5.310449024405761,0.0,0.13690876540873215,0.0,60.250278248437574,3.6685498264220184,0.39551213946442676,0.633459014813789,0.06852497081721413,55.56820052689029,3.9028092520668745,2.422834445422195,0.7491135247977735,0.4584128358892329,56.07784378939593,3.9844160680184704,1.639509669918704,0.3014623512599323,0.12331624627937343,59.05202867079938,0.7086136269309096,4.303409841811212,0.023546318233505798,0.13416108066729282,53.073955772837124,6.405003368469453,-0.14410390329920864,0.27151889400846313,-0.006325239771923894,55.05704214666742,3.8445339619119334,2.9904034733737372,0.45226148411972494,0.3446631008371814,48.91808943495869,4.8749127136595405,5.704570773031259,0.3273257553789635,0.36927199372165537,64.95684786036678,2.710102930321434,0.10091772058042903,0.13256574748223676,0.004921758450637851
2007-12-01,65.54943242722499,3.4203741959272893,0.390934064412618,3.4203741959272955,0.39093406441260725,68.36795138474284,3.5468954169310507,0.3679865913962299,2.861737726875252,0.29733340227371363,64.65874723921384,3.865107852961036,0.4787878698053971,1.3718173131113955,0.17051456474563725,57.445739731889624,7.094734376208134,0.6675963721153977,0.9233666908448194,0.08972611020753861,68.64663334497409,1.919946823369001,0.3596627835305677,0.43452306434842114,0.08024306700856787,71.31006611519685,3.280613212680983,0.27493182504645386,1.4919310413459548,0.12500677698887552,78.37706149313144,2.817567522199127,0.16999642433794815,0.6975110193276162,0.04193093861111474,63.74156581619521,5.327740081418186,0.022174947797992672,0.13657935845226563,0.0005810847897628585,60.56046431219998,3.7259601046027546,0.514829263498795,0.6426418965182226,0.08894873464027934,55.83831809233139,2.8995631929643606,0.4861009766015112,0.5614869685404854,0.0935684688725897,56.64612500494841,2.0830582882851,1.013379219227284,0.1612428046104829,0.07695096634900236,59.402219687680514,-3.481754008010829,0.593021145528061,-0.12074069708016677,0.019153834634571446,53.767826340360514,6.34076074258485,1.3073654628142695,0.27092083473087014,0.056917416398339714,55.117090259890894,3.4968464804551402,0.10906527281924205,0.4108368926606488,0.012859422360361323,48.933413456336034,4.158625833821894,0.03132587873799775,0.2796356997583298,0.0021290881209043277,65.08446150486067,2.7640514881111633,0.19645910892753804,0.13462726570001482,0.00952656424786444
2008-01-01,65.78622765515844,3.367860381329546,0.36124680133020615,3.3678603813295434,0.36124680133021364,68.64730624732317,3.484255046396867,0.4086049924302282,2.8127976822662437,0.3300776296384601,64.91289263115758,3.6360364213540164,0.39305647386500553,1.293119972177125,0.14010485592945934,57.91414006453896,6.377477347418092,0.8153787118687195,0.8389683532949659,0.1098903218654545,68.73297902205455,1.961637049709819,0.12578282848416666,0.44251090357033385,0.028054211930211237,71.61077333752671,3.356904973130015,0.421689725885388,1.5256432030553393,0.1915135220557011,78.7217335465359,2.920006301956568,0.43976138788346386,0.7223490342095288,0.10823184336247771,64.04260645001477,5.5398729513778555,0.47228308555775644,0.1418168021873867,0.012330511493302571,60.790072352981326,3.7284973347814,0.3791385079177534,0.6428518340155154,0.06558584078812914,55.93049348519748,2.887335747305597,0.16507551805853282,0.5578092317043432,0.031805131706393146,56.44333463317183,2.017147143605391,-0.35799513516390213,0.15504323801679312,-0.027352914860934982,58.16869920348063,-3.47100195822313,-2.0765562140360627,-0.11737135774544039,-0.06720515748260748,54.21702515292337,6.084656860169102,0.8354416444498636,0.2617043227140507,0.03670378200060763,55.41609013212362,3.518729278380772,0.542481235534864,0.41385659663953395,0.06378206891508365,49.19203419096172,4.656200527680121,0.5285156222679221,0.3119660723693099,0.0357923104464599,65.44773391582132,2.271559389472988,0.5581553608360323,0.11133404923479814,0.027013266934691655
2008-02-01,65.97032534493282,3.4047570767819613,0.27984229577562303,3.4047570767819506,0.27984229577561587,68.96026826452481,3.567257169942728,0.4558984675583577,2.883577127702676,0.3684558370500771,65.15779250782825,3.6872011033560526,0.3772746318088549,1.3124108513833204,0.13452204680275437,58.18922950131723,6.496352007205597,0.4749952886664799,0.8556191644315359,0.06430579574893687,68.94949103439134,1.9704792182610342,0.3150045515520672,0.44478155187820584,0.0700928021814784,71.98461370765547,3.4667076813117204,0.5220448721684923,1.5782386830381694,0.2372333460000702,79.15022077127783,3.1155408335521884,0.5443061343264555,0.771562775047825,0.13406666737002373,64.21974690245672,5.395934987584772,0.2765978186415774,0.1383656342756695,0.007229490215314128,61.11241755075376,3.730871745867148,0.5302596053854192,0.645082978441356,0.09174410202092025,55.67813162684195,2.7293585731634096,-0.45120620725851435,0.5244374557662443,-0.0867640607749753,55.304910975781304,0.7842345369472037,-2.016931963338453,0.05963952432185936,-0.15300095671546304,54.96387288349876,-6.2655171134822325,-5.5095375414379255,-0.20566099134153107,-0.17397814176267204,54.40051125942807,5.839583622008426,0.3384289454966716,0.25198215517265554,0.014938581282151515,55.7864789598948,4.128048250674432,0.6683777705863037,0.4847238802312176,0.07872622554429963,49.34634900355368,5.239064092763002,0.31369878300400167,0.3493164044896096,0.02127982050673843,66.14562261257682,2.918052464585852,1.066329810063582,0.143287454524697,0.05170884179762537
2008-03-01,66.44209158034957,3.9167013280959617,0.7151188552581456,3.916701328095958,0.7151188552581386,69.28034468582881,3.7728441440062266,0.4641461371295952,3.0511673881732104,0.3757801617021598,65.50851015601909,3.9935779672821026,0.5382589475367849,1.4217895246026153,0.1921095161380053,58.60254180800368,7.108235456297751,0.7102900489120545,0.9354242769389777,0.09634759918061545,69.24491308043706,2.0934300582790444,0.42846153265780895,0.472951929345772,0.09537195506306406,72.27390883151125,3.5878802725722414,0.4018846652851016,1.63447061203588,0.18306992666340785,79.41588555464112,3.1852109735043044,0.33564629482334407,0.7892018706334339,0.08289021792540548,64.30717447756405,5.391731051128645,0.13613814959458903,0.13814910509428296,0.003558153791378422,61.463000231700455,3.9699626308337788,0.5736684866959108,0.6872682433055132,0.09950244790355847,56.661821583178714,4.516037331122202,1.7667438320838613,0.8660806061242363,0.3372568256047083,57.05754909808729,4.75383384014636,3.1690460962381595,0.3580588881122567,0.23489233545737181,57.92684636411716,0.5163921494626189,5.390765470436754,0.016622251700082347,0.16039998058782118,55.35691360915907,7.7413589305067365,1.7580760319881206,0.3331883694188748,0.0776485162452376,56.22761868512491,4.347287118503296,0.7907645964665422,0.5123012846196325,0.09350268406143446,49.61125870286103,4.8146180874572675,0.5368374857646963,0.3233386477353222,0.03642877455523043,66.85572942060806,3.8344483055634093,1.0735507203408323,0.18821565578669197,0.05246729568816455
2008-04-01,66.68678360594703,4.271101939835065,0.3682786314779918,4.271101939835084,0.3682786314779894,69.57827046171813,3.967652528745935,0.4300292922045257,3.2155998988874006,0.3472910375867556,65.86092455151577,4.279796977606831,0.537967349062507,1.527266723948067,0.19166827250424306,59.177570147003166,7.852421990438274,0.9812344674116957,1.0360154577940077,0.13309358985674366,69.42097650242098,2.0994729232464815,0.25426188603834277,0.4753659799424283,0.05643548384861718,72.51908244467182,3.7059943956555763,0.3392283842460264,1.6916164913616334,0.1540476053944084,79.74139260419625,3.3296287474386954,0.40987649672579174,0.8269835496448084,0.1008405074506824,64.36986112740466,5.367551669192183,0.09748002512921516,0.1376578610755014,0.0025331253043953984,61.622413574549505,4.0686997305818595,0.2593647271498245,0.7053267276442079,0.04492347121931885,56.7257605733791,5.549474758635897,0.11284316037478703,1.054754677478826,0.021765748881922925,58.29043831219511,6.902035284024088,2.1607819361262104,0.5202809591121148,0.1640612346781073,60.29857828644559,5.111547694235941,4.094357057555276,0.16374137153775475,0.1274815914207638,55.84901927964373,8.15230128872091,0.8889687636111976,0.3525537616092146,0.03966945434284153,55.47072697112931,4.573385435357968,-1.3461208774182665,0.530397198042014,-0.15928944192886396,48.183475531640276,5.0055891525311536,-2.877941839315623,0.32580701278128743,-0.1949459833954358,67.0902152683131,4.113955728282481,0.35073411020591916,0.20204479792960373,0.01720231794046247
2008-05-01,66.6742204043948,4.651384447274953,-0.018839117547586604,4.651384447274948,-0.018839117547582503,69.92627724796688,4.2617220688453195,0.5001659051588891,3.474693176160045,0.40418178151251233,66.28936806542062,4.692427918814723,0.6505276335283305,1.68520652834877,0.23216336243584654,59.910356435073936,8.663821379137836,1.238283840060439,1.1529876021923484,0.16898523075412888,69.60953540697079,2.259833011218859,0.2716166122256114,0.5142253066322324,0.06021902017779611,72.78988779247092,3.9004327675092876,0.37342632955361665,1.7905153200578634,0.16952821334468504,80.0801008751423,3.5529296976235525,0.4247584095091739,0.8876745861687474,0.10454516440047602,64.4195023818276,5.371151008472053,0.07711878440235242,0.13838051554789174,0.0019986092102036923,61.83118167572749,4.248092288665606,0.3387859855982889,0.7404783041385623,0.05861601681070219,55.493371956979246,6.345734103907619,-2.172537845139444,1.1755499303895154,-0.41798340874360995,57.31664691979189,8.632787993361667,-1.670585126136348,0.6320961939772911,-0.12910747214801738,57.06799816657806,10.06638478440487,-5.357638955467259,0.29256587490489105,-0.17300789327106533,56.31347843014383,7.738907577168419,0.8316334941791848,0.3400537990037973,0.03730344190485851,54.06019313600978,4.704955113137976,-2.542843608041534,0.5331499950050851,-0.2957605684340315,45.79294543726138,5.286361438928,-4.961306896197481,0.32739019953934473,-0.3251994274798329,67.1237492460245,4.11941475679225,0.049983410512677295,0.20317986603138874,0.0024510881455353252
2008-06-01,66.89653789462734,4.962159569789848,0.3334384547492686,4.962159569789852,0.33343845474926936,70.20478157834826,4.443053896727189,0.3982827934537081,3.6293313450450615,0.3235212397262427,66.60246373310505,4.965417388532334,0.47231656722905857,1.7863593095311205,0.1696910729775906,60.34099543910646,8.966553078241635,0.7188056116795405,1.1980779699685389,0.09932683617241825,69.82663336069663,2.50560131764761,0.3118796188720241,0.5703494138579562,0.06934644359212577,73.03424898490307,4.0049835337017115,0.3357076097284972,1.842157625985392,0.15300259941630867,80.29749436843134,3.6760752695969012,0.2714700542497894,0.9195066516499886,0.06711297863389588,64.5110090583572,5.328456590759489,0.14204809591236156,0.1374812810858121,0.0036848494110484757,62.13377115079819,4.346356614652369,0.48938006175851534,0.7603207259738144,0.08497434092656776,55.525005654707044,7.2421868574853,0.05700446127570036,1.3306778505606123,0.01073107303727281,57.074097271042874,10.602906677847468,-0.4231748746371,0.7590174888585017,-0.032163842113128505,56.128402752064986,15.35268779669412,-1.6464488762518825,0.418594648650206,-0.05032781955991719,56.51397799765684,7.831050003899254,0.356041880385205,0.34490723882906904,0.01610633198797055,54.28422823887128,4.8896947879621955,0.414417873605899,0.555198454348071,0.04698450545034865,46.14029944272787,5.68870125964227,0.7585316955476928,0.35350000044187535,0.04726173852644236,67.16669038453833,4.082790120043556,0.06397309297554443,0.20149989465301557,0.0031392741074267906
2008-07-01,67.22155774435218,5.074542236803503,0.4858545149777349,5.074542236803504,0.4858545149777368,70.42571660189145,4.523151948817206,0.3147008203374657,3.6895863694595596,0.2557936255019393,66.79812429638123,5.044137270335458,0.2937737619741032,1.8117912758215964,0.10569137332116449,60.65796155030187,8.971972601267119,0.5252914853141277,1.2004969421721192,0.07286523594932896,69.92611549001789,2.617625334881035,0.1424701786886695,0.5938001078128688,0.03167144218766921,73.27702430274246,4.086391322281702,0.33241297228863154,1.877272337253907,0.15150445692584716,80.51001184740173,3.743870861021592,0.2646626531025875,0.9347923638669751,0.06538963790680007,64.64521961689154,5.437003851731825,0.2080428759266839,0.1398997190104686,0.005386515944832543,62.4311237518752,4.446797661914181,0.47856841065598843,0.7779187860322341,0.08322619368301262,56.20128811143767,7.478196950553961,1.2179781861459293,1.3824927652698067,0.22865232199190916,58.06754197594989,10.447526239823857,1.7406227210027936,0.7591106286822581,0.13130016593617716,57.75898021408884,12.486681179272141,2.9050843816571303,0.35791470642577067,0.08704883551158858,57.08684315773849,9.188703519713881,1.0136698572261293,0.40220053546833895,0.045865900140413855,54.7359823933609,5.368415164782148,0.832201486777584,0.6095285231348396,0.094426751294024,46.55546660833394,5.957932492322704,0.8997929589108944,0.3712077621079047,0.056300815443261126,67.67909746370557,4.769851075613185,0.7628886822227621,0.2347608187704968,0.03733576964601511
2008-08-01,67.60391936329053,5.2423323959839285,0.5688080308886789,5.2423323959839205,0.568808030888687,70.72987598053497,4.687337154468851,0.43188680686474523,3.818407882573639,0.350446262201712,67.21724690287019,5.4094813940710695,0.6274466699533576,1.9405067085576588,0.22530581349302561,61.04257802791842,9.062311357835306,0.6340741887568946,1.2143025987912273,0.08798942915101672,70.36182430148303,3.142940052075316,0.623098835695135,0.7108511672892144,0.13804293367706377,73.47225880631025,4.0818900724563845,0.26643344953689585,1.8726328417583638,0.12124742390239371,80.65650180471174,3.6825863429007955,0.18195247267838166,0.9179584140280973,0.04485565466167146,65.48228118741767,5.414235488465291,1.2948545545777845,0.14057405601155437,0.033432876181982644,62.56783758335941,4.546324031859239,0.21898345451472068,0.7930732235742872,0.03807990145065841,56.847194230156695,7.644486404547068,1.1492728021434306,1.4214620943770881,0.21732613830527256,58.53145245868267,9.412220684295725,0.7989153095629975,0.6930417165723438,0.06101699729141491,57.6281059543216,8.669124010349627,-0.22658686022872798,0.2555919418258714,-0.006952977737682621,57.91523353219696,9.882182110172844,1.4511055939273376,0.4342883022644113,0.06600360012196464,55.50787473572029,6.372219383909328,1.4102100823041308,0.7238227399703377,0.1605627121852303,47.1804088665227,6.660554448253597,1.3423606371435026,0.41608509976573743,0.08433865064358258,68.68066821965118,6.078155372583827,1.4798819627917181,0.2986156531358226,0.07262509151772073
2008-09-01,67.97189101325465,5.1149177112163935,0.5443052021683936,5.1149177112163935,0.5443052021683994,71.02012869907337,4.79527650151228,0.41036791668951356,3.8923975967276148,0.33253182299354916,67.54739490977322,5.602244078122776,0.49116561911572987,2.0024992837897484,0.17647235793203137,61.305250066880866,8.834141088380987,0.4303095436800186,1.1834312510691056,0.059752097682035515,70.73551118661719,3.5860724430052837,0.5310932296652915,0.806522709102565,0.11772329000988098,73.7233597423344,4.1187036101913765,0.3417629185542115,1.8827663569975646,0.15506042731227296,80.81615410636047,3.6077020852828934,0.19794101910752815,0.8957560019010431,0.04860950832325806,67.15190287094235,5.373617529307473,2.5497304816642474,0.14218477543037342,0.06630879099605837,62.672778811349744,4.797153807922694,0.16772391702128964,0.830692026690589,0.029064723786583258,57.477113841907496,6.472496636087488,1.1080927041015487,1.2221246022231573,0.2107484510552048,59.22043235289475,5.599958485097156,1.1771105367638368,0.42939091736622287,0.09010728232105024,58.98781151859816,0.10088591813632863,2.359448643608575,0.0032833341865338697,0.07182872748691713,58.16867739172035,9.431936063929513,0.4376117371304389,0.41526192189266625,0.020079414792901103,56.09459288503698,7.128552291174994,1.0569998439142525,0.8071395748257401,0.12135402434547678,47.63662021398086,7.04859045785271,0.966950813734635,0.44004044577793844,0.061219465933597374,69.47004417876404,7.210526586398136,1.149342281569421,0.35218897792311066,0.05691485713339712
2008-10-01,68.39557818728153,5.4582052562603955,0.6233270366779342,5.458205256260402,0.6233270366779423,71.24059336996694,4.861193866742886,0.310425614444787,3.9439991656861655,0.25121087961697786,67.71616567217353,5.536000291449161,0.24985532399250943,1.9791561805773474,0.08972381757536314,61.49427921248403,8.38475959791667,0.3083408768367102,1.128029997855572,0.042767179081537786,70.88513198654084,3.7469763482378404,0.21152147968355184,0.8406968424394349,0.0468801539951072,73.99018830248119,4.294747678328825,0.3619321760149896,1.9612195739615808,0.16388057542203505,81.1360219755319,3.885571050915826,0.39579694518803166,0.9631271030027947,0.09686328292618374,67.15869692406723,5.38427864127673,0.010117439468437794,0.14204672324402198,0.00026836414697308983,62.90568231118427,4.8202327974737225,0.371618275512553,0.835135710945162,0.064156194530075,58.58719593445588,7.987421095496416,1.9313462669710457,1.511261474239907,0.3693829803743295,59.95353620097482,8.664092815870417,1.2379238363399603,0.6516725232381199,0.09535892897489961,60.36561603747826,6.623595016710793,2.3357444248388592,0.2064940821370641,0.07239080819193412,58.48171117551858,10.030307514567971,0.5381483606549997,0.4402663533966998,0.024666243317489966,57.46626641765864,7.497129044759143,2.4452865455906414,0.8640920086372013,0.2821746153153873,49.81008778024982,7.632043887953688,4.562598178682431,0.4940424397922332,0.29008090364624495,69.66314690612307,7.353499535516983,0.27796545927354366,0.3586302610932073,0.01384754180294291
2008-11-01,69.1364312003625,5.884530942203625,1.0831884643951017,5.88453094220363,1.083188464395098,71.57872780609827,5.081586432834362,0.47463731018539956,4.105925102569069,0.38290423449689787,68.10540781697591,5.834850148137716,0.574814213029673,2.0780119884200157,0.2056514213756623,62.0367281510897,8.712819069048127,0.8821128494429731,1.1710179932982412,0.12196691098616,71.14967771628008,4.019051114697358,0.3732034099752646,0.8966760050671403,0.08237570416501455,74.27841411663285,4.448969372510958,0.3895459935489676,2.0228699317942933,0.1759257330202121,81.37876316877141,4.006328641795953,0.2991780806220756,0.9881920810353738,0.0730522129754842,67.15793917811357,5.383089599285484,-0.0011282916262067566,0.1410615040255965,-2.9745447635479794e-05,63.30198066312567,5.065042856905366,0.6299881622473746,0.8751040101308588,0.10848911694771406,60.68851721811519,9.21447274281826,3.5866561799785535,1.7736728529975598,0.694889214209034,62.31948330302716,11.13031295759539,3.946301172496769,0.8451804828866267,0.30584559021468505,65.27606760270007,10.539923982287181,8.134517441473843,0.34042624371836466,0.256400329685441,59.20039600320082,11.543213881749459,1.2289052649729681,0.5025449499548009,0.0562796780087643,59.37600921022148,7.844531589707793,3.3232414625356643,0.9249153495304268,0.3904301878843844,52.75129387806644,7.8359651560071075,5.904840221909491,0.5325775685020278,0.39011510003192595,70.05866384823418,7.854161887341604,0.567756352787363,0.38085878655027466,0.02818711943331023
2008-12-01,69.53461342165303,6.079657514735182,0.5759369038540241,6.079657514735185,0.5759369038540242,71.90378700251244,5.1717735373868035,0.4541282115194001,4.1778411470071495,0.36415333522415877,68.5777034621162,6.060983842454681,0.6934774495580776,2.160435775774949,0.24685780742656965,62.810940577089006,9.33959745359676,1.2479904228890337,1.2587173976094295,0.17221237887921745,71.38292847527224,3.986058743110199,0.32783108297731456,0.889038178685675,0.07185260494259219,74.46444236049543,4.423465601900989,0.2504472477972808,2.0089497683008934,0.11233017837291512,81.43601839842292,3.9028726607204467,0.07035647559887614,0.9605552331728143,0.017046142814173538,67.17001823945873,5.378676189332676,0.01798605122935726,0.1404281258410815,0.0004690845591486324,63.69393009591266,5.174111228010259,0.6191740427093917,0.8950513549363944,0.10614878215553322,61.33301783960925,9.84037473727648,1.0619811638793442,1.895946886856759,0.21084704533237678,64.22844589537115,13.385418490250434,3.0631874514454704,1.0227239880625145,0.2441269236204505,68.03305418419292,14.529481460273374,4.223579456828075,0.4702285847491804,0.14241405995941672,60.53769889934314,12.59093591793734,2.2589424842192063,0.5531624742263223,0.10360100784980279,59.131023367634924,7.282556261256401,-0.41260072181541485,0.8562443729052609,-0.049548506160110486,52.20784308933619,6.691602734646684,-1.030213192469609,0.45317094210971715,-0.07130969747591777,70.25594609884953,7.945805303471154,0.2815957938374636,0.3845562987198644,0.01390896087931231
2009-01-01,69.71697133085867,5.9750251926658615,0.26225486880875337,5.97502519266585,0.2622548688087674,72.24615018636025,5.242512977961766,0.4761406848235117,4.236983988750678,0.3813421441882318,69.10577530896346,6.459244855456259,0.77003431171907,2.3031255364033356,0.27443016946796306,63.479237066375944,9.609219778857625,1.0639810248769033,1.3009150598960095,0.147801663266261,71.79297191252732,4.45200096665519,0.5744278723408325,0.9906308386021611,0.12559004920017988,74.63194148750551,4.218873793945743,0.2249384024111789,1.9171868163982793,0.10056249115249268,81.58748637399961,3.6403578762269406,0.1859962932318826,0.8966473418563987,0.04483711863523296,67.40567746203864,5.2513025288075,0.3508398966631132,0.13725430097792293,0.009099306717477022,63.86556580967726,5.059203481183383,0.26946949812349796,0.8753298867352047,0.04621665920918694,60.97356665009363,9.016679186338393,-0.5860647367061045,1.733849597649033,-0.11692032590953705,62.947494233680736,11.52334397458934,-1.9943681399003488,0.8741408657906661,-0.16287593235488576,63.06815030339237,8.422830778410418,-7.297781850802332,0.2659730396948776,-0.2549969426523059,61.598284744734286,13.614283651660152,1.7519427805714916,0.6009476601657634,0.08169320505963051,59.41949792752661,7.224269676655326,0.4878565319226036,0.850925193784223,0.0580100193383037,52.049804760699665,5.809417351281265,-0.3027099364478536,0.39408300312858074,-0.020618483132121987,71.21481991211651,8.81174282323174,1.3648294080587098,0.4273021454597397,0.06721621343578646
2009-02-01,69.9351566165318,6.010022310589558,0.3129586404975626,6.010022310589559,0.31295864049755173,72.63073715978052,5.322585000940183,0.5323286741621747,4.309250238935872,0.42725273356760674,69.57478721087634,6.778920115375953,0.6786869835639475,2.419458272384916,0.24310015486265635,63.722282033098864,9.50872279835977,0.38287316917307024,1.2898147936877196,0.05361166630275844,72.42223304602967,5.0366463327570665,0.8764940588739556,1.121115365331719,0.19222895537633922,74.93535777686908,4.099131629985808,0.4065501758578227,1.8672713634216327,0.1816874378893839,81.97195591809954,3.5650376200159206,0.47123592255007285,0.880411164350604,0.11351188873049466,67.78595934656467,5.553139985937139,0.5641689229222369,0.14513878845760061,0.014645089618479799,64.03179862285931,4.777066902452365,0.26028550921703975,0.8285793304261447,0.04464472742179744,60.62820685543175,8.890519642012219,-0.5664090418784018,1.6971268714744991,-0.11204291570988699,61.60353439050205,11.388904355128581,-2.1350489952618124,0.8441550741254167,-0.17044057796918904,58.08240170642189,5.673779265033163,-7.905335058958118,0.16882093813240356,-0.25539773210156097,62.57063427870694,15.018467345493768,1.5785334575501686,0.6633169922329188,0.0747007653026914,59.7761522685239,7.151685109033856,0.6002311588568121,0.8456394687431426,0.07153285150790514,52.43546233772566,6.26006461784947,0.7409395266688712,0.4247961230575592,0.05018323851507565,71.53294476282169,8.144638960916728,0.4467115848888703,0.3980502947267375,0.022241942481141544
2009-03-01,70.39140938879555,5.9439998267814875,0.6523940094471659,5.9439998267815,0.6523940094471802,73.04645460245293,5.436043850102945,0.5723712286684668,4.39014119105969,0.4603959424003883,70.11480032829306,7.031590493057083,0.7761620826521209,2.5052316002265727,0.27902854944613953,64.28725127148383,9.700448629181736,0.886611747663868,1.3157584391468704,0.12423399076541829,72.93112028462812,5.323433939340849,0.7026671468070012,1.181579255876178,0.15497170746251357,75.23267223377565,4.093819540274235,0.39676124292602477,1.859051678407684,0.17747819180672988,82.27467686687967,3.599772630214648,0.36929818910578227,0.8856397027828942,0.08909736155438323,67.83075773546614,5.479300383709784,0.066088006031495,0.14238562653182044,0.0017198546782332081,64.35915838758896,4.712035118641622,0.5112456182244207,0.8161517426170272,0.08764389731114329,61.220373637560165,8.045191501105498,0.9767182848413158,1.5517964698829951,0.1915136029023244,62.970661067895435,10.363417397482234,2.2192341574547303,0.78686100864192,0.17283767837962719,59.539904632866204,2.784647136855445,2.5093709688715604,0.08670256246864085,0.07442846400418318,63.853297391677984,15.348369749272184,2.049944239429813,0.6849075894775809,0.09823318072535232,59.822628914111775,6.393673274905964,0.07775114962083052,0.7565774106323551,0.009292568244010837,52.45676947258787,5.735614947344092,0.04063497089998869,0.388519003759104,0.002763915944035158,71.61761494677584,7.122628931634911,0.11836529900299819,0.34934077949242714,0.005901312065364407
2009-04-01,70.70111707607117,6.019683741001636,0.4399793809568342,6.0196837410016295,0.43997938095683464,73.32824143292564,5.38957198321095,0.38576387041138194,4.355288481873171,0.3100486348969832,70.59134395992069,7.1824369922181,0.6796619677961635,2.563301905489859,0.24463742294936403,64.78783242875633,9.480386348774882,0.7786631834025171,1.293762563119475,0.10936189409576208,73.37867280893695,5.701009271135726,0.6136646777975763,1.2639477001030177,0.1354100067984492,75.33164074270059,3.8783699451445663,0.13154990509629538,1.760703719729815,0.05869510532131427,82.32012718961857,3.2338720220527195,0.055242177143322024,0.7959481781332173,0.013290313639026139,67.85832839773636,5.419410900121591,0.040646254281484495,0.14044936811179112,0.0010516045240780358,64.54283614367355,4.73922133152247,0.2853949005647838,0.8199698011344223,0.04885722965292451,61.62371152519968,8.634438573079528,0.6588295099722474,1.6612148209236137,0.12959865528528047,65.310174495974,12.04268896758367,3.7152435569257847,0.9306925496609805,0.29385365664061747,64.85621525726704,7.558448474805823,8.928987470138171,0.24407603011203843,0.26972168258214874,64.27435665338078,15.085918217382165,0.6594166298413695,0.6766883221304147,0.03203794980676994,58.8655736053754,6.120068763499353,-1.5998215493177814,0.7118310424690345,-0.1901139175412071,50.79038856685252,5.41038811843364,-3.17667466466105,0.35463541267862714,-0.21475829532900834,71.70663608189578,6.88091519027072,0.12430061401247361,0.33742654773490366,0.006164347264458859
2009-05-01,70.62334985945247,5.923023068144295,-0.1099943251745561,5.92302306814428,-0.1099943251745536,73.52390158946166,5.144881842825955,0.2668278315592687,4.179137485711121,0.21434083248370417,70.9564529038932,7.040472665038311,0.5172148927774955,2.529458934309051,0.18661050149555639,65.16377463634078,8.768798107485942,0.5802666851030258,1.2117002968523978,0.08177225943777774,73.72730491944283,5.9155250619007615,0.4751136769857389,1.315317193558737,0.10501891304759486,75.3686016197731,3.542681415658011,0.04906421353381152,1.6146177500650227,0.021824309531557087,82.3865841920992,2.8802202941190957,0.08072995602588229,0.712049671903269,0.019347835771658384,67.93208628878106,5.452671593353298,0.10869394042893887,0.14144697667615766,0.002800961394698336,64.53061213059814,4.365807642214836,-0.018939380116800297,0.7580644492877556,-0.003237274030204351,60.621109381748575,9.240270042960375,-1.6269746151870712,1.7394781126964851,-0.3207402694463946,65.36297620935879,14.038381032349667,0.08084760727142815,1.0670016064532424,0.00660308605944539,65.09819270675187,14.071274266067935,0.3730983199142557,0.43012362087605377,0.012222886865113042,64.20717988031278,14.017428278668632,-0.10451566778064691,0.634108979622097,-0.0050890183304928005,57.12479889875473,5.668876829638259,-2.9572033363515993,0.6427072557994412,-0.34428081899462504,47.86073405817339,4.515517840504457,-5.768127772487874,0.2813477996266348,-0.37591136844750334,71.71733292642001,6.843455158559353,0.01491750988293905,0.3358205862082671,0.0007374677572365166
2009-06-01,70.74986715750471,5.760132563133502,0.17914372272629375,5.760132563133496,0.17914372272629603,73.68716678821805,4.9603248262847455,0.2220573109245727,4.0318276565724105,0.17904990712146576,71.15945833526293,6.842081128438493,0.28609861832396,2.4615845403621495,0.10387217556435942,65.31721921958356,8.24683740177754,0.2354752837740115,1.1439510632024117,0.03341292029391296,73.96318542428259,5.924031940961805,0.3199364266705418,1.316925667273051,0.07113283941406985,75.49378845823612,3.3676521734911757,0.16609945756267397,1.5348808746757487,0.07400053815247346,82.469735616472,2.7052416331619256,0.10092835525126187,0.6683782874884965,0.02423479212473965,67.9677908640075,5.35843704215393,0.05255922079980824,0.13873729844570623,0.0013573769356736646,64.7270399237152,4.173686426698886,0.304394746356218,0.7258315158003487,0.05207707185060341,60.6229642961626,9.181374376003127,0.0030598490079469798,1.7236290387047999,0.0005940550596348872,65.29609412776155,14.405829000978688,-0.10232410682007309,1.086673013889526,-0.008373107861025048,65.18424504857636,16.13415285753559,0.13218852666483372,0.48344868296503857,0.004351505662830792,64.04552063638032,13.326866919606605,-0.2517775180810089,0.6030057448802156,-0.012260082218176744,57.17490507421302,5.325076784036908,0.08771352621668171,0.604216297491702,0.009920635121553062,47.94183714039932,3.904477689633601,0.1694564110265251,0.24430651032485196,0.01041800050442224,71.72183717146831,6.781853863650489,0.006280552921444915,0.331903906200903,0.0003108760934245808
2009-07-01,70.88527541086007,5.45021238639134,0.19139011675304296,5.450212386391344,0.1913901167530333,73.87581609302542,4.8989199650420145,0.2560137850727173,3.975134603062731,0.206518219715071,71.30326534968212,6.744412512710252,0.2020912156774246,2.421807972654763,0.07345042702801102,65.45188383635967,7.90320374034057,0.206170162148811,1.0967145452491642,0.029271100915188655,74.1106436443483,5.984213658955162,0.1993670489174315,1.3257582295286152,0.04438842834379332,75.72267547719191,3.3375416069644004,0.3031865582986404,1.5188345259008196,0.13505791909326612,82.5889026780233,2.58215193727942,0.14449793085975493,0.6365624708343233,0.034669575263572006,68.03638877271057,5.245815817343025,0.1009270830065967,0.13544587697102664,0.0026032157033505734,65.13135118399687,4.325130271326505,0.6246404296537778,0.7521140574677708,0.1069995968366167,60.5778876854632,7.787365238582211,-0.07435566904842039,1.4725816287633362,-0.014410424089036863,65.10430558601004,12.118239158417632,-0.29372130801000873,0.925528096726966,-0.0239674729661633,65.91109164350075,14.114015516194002,1.1150648356558213,0.4330985281950552,0.036689543171648034,63.280184507242545,10.84898201918616,-1.194987754854837,0.49346641203879843,-0.05793856567041989,57.232951072292785,4.561841351430185,0.1015235582891183,0.5193989385947361,0.011472107018894223,47.98226790823197,3.0647341844977083,0.08433295477234815,0.19255298356470588,0.005184199295718114,71.8069544459208,6.099160799874559,0.11867692994114165,0.2993158389717635,0.005864158624102686
2009-08-01,71.11788844005,5.197877741194357,0.32815422926928406,5.197877741194355,0.3281542292692839,74.07984704251582,4.736288612895034,0.2761809754270317,3.837938158945316,0.22293015180617826,71.5739168959371,6.48147639751202,0.37957805288111324,2.3287489560222063,0.13797308193979135,65.65509627901045,7.556231076909059,0.3104760791283745,1.049246209029575,0.04408648269179083,74.426156115611,5.776330921599349,0.4257316570839942,1.28039417995414,0.09479532261055887,75.8633817396449,3.2544568142898633,0.1858178697018653,1.4765717311519366,0.08286705713018769,82.70775413061547,2.5431952539552105,0.1439072910988104,0.6245470060839278,0.034511702361685166,68.5138192307773,4.629554725931162,0.7017280997404063,0.12039710821757622,0.01808335461588168,65.23492992400563,4.262720981994672,0.1590305407854098,0.7386830102782409,0.027359397286642776,60.90657453307999,7.140863076703696,0.5425855211779851,1.358122679665886,0.10487631800479402,65.27349478531339,11.518665680456031,0.25987405561038734,0.8817486786620098,0.02110288449813975,67.1407483824155,16.506949639528344,1.8656294536368634,0.5025212947566227,0.06195167257322383,62.77937216177178,8.398720566102336,-0.7914204886893872,0.3853676208098849,-0.03784078592950017,57.6727050865051,3.9000418608923892,0.7683580978671722,0.4477633347441679,0.08674617155523803,48.33188242614218,2.44057562722082,0.7286327494541611,0.15451741117208123,0.044743376639149346,72.38714301264969,5.396678409046096,0.8079838104898984,0.2672408259672963,0.03989576202939733
2009-09-01,71.475880494443,5.155056640258948,0.503378351418271,5.155056640258938,0.5033783514182787,74.28239064489956,4.593432883864601,0.2734125547903643,3.717220040881685,0.22058118658948594,71.79552803783972,6.289114678280283,0.3096255612569321,2.2584404810260246,0.11260368983238966,65.86355888325514,7.435429773798141,0.3175116876819484,1.0313013310026367,0.04507756949854016,74.65268285193616,5.537772470442093,0.30436441722623275,1.227353489549152,0.06783706100333164,76.04674600634307,3.151492650537069,0.24170325985133356,1.4269757242774948,0.10763669949437898,82.87438030319429,2.546800475218136,0.20146378574816826,0.623277814512656,0.04822611578263212,69.87316079106039,4.052391375041076,1.9840399725847613,0.1074893067515271,0.051318582254337816,65.2156215426894,4.057332034045968,-0.02959822496738651,0.7004579709927842,-0.005083454570169886,61.789511216245536,7.502807789200094,1.4496574301449128,1.4349625179833252,0.28080306499521585,67.3476577253199,13.723684629647748,3.177649590892151,1.0571537839853866,0.25786312092050356,72.6921194308294,23.23243998959079,8.268259115604115,0.7200338740969578,0.27877034685320373,62.625905002662634,7.662590608561293,-0.2444547529301344,0.3512178763548475,-0.011557868610338187,57.716911907050125,2.8921130158445107,0.07665120004118897,0.3337362973538259,0.008691744719081214,48.284410767148145,1.3598583406157827,-0.0982201739536559,0.0864570845006165,-0.006055512208106881,72.56879613859822,4.460558498941358,0.2509466714507358,0.22221383347410098,0.01245023794867901
2009-10-01,71.57680665073664,4.651219490745784,0.14120309619898297,4.6512194907457785,0.1412030961989778,74.44763552964915,4.501706131260552,0.22245499009250214,3.63166211996071,0.17905947330203995,72.00254581731747,6.329921522572746,0.2883435572319293,2.2646575690122273,0.10466175569084024,66.20103735855258,7.653977258282962,0.5123902823041204,1.0582908564823315,0.07261021964696039,74.75634079995072,5.461242301340308,0.1388536139018015,1.2054382895871312,0.030886557280514555,76.17201150616418,2.948800717688993,0.16472170921115747,1.3317295938887392,0.073163838340775,82.95490949631686,2.2417755720553822,0.09717019038688601,0.5473885860638906,0.0231905876038561,69.8747010450554,4.0441584565868105,0.0022043571202168266,0.10661720853510484,5.785724343203727e-05,65.42229572806886,4.000613814878129,0.31690901733438803,0.6889384373138958,0.05414005014689369,61.672567575418014,5.266290000316598,-0.18926131397649648,1.0203063623842423,-0.037005666730979395,65.41504578885359,9.10957040060294,-2.8696052717208764,0.7060084403066205,-0.23906189701766872,68.429369142757,13.358189039721413,-5.86411611251566,0.4210506767521842,-0.2129882038984903,62.19704508403882,6.352984264378936,-0.6847963611952279,0.2909450540940241,-0.032136390620658324,58.87496966168966,2.451356825224593,2.0064444135620585,0.28799704042986995,0.22655165564149943,50.18216050931526,0.7469826809118008,3.930357049025668,0.049350907447888795,0.24086558672016908,72.63813313187858,4.2705309161019445,0.09554656680252904,0.21201694069091692,0.0047284534784028335
2009-11-01,71.87644608247012,3.9631997696943033,0.41862643187700055,3.963199769694303,0.41862643187700765,74.5966721870062,4.216258759282976,0.20018991375179152,3.380905767170968,0.16126851057301309,72.1384992224954,5.921837244346118,0.18881749754080523,2.1080018665463993,0.06863689912743944,66.30338521610452,6.8776307071247045,0.15460159181133193,0.9490562775192141,0.0219896148881315,74.91462420988626,5.29158615253249,0.21173242061045539,1.1597870643763797,0.04709659274586184,76.33209995270359,2.7648487928754406,0.2101670198461969,1.2400853305811241,0.09337103899754202,83.06242366113062,2.06891875324704,0.1296055477205238,0.5012628082713375,0.03091799240933862,69.8747010450554,4.045332391359646,0.0,0.10550414525191296,0.0,65.68038508871219,3.7572353987526563,0.39449756045872864,0.6441257777927302,0.06751335903356794,62.48091440618838,2.9534371084257938,1.3107072764270145,0.5863790329498986,0.2554327375428943,64.51068997880789,3.5160860771679125,-1.3824889964378806,0.2802215962325935,-0.1117100464027985,66.13275194002283,1.3124018783376101,-3.356186432090258,0.044252625457362034,-0.11458861431217177,62.18611849943343,5.043416425915748,-0.017567690861564067,0.231304262229465,-0.0008176233146969595,60.88347771754416,2.538851174698298,3.411480409070089,0.3048862409053673,0.39237180698807567,53.51730665673221,1.4521213080315842,6.646079231279511,0.10051349752747515,0.42270548100111544,72.69310480874682,3.760335718391028,0.07567881290182488,0.18573559529220018,0.003743521189851615
2009-12-01,72.09938192059906,3.688477396708101,0.31016536053152244,3.6884773967080964,0.3101653605315174,74.85155764432271,4.099604158133241,0.3416847559600589,3.2833821805523002,0.27465483835665316,72.30404582364163,5.433752040973405,0.229484398664348,1.936518244391235,0.08322878545716288,66.51087648337177,5.890591467487694,0.31294219230433296,0.818284533427127,0.04439401393561277,75.0446934404277,5.129748867649675,0.17362328372232394,1.1215427448660513,0.03854023739285161,76.66803599821623,2.95925621392934,0.44009800034428004,1.322985197908769,0.19511673951668265,83.2883743029646,2.2746150179876024,0.2720251009719954,0.5483291179564134,0.06470605213494718,69.88904074304047,4.047970470826012,0.020522016939739096,0.1049872755284255,0.0005356465566795904,66.21881540349781,3.964090932657305,0.8197733829641729,0.67988043539117,0.14026032519824497,62.59516272891124,2.0578555136526955,0.1828531541330003,0.41054361790012933,0.03595128138351811,64.49224483571706,0.4107197934940521,-0.0285923822809675,0.033542638374322954,-0.0022689276687534927,65.11971343612632,-4.282243069933345,-1.5318257205072294,-0.14962887530092137,-0.05033435756735969,62.793218900620275,3.7258105978349443,0.9762635389317209,0.17373478891986913,0.04523921676960482,61.09056734087262,3.3139016740072913,0.34014092343608304,0.3940492493495969,0.04028731072462871,53.8247838697974,3.097122357064941,0.5745379060971612,0.21095430769998463,0.03880803639584276,72.75310537911832,3.5543742827906843,0.08253956207999735,0.17504867568947566,0.004068950560354259
2010-01-01,72.79321854155633,4.412479704688521,0.9623336601156662,4.4124797046885265,0.9623336601156618,75.3464075337758,4.291242286846253,0.6611083389934214,3.4441973285424736,0.5315825646229313,72.93506205537341,5.541196418518823,0.8727260342677123,1.9848114669778534,0.31626335442149767,67.25425230461698,5.9468503603686385,1.1176755751084677,0.8327054041449604,0.15855796958063714,75.57641888371602,5.269940595018752,0.7085450268517812,1.1557809949987152,0.1570660456724625,77.03288638997911,3.2170473588383652,0.47588331566412734,1.4376997647654735,0.21125538839101643,83.61392537023782,2.483762015842661,0.39087215952735566,0.5982916498591155,0.09294060626492183,70.21728886986826,4.171178917997009,0.4696703851389872,0.1082783659056668,0.012223501298684233,66.6334064590645,4.333854424206551,0.6260925282948859,0.7433519831221764,0.10766643171082192,63.96034007606165,4.898472551405897,2.1809630131688573,0.9689802008884468,0.4282611395039168,66.2584663952906,5.259895094979483,2.738657282085133,0.4198964810808321,0.21659022772413142,68.52950589087929,8.659451024351927,5.236190816621944,0.2797609634974153,0.16889686037514232,63.49061066814115,3.0720432090743044,1.1106163686633197,0.14537796311073273,0.05180675942554871,62.17042624609851,4.62967277496551,1.7676360725224605,0.551743591206675,0.2094266798767322,54.50272167819136,4.712634233248414,1.2595272282632797,0.31918292822716426,0.08530090554454207,74.44737299861352,4.539157847321906,2.328790792731561,0.22600642376013713,0.1145418250305507
2010-02-01,73.20735675660052,4.6789058584809196,0.5689241708796811,4.678905858480935,0.5689241708796887,75.6609295178961,4.172052324692022,0.4174346122332251,3.3558569431219216,0.33464849546869024,73.25311726823043,5.286872162763978,0.43607999211072723,1.9006188316266899,0.15788885661393776,67.55214120171739,6.0102354253873225,0.4429294608037093,0.8421674248090826,0.06293244148220893,75.90250874910839,4.805534925810351,0.4314703848221635,1.0598502521537976,0.09540536318418527,77.34182693571552,3.2113934332735683,0.4010502010432182,1.4365120330658525,0.1771774746105587,83.92389580739308,2.3812288817943728,0.37071628413893887,0.5744983779603746,0.08764906206991412,70.47131260356913,3.961518407189968,0.3617680742012963,0.10309338070002871,0.00936932451292429,66.94114046619868,4.543589132135861,0.4618314198347795,0.7789169141517277,0.07915466280490241,64.71038418016333,6.733132210994719,1.1726706005779963,1.3202234754464406,0.23304887785120465,67.01455764815252,8.783624691645509,1.1411239861049083,0.6840834232666856,0.09183505905538136,70.11471261913248,20.715932122655722,2.313174022846942,0.6144388483929663,0.07777144311702723,63.71024906855862,1.8213252957857362,0.3459383964118601,0.08727777736546741,0.016160638029716137,62.91415488872745,5.249589512063513,1.1962739963932822,0.6274141158270776,0.1428631167819987,54.97688732818061,4.846767582759481,0.8699852693392796,0.32966821194455365,0.05909279002014605,75.60343751177196,5.690374920879604,1.5528613926779844,0.2837037413827032,0.07741137429585454
2010-03-01,73.76798289104659,4.796854518995453,0.7658057322162737,4.796854518995451,0.7658057322162686,75.89947699330972,3.905764361027586,0.31528488604835037,3.1391662134521168,0.25237648682619607,73.44733784816069,4.752972987534654,0.2651362661046708,1.7107843576839952,0.09586948711826244,67.69142014168868,5.295247195791775,0.20617990413567266,0.743708287974502,0.029257816556423354,76.13387302439403,4.391476131542382,0.30481769192953756,0.9690142423734538,0.06730820118177216,77.619768541376,3.1729516401900026,0.3593677789529126,1.415711630989475,0.1584978427518907,84.1064358075362,2.226394572925905,0.21750658544503754,0.5356320783960707,0.051324087829926535,70.52975566887802,3.9790178136262844,0.08293171100368646,0.10294560244637449,0.002143399713177879,67.38403917074983,4.700000526644832,0.6616240797014727,0.8046009394166701,0.11327696820322547,66.35914537274573,8.39389149371803,2.547908212060679,1.65116624821835,0.509394400897268,70.27404606402914,11.598075790024076,4.863851273912689,0.9173387770339555,0.3936587720277713,78.34612054077225,31.585901965864018,11.739915367482556,0.9541286346967865,0.40155456814906115,63.778597319027966,-0.11698702447863196,0.10727983561293897,-0.005683848797066944,0.00500050457236965,63.42756452249458,6.0260401019127,0.8160478904551072,0.7161011748613885,0.0980631461542751,55.42042289972676,5.649706333302884,0.806767340061465,0.38194698209018146,0.054962826414967074,76.2280141554242,6.437521288686687,0.8261220180034723,0.3192511723379767,0.0415857599838811
2010-04-01,73.58468477023496,4.07853201394428,-0.24847923669317762,4.078532013944284,-0.24847923669317132,76.03717146438136,3.69425200784832,0.1814168905060809,2.9675654377565257,0.1445697353601969,73.64334411222244,4.323476478978172,0.26686639680113533,1.5599050321496095,0.09601562793156736,67.85753483931457,4.73808475369788,0.24539992997367754,0.667699707159266,0.034629908011368754,76.34803799162663,4.046632446489307,0.2813005022928028,0.8944658123285125,0.061831094258383706,77.70233537328743,3.1470104822010736,0.10637345802881892,1.399825369977464,0.04672639034001823,84.22307173589871,2.311639463210313,0.1386765795538203,0.5540102199874374,0.03254485654485846,70.56644749437827,3.9908426284374077,0.05202318532409045,0.10284102398402513,0.0013354459624258907,67.42503467974447,4.465559167023714,0.0608386043626119,0.7632899615827617,0.010405436610616287,65.09037530164939,5.625535513277358,-1.911974700652841,1.1090128631794154,-0.3890148265371939,68.19590593800612,4.418502115945211,-2.9571943589665417,0.3608733852502732,-0.24907614627812097,73.34417287168402,13.087346495239593,-6.3844229102386185,0.4287479922520422,-0.24215665466793324,63.58031627076551,-1.0798091474615523,-0.3108896347635781,-0.05257746193994685,-0.014396418095680041,62.730509430459946,6.565698061475467,-1.0989781765740392,0.7643856876832075,-0.13212826466799965,53.945648142097966,6.212316275336938,-2.6610673114081607,0.40485932427314425,-0.18136484770438552,76.6826069636547,6.939345022510746,0.5963592430777709,0.34305613005141533,0.030037811115338767
2010-05-01,73.2114837092944,3.664699925722248,-0.5071721950102304,3.6646999257222554,-0.5071721950102369,76.22762389030474,3.6773379029039654,0.250472791472256,2.965121964360016,0.2004600652552837,73.8355775449499,4.057593810328042,0.26103300311095534,1.4731671865608424,0.09440203824942024,68.12309887856175,4.541364061146025,0.3913552708273871,0.6443998409036016,0.05550000447541515,76.48045248495866,3.7342305791918218,0.17343535841294333,0.8302475178867208,0.03832432364234457,77.88974077016249,3.3450788474334248,0.24118373788220016,1.4902976716773817,0.10632103107449249,84.41248764833495,2.4590210604095164,0.22489789143549377,0.5904571027737212,0.0529842688835319,70.62626420765164,3.9659873059360473,0.08476650787634377,0.10242426760390547,0.002182528989079565,67.62741681428018,4.798969948424903,0.30015873999469367,0.821026991446609,0.05149637653202043,62.81125521033238,3.612843530777088,-3.5014701954856564,0.7014163030773937,-0.7005367327624931,64.9965407421035,-0.560616251747148,-4.691432941459883,-0.04587482354257134,-0.38441612817637977,65.24327451494537,0.22286610758466274,-11.045046988137985,0.00733651515510615,-0.39316144459775393,63.52663219785523,-1.0599245812168423,-0.0844350516937653,-0.05161208439032971,-0.0039075017088030465,61.10373199173787,6.965334092528197,-2.5932794958814176,0.7877979715577468,-0.30912721572546176,51.12781663670839,6.8262274760849895,-5.223463990954635,0.4196692285547316,-0.34739448136469514,76.81207008901345,7.1039133145407,0.16882984353949748,0.35163095461032956,0.008575753373737494
2010-06-01,73.12958105437404,3.3635595266512164,-0.11187132232638453,3.363559526651215,-0.11187132232638639,76.29610194987815,3.5405556698337337,0.08983365357413398,2.8560542297690676,0.07244376769972578,73.78752790161981,3.6932118763115307,-0.06507654565420795,1.3423047038967346,-0.023716513432705196,67.99786403139476,4.104040012480303,-0.18383609851665428,0.5826729150000804,-0.026306142474630933,76.4918654633099,3.418836039202189,0.014922739053480072,0.7611927817026979,0.0033200620064294285,78.06586810690098,3.40700831312466,0.2261239220941791,1.5176908095338604,0.10043199266406434,84.58580134717545,2.5658694245659808,0.20531760604252103,0.6156323665134715,0.04872721634304023,70.68182535245047,3.993118584467936,0.0786692393009325,0.10299464420018827,0.002037590397983937,67.82429537361747,4.785102877487657,0.29112240066475614,0.8196780970400867,0.05035135329469974,62.22081289825498,2.6357150638269156,-0.9400262900338796,0.5108120515044867,-0.18241031799982307,63.06822858895902,-3.411943039722065,-2.9667919725077874,-0.2784123941183193,-0.23287525737990122,61.187493414275544,-6.131468779491689,-6.216397216146408,-0.20174682341091343,-0.19784290102617613,62.97459299787014,-1.6721351124466488,-0.8689886129422897,-0.08107288934862285,-0.04038609497598379,61.45416248323248,7.484502866187492,0.5735009631522958,0.8457447641818063,0.06692975183514199,51.449339593472935,7.3161619626752605,0.6288611130202293,0.44974638676712153,0.039840805179088584,77.21033582315553,7.652479172508708,0.518493686839272,0.3781303725794912,0.026515960503893238
2010-07-01,73.24207211395269,3.324804325626607,0.15382429101433726,3.3248043256266158,0.15382429101434372,76.38376706796755,3.394819993303466,0.11490117561574476,2.740260205438119,0.09284585692494686,73.73229563853717,3.406618584636645,-0.07485311495498692,1.2382740823608618,-0.02729226859552494,68.03224273038798,3.9423752882035146,0.05055849839246118,0.559803062431978,0.0072294879511526295,76.37011680296978,3.048783612600281,-0.15916550028254317,0.6788558504335199,-0.03545663489965761,78.28551601832083,3.384508702285438,0.2813622864208387,1.5093504001519962,0.12538873254558108,84.69083608794924,2.5450554999143504,0.12417538062055034,0.6103526599407547,0.02956363296626012,70.75924503312663,4.0020587652180195,0.10953265608253382,0.10313203628557548,0.0028423869367975876,68.22310658859988,4.7469541908761625,0.588006425699672,0.8166595231850289,0.10210951430058295,62.41699214908919,3.0359336284142335,0.3152952230871753,0.5868154018628382,0.060675186922035156,63.138904420798696,-3.0188497481396737,0.11206249710975502,-0.24514350769874316,0.008544822806279632,62.23276101731249,-5.580746023876493,1.7083027015992736,-0.1853189815970876,0.051045748629259785,62.431239124356026,-1.3415659096084886,-0.8628144266569437,-0.06414530470379891,-0.03979521311720522,61.73790918021835,7.871266505610053,0.46172087539764206,0.8886510554752965,0.054254312508003645,51.896043630476065,8.1567126625389,0.8682405654431458,0.5008817776454544,0.0554143342734948,77.25461509710829,7.586536280814182,0.057348894394371186,0.37459988944981143,0.0029513521730171136
2010-08-01,73.48332948371424,3.3260844712202475,0.3293972477815821,3.3260844712202626,0.3293972477815724,76.532239333148,3.3104715905051707,0.1943767254216855,2.6707908572973493,0.15700500753654154,73.93205758215505,3.2946927993985575,0.2709286912714548,1.1982039356519023,0.09855803046092752,68.13432731847251,3.7761440923431477,0.15005324532531006,0.5361043525730359,0.021434371043489112,76.63921620923044,2.973497771645972,0.3523621771522656,0.6627363065850365,0.07824895145819759,78.38529904808556,3.3242880169719102,0.12746039732480785,1.4803912472494658,0.05687489185078843,84.8163627706646,2.5494691062691865,0.14821755046201535,0.6102883049010059,0.03527713838231247,71.53604909143135,4.411124492234442,1.0978128129279119,0.11409682174595721,0.028475789346341127,68.15710098787008,4.4794576575288625,-0.09674962638073215,0.7693407130372553,-0.0168737689730949,62.97150805230465,3.390329426756944,0.8884053590582308,0.6567171488795487,0.17123972435726792,64.04648288701969,-1.8798011387767377,1.4374314450759318,-0.15254400288321213,0.10955918131715885,62.9886171678224,-6.184219441439176,1.2145630985256117,-0.20850543924691248,0.036855618314303305,63.41582636023568,1.0137950994856482,1.5770746339319963,0.04793243091906165,0.07200037055783864,62.043029260327266,7.577803342615863,0.49421835653398194,0.8592733336206353,0.05825144492522224,52.35396930881286,8.321808878056803,0.882390344815942,0.5130597231315749,0.05671914859931474,77.33570765446522,6.836248035028514,0.10496791325023125,0.33916733870288757,0.0053967711675056325
2010-09-01,73.8156577545273,3.2735200236759576,0.4522498819092169,3.2735200236759576,0.45224988190920645,76.73479055176644,3.301455278398824,0.26466129879818556,2.6574222634184097,0.21348866766726857,74.16702502524086,3.3031263258503474,0.3178153709907372,1.1989551764253734,0.11554701992065591,68.23933444384718,3.6071168957073407,0.15411779863012676,0.5111602603230572,0.021975619666886312,76.96713678300787,3.1002957196623937,0.42787568818838384,0.6896288734667895,0.09503996095642088,78.55628182828615,3.299991063041352,0.2181311831134236,1.4657449453299838,0.09713775648263505,84.92465333348935,2.473952773817656,0.12767649930658376,0.5904322951368821,0.030333303088378807,73.21231673460133,4.778882056768441,2.343248843708867,0.1254301945703478,0.0612462417870522,68.12822814989947,4.466117991842644,-0.042362186114319744,0.7629819248253211,-0.007356861518754489,63.741999765476415,3.1599028877210777,1.223556076395349,0.6178458275936327,0.23715390659054686,65.55146546472149,-2.667044885100922,2.349828608632021,-0.2221869383732829,0.18107890707413443,66.04802844771784,-9.14004301309962,4.8570859584743165,-0.33197182790432506,0.14868741486483514,63.913295950762034,2.0556843817980175,0.7844565293535055,0.09646995812148283,0.036259254058276194,62.2957496970562,7.9332688439396115,0.4073309116944257,0.8957612675912088,0.048089257659752666,52.73467368018246,9.216769641232103,0.7271738444968756,0.5648348482360782,0.04699962211111321,77.40075358713052,6.658450609134836,0.0841085374894579,0.3295165383451749,0.00431464381153495
2010-10-01,74.29053361170267,3.791349583682635,0.6433267298850964,3.791349583682634,0.643326729885093,76.92394072184355,3.3262375286696733,0.24649858130454394,2.67954245050358,0.1984664193147464,74.4621876546368,3.4160484318982887,0.3979701616661613,1.2417650624989738,0.14449498036475933,68.52569891452016,3.511518321649465,0.419647221073971,0.49945757130319424,0.059659804534456407,77.26225614751422,3.352110765118077,0.3834355503419262,0.7456250445189739,0.0851482296346974,78.64565625591355,3.24744574921616,0.11377120396656171,1.442744841290335,0.05054629170702393,85.02927504264075,2.500594068414941,0.12319356634942213,0.5965280791282376,0.02917368141003599,73.21232200687987,4.776579952266791,7.2013546015270435e-06,0.1251957550893554,1.9176739153319487e-07,68.21017295956644,4.261356469490973,0.12028025958148447,0.729278246892643,0.020785711258619284,65.18225325778933,5.690837629030754,2.2595047184148287,1.109039570191468,0.44130777567526913,67.1553799171824,2.6604493008324903,2.4468018237122635,0.2149738013206996,0.19211351786431843,69.85983190927537,2.0904222623098434,5.771260022658931,0.07137225395915096,0.18441964382906662,64.09695000215767,3.05465463118344,0.2873487412339282,0.14216762262520316,0.013325796355974171,63.61713097551902,8.054630585933209,2.121141947707006,0.9264042523068479,0.250308841787761,54.90760864534608,9.416589656704089,4.120505188562884,0.598916131106807,0.26705060275705617,77.46861192145231,6.65005910986689,0.08767141297325587,0.32895121153456025,0.004480931764888113
2010-11-01,74.7858773364828,4.047822913607102,0.6667656035009184,4.047822913607096,0.6667656035009308,77.08007404212316,3.3291054175866197,0.20297103712378917,2.676019033305647,0.16277620153145947,74.64954709820871,3.480870690099258,0.2516168937191532,1.2624328344609548,0.09113432766658917,68.87549334267794,3.8793013632563156,0.5104572936849738,0.5503181194991055,0.07240867422297174,77.3225207778512,3.2141876080413967,0.07800009130189967,0.7134731631801149,0.01727648664782637,78.7716654486345,3.1959889711438594,0.160223970044715,1.416936562068111,0.07080978428535518,85.13437985382961,2.4944567006037976,0.12361014619513,0.5933512927333126,0.029121050531585736,73.21219217641521,4.7763941475868155,-0.00017733417149168318,0.12466898775158558,-4.6921084538330395e-06,68.38481240787416,4.11755703854233,0.25603138172842765,0.7044994400281931,0.044015010134027234,66.82386610186488,6.950845289239793,2.5184966183711577,1.3666255637297064,0.499790964272466,68.2026292482145,5.72298834599263,1.559442195582239,0.4541435714790705,0.12463552049697144,72.25006223314753,9.250046480256291,3.4214658961336575,0.3039478583097221,0.11490302090758928,64.27885573014996,3.36528035711956,0.283797790668916,0.1559442112657576,0.013114569824745789,65.67148222720692,7.864209945226319,3.229242218544015,0.9314606030538088,0.38666757839810845,58.284725597494486,8.908181742667276,6.150544588385842,0.6017166798246775,0.412389834511831,77.57582000496605,6.716889048920782,0.13838905958769576,0.3311222978497375,0.007034086168982811
2010-12-01,75.04336309293623,4.083226643439608,0.34429730000349323,4.083226643439598,0.34429730000349196,77.31367815655253,3.289337710150586,0.3030668007683923,2.6448835580186882,0.2419299785850132,74.83842321288576,3.5051667723073,0.2530170938995324,1.2702219914257968,0.09126354438007447,69.39909212465972,4.342471177642682,0.7602105721068231,0.6160404935239217,0.10766888632663257,77.25397264242297,2.943951265187117,-0.08865222543011919,0.6525975998023722,-0.019521018045239442,79.04507214619552,3.100426555904723,0.3470876183763183,1.3763496106842918,0.15262092316613896,85.28123454936406,2.39272318985404,0.17249752190193757,0.5689357465573156,0.04041905576762683,73.21697881383076,4.76174523989541,0.006538033178982161,0.12392776075638724,0.0001718445830225603,68.87591753298895,4.012608974202192,0.7181494074819383,0.6900310586355984,0.12295517344238095,67.16145677664726,7.294963138784127,0.5051947671925516,1.4324631860287678,0.10209911684189028,68.64094607453191,6.43286840050763,0.6426685175467517,0.5087516575730507,0.05181956558852433,72.89989316214493,11.947503014812755,0.8994191962083509,0.38537475412827565,0.031031727856086447,64.5753542153407,2.8381015433225576,0.46126907802384043,0.1323885078851776,0.021234597767753733,65.93742699404,7.933892029718614,0.4049623334417385,0.9399947716123114,0.049724267175141376,58.61385157123363,8.897514039296528,0.5646864943862573,0.6025800694231814,0.03992435350968948,77.75100304118294,6.869669185968674,0.22582170089298081,0.3378854160592234,0.011417896075161447
2011-01-01,80.98585351252765,11.254667859334045,7.918742144101465,11.254667859334026,7.918742144101449,85.02734894358758,12.848577293445707,9.977110093527862,10.30043253280189,7.961182926422156,75.18979324560746,3.0914228722013437,0.4695048581157213,1.119292862393305,0.1691968658527254,70.37954188516967,4.6469769173809405,1.41277029784308,0.6602532204374,0.20092049624170966,77.08780270115268,1.999808723091423,-0.21509565862640745,0.4421913629230419,-0.04715921715944328,93.03372184143066,20.771434385110908,17.697054750437612,9.176482841349612,7.781942646725113,85.46438899647576,2.2131045971639063,0.21476523889401022,0.5232479675247512,0.050236930806194326,73.48447022154463,4.652958558014597,0.3653406792350822,0.12050559953770562,0.00957023177308077,103.55156910956407,55.40488564573063,50.345102930885524,9.496008397611813,8.651756239949593,67.69965812093548,5.846307321735678,0.801354482345551,1.1618568421790723,0.16221224165854486,68.04708273124288,2.6994532672724336,-0.8651735986333842,0.21724584991276757,-0.06996799805862572,71.23163303809743,3.9430127389518566,-2.2884260205113582,0.1325684051041235,-0.0793919836354563,64.66883869055503,1.8557515985668571,0.14476804091945183,0.08669211099019232,0.006672189284712787,66.26529069526599,6.586514998237525,0.4972345997905414,0.7865840636982623,0.06109104917604413,59.973103739021134,10.036897043654779,2.318994796196927,0.6817451632312789,0.16431721810519448,78.47523957290447,5.410354203318857,0.9314819145650466,0.26971045598859694,0.047041565717870694
2011-02-01,81.46571206004947,11.28077241049188,0.592521442584526,11.28077241049187,0.5925214425845257,85.5612448325346,13.085109286552953,0.6279107788027538,10.474253786369655,0.5105945858061642,75.58617103572287,3.1849207985914285,0.527169676901007,1.1516218733830177,0.17686424002204737,70.84369418220827,4.872610877961625,0.6594988893162901,0.691444473290833,0.0881378650973866,77.42404889389239,2.0045979637028477,0.436185986573312,0.44264452688222594,0.08842490903146838,93.68546734166115,21.13169684953271,0.7005475942812867,9.320057502363648,0.3359645061976322,85.62792857107148,2.0304500253291113,0.19135405578394327,0.47911650684526175,0.04156536700375582,73.60318662524635,4.444182896514692,0.1615530510648222,0.1148614954450499,0.003935740688584484,104.87767912638722,56.67148542135201,1.2806276411128525,9.702751530749488,0.30659306364806527,68.00279033017176,5.087910065317924,0.44776032501490093,1.0172081110589406,0.0846591800194154,68.45975431607046,2.1565413824048196,0.6064500758356628,0.17454099326142278,0.04505267892774449,71.60686952786914,2.128165192435638,0.5267835002056076,0.07279221596140067,0.016547068846319214,65.09669292774718,2.176170835082769,0.6616080416094405,0.10143520586990631,0.028296181112336515,66.49577185308951,5.692863506943158,0.3478158103666029,0.6841021374448557,0.0397944767566946,60.334867915432085,9.745878400258267,0.6032106958899552,0.6639597268947025,0.040523945576633115,78.46311958273884,3.7824762538364975,-0.015444349366233734,0.19040425773534117,-0.0007294688199392649
2011-03-01,81.36391842963795,10.297062818987968,-0.12495272899165633,10.297062818987962,-0.12495272899167045,85.49661237177999,12.644534269078322,-0.07553941142524057,10.076332848248732,-0.061447557618856195,75.93816011856694,3.391303678774027,0.46567920827438325,1.2201541899887927,0.1561328257247676,71.45697572146572,5.5628254982613035,0.8656826077986679,0.7850048502815279,0.1157700498460984,77.57118798363227,1.8878784201320054,0.19004313497157366,0.41496402456489817,0.03846622936197544,93.24973670536866,20.136581772542826,-0.4650994958518284,8.84534354201982,-0.22328922088745362,85.80233020126752,2.0163669729295064,0.20367376988605912,0.4732044450975262,0.04406498246342758,73.6340308558839,4.401369546181022,0.0419061076724736,0.11298406956391462,0.0010165388761694347,103.62389993378127,53.78107517597803,-1.1954680948793928,9.19836302060689,-0.2881629446950809,67.78012072705066,2.1413406491647358,-0.32744186237062545,0.4356821567290801,-0.06182116911297757,67.6734609526555,-3.7006338143731554,-1.1485483278025455,-0.3116939562919679,-0.08533652818258254,69.60429065728245,-11.157961393813299,-2.796629546565066,-0.4232136000431079,-0.08778896816399667,65.09082718166779,2.057476830473237,-0.009010820389765417,0.09527592226158534,-0.0003856466418719041,66.62280052485433,5.0376142082935615,0.19103270512517145,0.6056637316344821,0.02180336044866071,60.80919105797496,9.723433846757533,0.7861509586922555,0.6626999216519869,0.052819560725940184,77.94473769285308,2.252090070100188,-0.6606694873240837,0.11343474076342568,-0.031016200277281
2011-04-01,80.74388920843747,9.729204467691632,-0.7620444457043574,9.729204467691632,-0.7620444457043537,84.58719631607028,11.24453301855668,-1.063686654337992,8.999300121245891,-0.8656843251199138,76.15770202643724,3.414236472454668,0.28910617208464107,1.2347514614013455,0.09750468016928743,71.81395025113892,5.8304732424970585,0.49956568420228553,0.8268479184354921,0.06747090889548132,77.68219533056576,1.7474677464343724,0.1431038376734861,0.38614109649687767,0.02905669917414325,91.34137175598825,17.552929802145513,-2.0465097455557135,7.737858328797439,-0.9791609736394862,85.95874860840902,2.0608092732035788,0.18230088480648554,0.4855113222811649,0.03957071728415999,73.68386139826673,4.417699933295949,0.06767325081027398,0.11374490245059621,0.0016443288129052687,98.89391701121126,46.67240066087874,-4.564567561723321,8.00729480050571,-1.0884779864545508,68.10354628021668,4.629211253742671,0.4771687475571884,0.9261631103258494,0.0899070215453031,70.12421200161577,2.8275979871322354,3.6214359579966215,0.23169344714420104,0.2663131179940619,75.92718872025914,3.5217737789396297,9.084063645026387,0.1253616818435838,0.27752971987202407,65.05808301589595,2.3242519569062203,-0.05030534591372593,0.10756218313503924,-0.002155476177776631,65.63566162610047,4.631163084784196,-1.4816832840666816,0.5520494617890357,-0.16964573490895893,59.42153934695058,10.150756165592068,-2.2819769296082204,0.6750916019928138,-0.15471910625873164,77.69557675629528,1.3209902906935467,-0.3196635769558087,0.06710002630216651,-0.014926628650226108
2011-05-01,80.33689401416332,9.732640214153076,-0.50405696116953,9.732640214153085,-0.504056961169536,84.75872961390014,11.191619636304129,0.20278872607257803,9.025159957977241,0.16453851187605698,76.37644960544303,3.4412571079928123,0.2872297524547873,1.2541326465106981,0.09789792226075425,72.16899907509078,5.939101807070424,0.49440091056156543,0.8498595192606803,0.06762224740644411,77.79327859619914,1.7165511821451096,0.14299707308822462,0.38190417600357385,0.02929984912652302,91.46922989903669,17.43424614667115,0.1399783478071681,7.743347386202699,0.06610636058629106,86.1247095353083,2.028398800550124,0.19307043155702974,0.4813918742258395,0.04230718277627099,73.7071176968167,4.362192342648741,0.031562269007956445,0.11298394786226139,0.0007733139381433666,98.98940860908289,46.37467061758349,0.09655962748527092,8.020775518680333,0.022143559291785835,65.81294890568114,4.778910539675052,-3.3634039630046852,0.9273385228443086,-0.641638228219199,66.85257411474295,2.8555879304468013,-4.6654896981907505,0.22414641148958742,-0.35824553181912944,67.05845189121524,2.782167801608537,-11.68058106526142,0.08854520228890149,-0.39226293755296004,65.370800650486,2.9029847621814264,0.4806745297331494,0.13491571301760955,0.020743587179969082,63.98807721456462,4.720407622920253,-2.5101970037591292,0.5508895905356469,-0.2853215306955368,56.75257217350355,11.001360720646813,-4.491582013490869,0.6969791263942711,-0.2998671528637729,77.93652753662965,1.4639072300917544,0.3101216187507694,0.0748647616735772,0.014545622168233782
2011-06-01,80.28389803365506,9.783068460301415,-0.06596717629998583,9.7830684603014,-0.06596717629999252,84.88257597398783,11.254145106588087,0.14611634772234705,9.093908228346997,0.11939798625785979,76.50296006930324,3.680069308330669,0.1656406713244296,1.3417937259326962,0.05690511363194684,72.37780647404705,6.441294156872424,0.2893311555270506,0.9210569929402557,0.039970725649145195,77.85491040788673,1.781947578766574,0.0792251114746012,0.39695703276460026,0.016338655162989612,91.58957786173593,17.323460409504456,0.13157207383518443,7.72017732611934,0.06253861019483856,86.28588368046603,2.009890911020329,0.18714042233332062,0.47851415392239277,0.04129507486527881,73.76040958599735,4.355552814596564,0.07230222920922014,0.11302717258506369,0.0017810289850067021,99.0680020632823,46.06565614512539,0.07939582153659863,7.999473422963631,0.018317376526577337,65.18407195447352,4.76248849571308,-0.9555520025532949,0.9164898753049998,-0.17705238341341284,64.81156239376554,2.764202901858126,-3.053003938897403,0.21077188717158207,-0.22462375325531123,61.95643843015172,1.2567029191242751,-7.60830785258837,0.03755150726579054,-0.22680453594419117,65.29513321065487,3.6848832240379936,-0.11575112906403451,0.16995626021319668,-0.005044697808482739,64.23663465731448,4.527719623290261,0.38844336878010033,0.5320277433396328,0.04326216709528114,57.07493373877997,10.934239758484132,0.5680122555342448,0.6978637501162235,0.03640185765857239,78.04959694315524,1.0869802741461543,0.14507883543111166,0.055939379965516636,0.006860309436711352
2011-07-01,80.62268834555408,10.077017236921382,0.4219903619490317,10.077017236921366,0.4219903619490482,85.01159202976768,11.295364568918087,0.15199356793718088,9.123668460941701,0.12446409975651711,76.52145014029979,3.782812507881328,0.02416909225446684,1.376105825595995,0.008322427333963713,72.64699454189476,6.783183423476213,0.3719207322816942,0.9689445239229957,0.051563043165084525,77.6841781641798,1.720648620454801,-0.2192954083595544,0.3821038667280237,-0.04529116654293676,91.81602977740799,17.283546749465973,0.2472463799471969,7.7121982420079975,0.11775302377194298,86.38309023352252,1.9981549642701824,0.1126563800591951,0.4755792344707866,0.0249221216750594,73.82381859684511,4.330986802196346,0.0859661859304639,0.11233997853623601,0.0021205447216305186,99.47543319230539,45.80900543295956,0.41126410196790086,7.989390796417719,0.09502058283363318,66.20556458334283,6.069777321541325,1.5670893183579393,1.1699467870753861,0.2877782206981482,66.99003066439778,6.099450535176665,3.3612339992621365,0.4648922975823444,0.23990980958326838,66.29649294982588,6.529891758109363,7.005009696558062,0.19814795835864119,0.19305982460387966,66.07082296320097,5.829747879255276,1.1879748373337051,0.2661535469114974,0.0517488563440775,64.53010423779524,4.522658921646072,0.4568570287754703,0.5330668389928958,0.05111297692254901,57.43412476424585,10.671490052697452,0.6293323564944053,0.6859524626839679,0.04058750495735229,78.22295993767649,1.2534459453988678,0.22211901318018867,0.06444408323168728,0.010525471965194764
2011-08-01,80.68551747037777,9.801118209075877,0.0779298310599641,9.80111820907586,0.07792983105996451,85.03357049101746,11.108169879706264,0.025853487418614485,8.9603897457202,0.021113916520757604,76.54512643604231,3.5344192213013326,0.03094073060443403,1.2849964018372722,0.01061197857388032,72.65428998163786,6.633899300184187,0.01004231460517424,0.9459260982513015,0.0013915710508263825,77.71964768690786,1.409763214080595,0.04565861873842003,0.31313730721953514,0.009369673961339923,91.83629448300506,17.160099659335316,0.022070988743694286,7.641702383558226,0.01049319015544899,86.47330545770832,1.9535648935146366,0.10443620845459467,0.46412672919161885,0.023032468004426144,74.89605703683132,4.696943692131361,1.452428850696208,0.1227655141282923,0.03570746387373698,99.23546634317901,45.59813270350208,-0.2412322735629302,7.918834663258065,-0.055729597544933694,66.40134542651731,5.446649572634987,0.29571659785185833,1.0556886185269962,0.05492423993768109,67.10943340442172,4.782386759324764,0.1782395661559244,0.36853299189700756,0.01309429845221432,65.38398607670412,3.802859971508288,-1.3764029325236793,0.11641494984662394,-0.0404207196686185,66.83643862377546,5.393941007894298,1.1587802697734073,0.24931945883830292,0.05086214663660278,64.76919741287387,4.393995884868596,0.37051416219251454,0.5187526755196392,0.04146736497199551,57.74136694782081,10.290332729558816,0.534947097803129,0.665097835059673,0.03457155353042843,78.33701879691553,1.2947591388497326,0.1458125073890315,0.06641923248952349,0.006895811441567617
2011-09-01,80.76782296212528,9.418279832603126,0.1020077633854477,9.418279832603108,0.10200776338543896,85.10901839768641,10.913208709771084,0.08872720060240091,8.786685279891936,0.07242364826342533,76.7723475322624,3.512777418448265,0.29684593494001543,1.2754189961865214,0.10176371333599994,72.87383553884868,6.791539121494705,0.3021783810237544,0.9655297977180437,0.041844679956828446,77.94743764100402,1.2736615898287784,0.2930918511285574,0.282837700966756,0.06012642580428799,91.77565657888476,16.8279028015792,-0.0660282565424275,7.476303793673704,-0.03137423269062434,86.60423239619881,1.977728488468422,0.1514073479641942,0.46834930222318,0.033400375045666474,76.19761217363221,4.077586357296603,1.7378152980213946,0.10858347385480357,0.043310369622368686,98.71553256876705,44.896668017796834,-0.5239394679860898,7.758622912347275,-0.12065473615524806,66.5058601670043,4.336011439391374,0.15739852832146184,0.8468738958698755,0.029297670781606378,66.956754100829,2.143794385289244,-0.22750796102334325,0.16832253308967826,-0.016730533874063754,64.55633215552533,-2.258502376605087,-1.2658358274575732,-0.07217006377209088,-0.036633495576494014,67.1111172630343,5.003374125371085,0.41097138763632746,0.23203144861931566,0.01823351721568092,65.02956882242556,4.388452083270367,0.4019988203527447,0.5178665008213917,0.045122612964265826,58.12386082706721,10.219437745207838,0.662426089759971,0.6623234008468296,0.043005522590892416,78.3720634170264,1.2549100427071025,0.044735708160814625,0.064139108538824,0.002117090373372681
2011-10-01,81.10332736326185,9.1704735722695,0.41539364171534476,9.170473572269493,0.41539364171534554,85.23810983549961,10.80829847721927,0.15167774255131494,8.667905510415785,0.12379065281916886,77.0369925012677,3.45786892345028,0.3447139204569627,1.2524221042549715,0.11840366600450597,73.3188352659296,6.994655183872633,0.6106440312774408,0.9921960461272503,0.08472909230806444,78.07018932631433,1.0457022860651977,0.15748007763343175,0.23161590302352206,0.03236797248180242,91.78264652633362,16.70402523907004,0.007616341532634685,7.3822189248314665,0.0036129342125561857,86.73425187012528,2.0051644879125696,0.15013062332986937,0.4723924222568636,0.0331350741590132,76.23350316208943,4.126602015061964,0.04710251073936078,0.10918631213811966,0.001193086551959259,98.56627305621613,44.50377235466645,-0.15120164848113626,7.650757410944628,-0.03460155171391684,67.51312442212405,3.5759291031507656,1.514549624033723,0.7096364718526298,0.2820695346688328,67.11226587863005,-0.06420042386107161,0.23225704395237745,-0.005131099611591185,0.0170235498640698,63.74707530708493,-8.750030504122709,-1.2535669568258356,-0.293852099795409,-0.03578270592305338,67.86990864081169,5.886331000971201,1.1306493003288676,0.27201303696496315,0.050318207671899616,66.54105857154528,4.596132442928691,2.3243115039669027,0.5503382160367931,0.26167568187850954,60.4387549763597,10.073551676125359,3.9826916456562778,0.6754247935228721,0.2600088249471196,78.39968337877458,1.2018692916123452,0.03524210100378511,0.061089020954707966,0.001666856931391254
2011-11-01,81.84186405001111,9.434918683619141,0.9106120682834007,9.434918683619143,0.9106120682834088,85.64292298630265,11.109030512217743,0.4749203749171427,8.868036707111761,0.386584763156598,77.31056025483039,3.5646742144608723,0.35511219309112274,1.2857819144075135,0.12188944959769499,73.7319152556448,7.051015792808291,0.5634022802148309,0.9986378060741856,0.07832613046948111,78.23241725117613,1.1767547981772042,0.2077975297122947,0.2591187253178085,0.04260036798683939,92.30088225494539,17.175232654098238,0.5646336733851731,7.552271312713824,0.26675538727160836,86.86102507471001,2.0281409506299752,0.14616279249697328,0.47522736143835653,0.03217412286328744,76.23253776080506,4.125468032854274,-0.00126637402759755,0.10843311963593645,-3.195906819853318e-05,99.64049734779479,45.705594326265484,1.0898497612525038,7.825306571480253,0.24799802950158822,69.33744764574003,3.7615027242564825,2.7021756721099743,0.7601941490391237,0.5087615143456349,68.0216014391562,-0.26542643744639216,1.3549468917807728,-0.021401830506161873,0.09913128157901083,64.90302486977916,-10.168901086423743,1.8133374074430053,-0.3508470493399035,0.050900891146554,68.60583481983433,6.73157454427864,1.084318800128914,0.30988913977020993,0.04860005190674768,68.89365111066608,4.906496357598966,3.535550214596128,0.602455872143994,0.4056061941912413,64.02455210444997,9.84790860403779,5.932943406085767,0.6962648980405287,0.4010904959471543,78.47481970483581,1.1588658680143027,0.09583753763164893,0.05859405891336141,0.004515698244088089
2011-12-01,82.4093829608582,9.815684644622923,0.6934335103857103,9.815684644622914,0.6934335103857012,85.94404753477158,11.162797559240968,0.35160470704285185,8.907296051327053,0.284970196313602,77.8666740590583,4.046385153730947,0.7193245041749119,1.4582078847744842,0.24554327663879713,74.5239658001972,7.384640805288645,1.074230259455744,1.0502242986213783,0.148829345091238,78.59809442567371,1.7398739990655665,0.46742410287989866,0.381463281388283,0.09515875467922968,92.37179420197583,16.85964943030509,0.07682694390132028,7.413709612176094,0.03617165812282502,86.98289808705552,1.9953551876719988,0.1403080521334754,0.46674462316657717,0.030651374382884573,76.23097668177745,4.116528593197488,-0.0020477857270218003,0.1078339614955997,-5.121230049071616e-05,99.65915781231479,44.69376435469166,0.01872779142686465,7.680579284411822,0.004269125002334559,70.77172773194707,5.375510193750199,2.0685504513161312,1.0881246412128815,0.3963780464168672,71.10259165934333,3.5862640677162494,4.5294291151657395,0.29002701622431115,0.3328434579077921,69.79826421959372,-4.254641273139493,7.542390142271982,-0.14760556264621916,0.21361098943084986,70.48411534796799,9.15017997876284,2.737785398379322,0.4217210678527721,0.12292100338592785,69.29209791366942,5.087658212584878,0.5783505396793398,0.6250779374300567,0.06807558302123966,64.55559376486605,10.137095642676531,0.829434401274276,0.7182850769663556,0.0588638154409137,78.62948926650965,1.1298712440550807,0.19709451038638637,0.05706059511071487,0.009211767580319852
2012-01-01,83.0311506523542,2.525499270696896,0.7544865270879608,2.5254992706968964,0.7544865270879597,86.37115193286365,1.5804361843242187,0.49695634583566406,1.2851541750354067,0.4014081384022979,78.49020196889991,4.389437157396703,0.8007635068228325,1.4726462863554988,0.2734129742181773,75.46809658860059,7.230161730426343,1.2668821073406722,0.966265492712569,0.17618408859750584,78.96587825676951,2.436281084437697,0.467929704636294,0.49389008335388307,0.09504786799810684,92.6197936979336,-0.4449226960978381,0.26847967834802144,-0.2133734168968019,0.1256315319715647,87.12444992402021,1.9424007437915503,0.16273525035119807,0.4219225950205237,0.03535548235496857,76.62128634498205,4.268678965746631,0.5120092647296515,0.10399316745341886,0.012716205844556972,100.00919277120452,-3.4208813722672704,0.35123210608396516,-0.8189878670654087,0.07952921421981395,72.02655147420042,6.391307538858726,1.7730579462551521,1.2084207225677575,0.34439528859046964,73.65985917266768,8.248371886261285,3.5965883291235956,0.6127647848939503,0.274362478230359,72.76394887128305,2.151173246815885,4.248937541424991,0.0675716149073178,0.12852081769733525,72.73293262802042,12.46982952029283,3.1905306166508662,0.533319627868812,0.14615667694006798,69.72547095010172,5.221708406514147,0.6254292328863098,0.5974287183617476,0.07353291114191106,64.9633444307038,8.320797791953849,0.6316271635931736,0.5589946583719545,0.04488625214702677,79.11381440484904,0.8137277890707395,0.6159586471403911,0.03843405998978759,0.028646658994885492
2012-02-01,83.10347038543732,2.0103652002460004,0.08709951929477544,2.0103652002460075,0.08709951929478107,86.70214734361296,1.3334337448121625,0.38322449491769994,1.0846820926894434,0.30875194921751,79.00551671394207,4.523771519797171,0.6565338502330986,1.5167291512465257,0.22427011035864164,76.09433679128225,7.411587819756349,0.8298078671514331,0.9911714566078903,0.11598746970440256,79.38583691832459,2.5338225686450055,0.531822947868088,0.5128656717993533,0.10771889660582216,92.78335323216378,-0.9629178730650501,0.17659241907146406,-0.46228642166448936,0.08223549834448204,87.28820056764421,1.9389374755161892,0.18795027545861487,0.4194906683570426,0.040593815973570764,76.8409204197484,4.398904372153201,0.2866489003818806,0.10670657704104741,0.007102047468800131,100.15970202401695,-4.49855216254802,0.1504954181129614,-1.0843585400370257,0.03394017494160871,71.25627456205714,4.784339313267649,-1.0694346687126655,0.9032853882458367,-0.20982486914930937,72.04947148160126,5.243543745362422,-2.1862486694299466,0.38959250365967457,-0.17148044577618046,68.16630647722045,-4.804794670306922,-6.3185718551307275,-0.15082725807005684,-0.1977512808214435,73.03282285960063,12.191295094916722,0.4123169804164828,0.5217651456865644,0.01934471857176596,69.48434585830866,4.494382006455799,-0.34582067142382433,0.5129625883511385,-0.040606717569427485,65.38846696455285,8.375917978645608,0.6544037065433495,0.5627574493383687,0.046448147474400694,77.6308850113085,-1.0606697463166226,-1.8744253512439024,-0.04979486098723315,-0.08705486504382651
2012-03-01,82.85200597662588,1.8289280748871484,-0.3025919466962623,1.8289280748871486,-0.3025919466962669,86.60083423590967,1.2915387329359929,-0.11685190137422641,1.051122369382146,-0.09442245091727812,79.21213720848961,4.311372681153713,0.2615266669233396,1.4540644751210055,0.08984504288007791,76.27995159088647,6.749482217412006,0.24392721906933978,0.9115792260828804,0.03434825091783166,79.60353757477756,2.619979974490172,0.27423110330997424,0.5319771377112781,0.05579136513333549,92.40823870374635,-0.9024132735957258,-0.4042907648302063,-0.43176332852460947,-0.1884383290937707,87.44786436152222,1.9178198964932003,0.18291566653878544,0.4162871124110413,0.03954624055196583,76.84409550861618,4.359485166600474,0.004132028677461541,0.10592703886756737,0.00010257974930183696,99.07248795611895,-4.392241539423636,-1.0854805335156703,-1.0473847001289418,-0.2449558616231108,70.51616212784386,4.036642855522765,-1.0386628247996965,0.7605748239802357,-0.20143256224385123,70.71028743452658,4.4874703304972785,-1.8587007226231522,0.3299995442365035,-0.14247751270827394,65.39875967952031,-6.042057088792596,-4.059992305179372,-0.18459254325254332,-0.11893261992349126,72.61855646623786,11.564961778040184,-0.5672331660507735,0.4955338077232661,-0.026699411934789436,69.1250070950246,3.755781129670166,-0.5171506745084931,0.43001919286782053,-0.060461851724833246,65.74423116124314,8.115615447939684,0.5440778981454786,0.5502425342487389,0.038836350106114706,75.93792416271792,-2.5746619842934804,-2.1807826206592384,-0.12022334138091664,-0.0992982018309447
2012-04-01,82.53726542390172,2.2210674182843837,-0.3798828393038023,2.221067418284386,-0.37988283930379607,86.51611659085873,2.2803927293922888,-0.09782543759354612,1.8502627510609466,-0.07919534212046568,79.44373079794804,4.314768807454428,0.2923713431047359,1.4706237695615998,0.10100977178222534,76.5212836356953,6.554901057655882,0.31637676712639173,0.8965540547692221,0.04479434092753259,79.82248542496139,2.7551874471208215,0.27504788964705096,0.5645330689119972,0.056281293108483475,92.04209533960763,0.7671480843218559,-0.3962237234198862,0.36229437394935826,-0.1844899272445838,87.5867746696697,1.8939620313427996,0.1588492859850632,0.4150205558931734,0.034510350188242125,76.85602045085871,4.30509339819507,0.01551835852007244,0.105480018847624,0.00038643652196385445,98.03064747127,-0.8729248128005573,-1.0515941472171386,-0.20018368807880843,-0.23544535944823883,69.4527343476144,1.98108342529828,-1.508062475523686,0.3779322593849957,-0.29030606570237427,69.7805026658322,-0.4901435980138369,-1.3149214950586963,-0.037636296572749486,-0.09922123252960664,63.70654732731779,-16.095211213424786,-2.587529733736582,-0.5405171879582381,-0.07294188893958843,72.18682014005896,10.95749643041466,-0.5945261751101216,0.47287253311443617,-0.027909799501734694,67.99879744266723,3.6003839346186117,-1.629236219548158,0.40923762309437095,-0.19006964024662418,64.15028180533719,7.957960211660642,-2.424470296103476,0.5312896133492196,-0.17452868601021052,75.67376414813508,-2.602223566087869,-0.34786309672727445,-0.12205199025485065,-0.015540954236416238
2012-05-01,82.55623977436844,2.762548624065353,0.022988828584602494,2.7625486240653543,0.022988828584599896,86.82890442191591,2.4424325582108164,0.36153706775394756,1.9958172618382666,0.29351382683682525,79.66049000595314,4.299807620641305,0.2728462092954631,1.4771797245911218,0.09490025149369322,76.78533712821837,6.3965665483656675,0.34507195903845655,0.883677411564884,0.04919863191120885,79.99865620280167,2.8349205052147886,0.22070319772977687,0.5846478179338372,0.045457987572755605,92.43772101222038,1.0588162972976933,0.4298312322780218,0.5032747280975505,0.2001054465579885,87.72956864729927,1.8634130909121138,0.1630314373010311,0.4111873967939444,0.03561047238050968,77.02922306793484,4.507170372314828,0.22535985607903264,0.11102563726255546,0.005634161377129108,98.76539360291315,-0.22630199464509504,0.749506557996038,-0.052210037813116644,0.1666783395934562,68.5147522296456,4.105276193954643,-1.3505330305271457,0.7606586902312218,-0.25703698570929495,70.23936881907362,5.066064768901368,0.6575850498510283,0.3727340368372109,0.04915426046756112,65.32934912409202,-2.5785008725346614,2.5473077177396553,-0.07686540886065214,0.07021672616175477,71.90478781989047,9.995268689363822,-0.39069780275855504,0.43561657203822396,-0.018301637836608625,66.22102218866955,3.489626616873376,-2.6144216087006455,0.3886507582133091,-0.30117804925498404,61.36594668868221,8.128925859209835,-4.340331855601187,0.5209535519013228,-0.3060319412185401,75.75595558109548,-2.7978818462361166,0.10861285134371457,-0.13230279368801168,0.0048538919635576555
2012-06-01,82.63944878184243,2.9340263812301703,0.10079069456339074,2.9340263812301766,0.10079069456338868,86.6334865573544,2.0627444010454354,-0.22506084334766863,1.689134799506866,-0.18333405810505157,79.95427877760928,4.511353162256104,0.3688011103549327,1.5534472075093593,0.1285953229668462,77.1364379582346,6.57471083472787,0.4572498385075008,0.9115170764727465,0.06540231765371672,80.24254551510559,3.06677522934633,0.30486676136864954,0.6333822887633831,0.06291718378646047,91.80763361463977,0.23807922035956608,-0.6816345001596336,0.1133870922623544,-0.3186217433174231,87.88202601534418,1.8498302002549982,0.17378105283731848,0.40922398984175645,0.03801162478477343,77.16714393744941,4.618648907419831,0.17905005921314832,0.11392911591561283,0.004485439373611992,97.05962854720539,-2.0272676083585517,-1.7270877920719796,-0.46839038171392267,-0.38686660538141854,69.50530045816329,6.6292705781066275,1.445744451060138,1.2173905272311756,0.27137938788516436,72.23404561319182,11.452405936969479,2.8398273328113177,0.8174213780450286,0.21362292108384764,71.20333637294642,14.92483780070646,8.99134512682327,0.4113322740240484,0.254102108356015,71.42069262227234,9.381341472809645,-0.6732447341764036,0.40865654467965634,-0.03140667955639092,66.57784967074512,3.6446725858544804,0.5388432106332441,0.40776447342912825,0.06043728229165403,61.86659233764341,8.395381798941482,0.8158362674677733,0.5414430020434452,0.0550143353760044,75.84780398789317,-2.821017713731011,0.1212424899047937,-0.13367852861432133,0.00542294691564596
2012-07-01,83.06513190944031,3.029474226185269,0.5151088661319969,3.02947422618526,0.5151088661319954,86.84963267613423,2.162105899302458,0.24949488629519845,1.7657394813997458,0.20257638742873088,80.21631347418928,4.828532819379494,0.3277306738127761,1.656078761604251,0.1145806477561603,77.5422649025829,6.738434799068105,0.5261157438564146,0.9337499533653496,0.07552046451353837,80.39028166859524,3.483468021887659,0.1841119976208061,0.7148477225476875,0.03807376152564213,91.98088323847328,0.17954758168583496,0.1887093883290003,0.08536214387399542,0.08752042310074523,88.02378634028179,1.8993255535590503,0.16130752938361415,0.41887919611103197,0.03530898290670629,77.23042924131484,4.6145142708931886,0.08201068568343128,0.113446246639745,0.002056081693275018,97.28600815393823,-2.200970599579677,0.2332376603138675,-0.5084693018523692,0.05129107750275213,70.61278084879379,6.656866825601848,1.5933754452253757,1.2363977991715882,0.30310965494623676,74.62324821845716,11.394557486172484,3.307585204433039,0.8370966092024906,0.25561761936453914,72.93148818074381,10.008063678329716,2.4270657750442126,0.2939060407447128,0.07468263818317963,74.17708118258957,12.269043816668512,3.8593696856107806,0.538523067722159,0.17864636339803336,66.87924632533449,3.6403816719132953,0.45269809115178195,0.40742581749994444,0.05099734317288802,62.32015699154711,8.507193671632196,0.7331334032886883,0.549786890367975,0.04979057243974672,75.86826365443792,-3.010236745214767,0.02697463271055245,-0.1423610728680321,0.0012067707331422854
2012-08-01,83.27446337819948,3.2086872452323334,0.25200883204206104,3.2086872452323147,0.2520088320420474,87.00225790066852,2.315188458256068,0.17573502596544,1.8897744257212858,0.14231030485295101,80.54563003785783,5.2263335212571205,0.41053564967743483,1.791673874068673,0.1432632172202196,77.72236259778992,6.975599950715838,0.23225746040986817,0.965958406606258,0.033342685968382614,80.82442034848884,3.9948362531035952,0.5400387595148937,0.8195220189426397,0.11131049958518215,91.97449326689753,0.15048384156879369,-0.006947064814755155,0.07150446352500914,-0.0032114760467941827,88.14813748484063,1.9368197136299115,0.1412699336496681,0.42726132978948866,0.030814061659361167,78.02413117458524,4.17655382874913,1.027706230649561,0.1040893645468513,0.025654501923167483,96.9867974770715,-2.26599314637278,-0.30755776965714077,-0.5218213589751389,-0.06744507791880681,71.00648126691996,6.935305016520932,0.5575483834423967,1.2909160289546275,0.1072008560955463,75.10630195262108,11.916161622178834,0.6473233820508462,0.8762934922010209,0.051416428052918094,71.6110895036834,9.523896906000907,-1.810464464660455,0.275623131854088,-0.056769032704004734,75.78396084935736,13.387191792111764,2.1662751366724464,0.5939478984534315,0.10361097226156044,67.21104236517758,3.770071345392889,0.4961121096207721,0.4231740531391593,0.05585331757549239,62.82681147033469,8.807281142321145,0.8129865251403467,0.571779605280459,0.05533353999088302,75.87712138929514,-3.140146823812051,0.011675151678125495,-0.14860555214129964,0.0005197775846113532
2012-09-01,83.5905056609834,3.4948109226390356,0.3795188464302379,3.494810922639047,0.3795188464302451,87.01437511027537,2.238724812552584,0.013927465676433215,1.8271184774165345,0.011269887218167018,80.7976379236078,5.243151369904164,0.3128759258963054,1.8009378408340584,0.10935588808004679,77.99005005597927,7.020646682447729,0.3444149781892447,0.9741403998906342,0.049434183727323756,81.05884007746327,3.9916673730689967,0.2900357688476962,0.8204350774372284,0.059952697222450536,91.77248535950447,-0.003455403642427246,-0.21963470546867425,-0.0016391263422775185,-0.10127005524804797,88.30894051014126,1.9683889190815984,0.18242362219880182,0.43443976559155467,0.03974662814807224,79.64223710752819,4.520646822956453,2.0738531894989087,0.11450606020707725,0.052169901382056315,96.04230121829139,-2.7080149201580195,-0.9738400311685824,-0.6197122798802964,-0.21236372397194803,72.31190237732531,8.73012121900436,1.8384534582105871,1.6258966961337662,0.3545601524278016,78.40329078526193,17.09541753949988,4.389763238137689,1.2530284893767847,0.3500506200411777,74.37930213715455,15.2161215695531,3.8656200494320947,0.4343397857194784,0.11871696255439196,79.34662801592734,18.231719649275636,4.701083351465107,0.8113810845336975,0.22914192720122684,67.27144693757977,3.447474980613885,0.08987298853957437,0.38812369373536565,0.010142721643912918,62.898429440207074,8.214472585269883,0.1139926859191398,0.5362793694525163,0.007801991836300413,75.91711121385883,-3.1324327778694427,0.05270340233194393,-0.14815567571714752,0.002340729807614858
2012-10-01,83.69900448364251,3.200457003144419,0.12979802167862875,3.2004570031444137,0.12979802167861404,86.91831099362504,1.9711853786622324,-0.11040028331936735,1.6045431465871423,-0.08900881791028051,81.01165317199582,5.1594182764374,0.2648781002612566,1.770929487058993,0.09251830102817316,78.2669306378476,6.748737011398376,0.3550203925623663,0.938232723263824,0.050938568115836726,81.22060342494767,4.035361161307516,0.19956286979903037,0.827285438231698,0.04121445703921066,91.40065796847844,-0.4161882145614304,-0.4051621676905204,-0.19662385292680518,-0.18569873565814182,88.44841606403227,1.9763405539875656,0.15794046795862826,0.4350424804931712,0.03434464737553695,79.64223710752819,4.471438152581064,0.0,0.11284422591562158,0.0,94.9882445119436,-3.6300738917376285,-1.0974921393772652,-0.8260323616178928,-0.23610161435324087,73.08648145258108,8.25522011929083,1.071164012825987,1.5542802536844156,0.2095848783470517,78.44205652180047,16.881847892991587,0.049444017145550134,1.235117942412275,0.004100306345984852,73.60991541106497,15.471831541240721,-1.034409713431883,0.4342986638261745,-0.03287099949986671,79.89259065646363,17.714304109763358,0.6880728950784176,0.7939695402533491,0.0349822006109878,68.48334137071946,2.918923805646756,1.8014989840551277,0.33486543934656854,0.2027236296802254,64.70236626200925,7.054432685314649,2.8680156847430416,0.4769076174696547,0.19577611194008293,76.03625543629079,-3.014588631774573,0.15693987893761197,-0.14204217812308503,0.0069475177401416895
2012-11-01,83.21159356132316,1.6736294159612974,-0.5823377772845695,1.673629415961296,-0.5823377772845649,85.90218489509496,0.30272426460009605,-1.1690587252720652,0.245353351033111,-0.9402776337932514,81.32565555437073,5.1934629451730885,0.3876014993895449,1.7728019847213428,0.1355665470313011,78.58654531270025,6.58416377795612,0.40836490232580847,0.912203668087997,0.05872426706476768,81.52317732298303,4.206389355503948,0.37253342782039844,0.8563417468195069,0.07699057753641038,89.20707774426573,-3.3518688392752627,-2.399961086679725,-1.5781267296345667,-1.0941018428383593,88.5972667092548,1.998873065395479,0.1682909110715558,0.4366692127762749,0.036605668999371795,79.64223710752819,4.472761168494421,0.0,0.11185759621340909,0.0,89.59886324835296,-10.077864288845884,-5.67373498824163,-2.2973164013309755,-1.2056202915562273,74.32179701884091,7.188538866568894,1.690210749933696,1.3774761890430947,0.3338172369808151,77.60119309068887,14.083161008935363,-1.0719548522773792,1.0348959856312339,-0.08882401311449492,71.77428534587087,10.586964921709185,-2.4937266330809837,0.2998375858762947,-0.0783231314165826,79.69401843253868,16.16215827971923,-0.2485489859488932,0.7256480781150015,-0.012706892624146454,70.96973294423582,3.0134588602872103,3.630651664697293,0.3547035141322966,0.4153801779872177,68.41166738009143,6.852238916852249,5.732867795068786,0.48629394481223776,0.4020380206512916,76.26535946213254,-2.8155021585441364,0.3013089275992975,-0.1315904306799403,0.013342157335926953
2012-12-01,82.66061908098014,0.30486348895644166,-0.6621366768285397,0.3048634889564376,-0.6621366768285314,85.05784960052704,-1.0311335801190924,-0.9829031655004372,-0.832880824056464,-0.785886623799543,81.70605952212706,4.930717164260501,0.4677539518903817,1.6835458077479306,0.16519659170604478,78.9572950914279,5.948863890465361,0.471772588109598,0.8273028379351876,0.06851856321960564,81.90212686660162,4.20370552883107,0.4648365729383208,0.8538745120227116,0.09698932992940006,87.27775408188224,-5.5147138410619245,-2.1627472967048478,-2.5805377617418963,-0.9679340584433639,88.74109042174763,2.021308065560712,0.16233425458238582,0.439144693553867,0.03557661099779851,79.65107413560553,4.48649302776889,0.011095906391234145,0.11142604790833892,0.00028513288214382815,84.84139849552318,-14.868437223498788,-5.309737847502472,-3.3666487447442095,-1.070492609771114,74.72711506806223,5.588937083882528,0.5453555558116774,1.0855841479874035,0.11016997255846109,78.10803137660356,9.852579988678478,0.6531320791967499,0.7515951271841456,0.053853110437335386,71.93928786643006,3.0674454025109155,0.229890858214854,0.09278333407565599,0.0070816084781316615,80.40547186188934,14.076017645878537,0.8927312781358943,0.6448156156015631,0.045793495027887036,71.30547482784573,2.905637114184012,0.47307756374639354,0.34162131300115894,0.05641806915182928,68.90105458288886,6.731346680584327,0.715356344230611,0.4783596111904568,0.053353645360044694,76.31767359548695,-2.9401382262409848,0.06859488203210251,-0.13673829818929173,0.0030644237917837533
2013-01-01,83.5827854986569,0.6643709523096453,1.1156055058979764,0.6643709523096568,1.1156055058979706,86.201583027482,-0.19632585832993765,1.3446535885006439,-0.15817358296523096,1.0716548966132584,81.89451783839495,4.337249470760596,0.23065402660478185,1.481592178552666,0.08238659175841444,79.31868597093285,5.102274413151009,0.4577042299720224,0.7131770164465027,0.06723411933023832,81.9560288900974,3.7866363286747307,0.06581272740764366,0.7669700768037244,0.01388777990504278,89.26336531928072,-3.6238780552668826,2.2750485026638456,-1.687566314462786,1.0028133071365226,88.91061299590163,2.050128377784999,0.19103052864049008,0.4427901682342702,0.04221305699960529,80.11886321495999,4.5647587463232275,0.5872978920008709,0.11309700911748778,0.015194147342331708,89.26832358125492,-10.73988189717916,5.2178832082374615,-2.422090154059614,1.0027564228018173,74.92625036161238,4.025874942035257,0.26648331515108925,0.7898833913256954,0.054487981733843505,77.80147441188892,5.622621717905796,-0.3924781604551786,0.4410155587967559,-0.03278972328910921,70.69125224189662,-2.8485213646842533,-1.7348456754960884,-0.08914969414428002,-0.053920449191194215,80.6969023186657,10.949606186478933,0.3624510248219748,0.5137238101015054,0.018883280146983504,71.81116862731379,2.9912995190877645,0.7091935095993263,0.3512423194283128,0.08554320355167004,69.33189711591379,6.72464252493945,0.6253061518915137,0.47730045625943973,0.04728411285604155,76.96648678211692,-2.7142258768406813,0.8501480142973472,-0.12605813683112171,0.0382590906956289
2013-02-01,84.9360281432676,2.205151901997371,1.6190446831093608,2.205151901997353,1.6190446831093441,87.86896086943956,1.3457723500230667,1.934277519504457,1.0874544801707806,1.5450622352919143,82.00521070742703,3.7968158658414186,0.13516517583083143,1.3043606156395229,0.04785669330255284,79.43579387215019,4.391203369093244,0.147642260816383,0.6183408138227,0.021546689014049155,82.05935182214976,3.367747960603862,0.1260711792062441,0.6851566211098986,0.02632729811420072,92.30441848438593,-0.5161860733567614,3.4068323037428128,-0.24059229056512205,1.5189087787952067,89.09224224901595,2.066764659644571,0.20428298376786724,0.4468330894843342,0.044728761795925755,80.34320805427484,4.557841857430867,0.280015005596046,0.11315078175559376,0.007206496027606739,96.22557917101635,-3.927849997054955,7.793644274532285,-0.8863815155106516,1.5585224092789578,75.25431789152185,5.610794774266248,0.43785392746353846,1.0881267150606015,0.08877640308910341,77.69693695253457,7.8383163051729765,-0.13436436795646323,0.600841113036029,-0.011058095044373939,71.68723303394604,5.165200725525909,1.4089166063168568,0.15130837906609554,0.04255585253698788,79.90272583651856,9.406596524585575,-0.984147419948056,0.4427642996668305,-0.05089104099260724,72.39864291947285,4.1941778758441295,0.8180820663258315,0.4903556610031929,0.09828077252466173,69.73217270449952,6.642923349619734,0.5773325197153012,0.47417272014408784,0.0434447790267723,77.90679217563132,0.35540901573212214,1.2217075675758693,0.016182940859111487,0.05483599349789231
2013-03-01,85.6959444559269,3.4325523513617284,0.8946925459917932,3.4325523513617306,0.8946925459917898,88.28645831327533,1.9464293759270834,0.4751364300940253,1.5757470053989013,0.38070682693696345,82.18045876657536,3.7473064895004793,0.21370356546435154,1.2946363664885363,0.0745591850576828,79.67966563367001,4.456890666393298,0.30700487731303294,0.6310307858585612,0.04415508785485089,82.17890056830882,3.2352368650853336,0.14568570614370557,0.6620058583721098,0.02997640080886818,92.93425440319612,0.5692303054667391,0.6823464457627493,0.2650453555242623,0.30957080460884423,89.2541024633398,2.0655028170274425,0.18167711378442863,0.448734944500244,0.03922528269636324,80.35011114934049,4.562504923141697,0.008592008251628869,0.11361501486527097,0.0002182110878058517,97.52022211776774,-1.566798079239451,1.345424946157503,-0.35079630095466297,0.28539738835139355,77.12830819516901,9.376780964536202,2.490209673215693,1.8050554502538976,0.4990298542021022,81.5341964108708,15.307403447294021,4.9387525542743616,1.1550647263551324,0.3994426505634607,79.59285454170346,21.703920581582594,11.027935063435734,0.6118287044104005,0.33240629724757775,81.10510726323199,11.686476859313121,1.5048065183326909,0.5486170999362273,0.07582134141956813,73.03471589634707,5.655997685393177,0.8785703035645298,0.6598389063536556,0.10471563540794761,70.35711420313474,7.016407311202921,0.8962025337766244,0.5050853171947517,0.06674868966333265,78.56837463230191,3.463948348057988,0.8491974039684935,0.15475358915890397,0.03796694574461189
2013-04-01,85.80759289464001,3.9622435441037274,0.1302843902613482,3.9622435441037194,0.13028439026134722,88.36470361327073,2.136696716467412,0.08862661555384399,1.7346769832930076,0.07071748103854542,82.26945535606973,3.556888038539441,0.10829410157853214,1.2371422357815072,0.03752778901928713,79.86809129149339,4.373695130013333,0.23647897656808858,0.6235795495900659,0.03381356465218875,82.19097687611031,2.967198325809428,0.014695144030874019,0.6111504772381728,0.0030012371527391277,93.00219942694595,1.0431141140320843,0.07311085044601207,0.48561574851851597,0.03309953595633246,89.40184888592768,2.072315395907043,0.16553460122301633,0.45264969377280023,0.03548743612871993,80.36738931870609,4.568762274248295,0.021503603565009577,0.11422240142817137,0.0005413303360202354,97.49690533706233,-0.5444645608039034,-0.023909687856593642,-0.121080260064592,-0.005094484578218678,77.34857798207109,11.368657704587415,0.28558877026667595,2.1637127281569115,0.058136087225491316,82.64431882250922,18.434685428220266,1.3615421019718355,1.3779865119828187,0.11453436671339798,80.69555312447092,26.66759777431562,1.3854240925480266,0.7350943104637986,0.045953830680108256,82.19743934528815,13.867655045348016,1.3468104770651745,0.649608977810963,0.06827089126046379,72.70524821859357,6.921373543252085,-0.45111105548912844,0.7973334426950887,-0.053758739934341236,68.62699672275728,6.978480517053076,-2.4590512274029197,0.4920448505875133,-0.18315157294290133,80.84324608967297,6.831273691392403,2.895403485203052,0.305288592107578,0.12939283300856008
2013-05-01,85.6566774942348,3.755546192922621,-0.17587651082406897,3.755546192922627,-0.1758765108240644,88.54722051120436,1.978967834189027,0.20654955029602018,1.6120627582504645,0.16474268955709387,82.4021655854861,3.441700621384669,0.16131166645263484,1.2000685207704678,0.05588799952469576,80.08522730658208,4.297552503876445,0.2718682913007475,0.6146965407565552,0.03891502648709683,82.25706303955741,2.823055966128396,0.08040561866871077,0.582611007716865,0.016402544727781576,93.22749768324512,0.854387865014905,0.24225046040566856,0.3993731992094573,0.10961162878402694,89.58228963510538,2.1118546647078906,0.2018311158284103,0.4619319874302029,0.04328394353243284,80.41354369891106,4.393554155403412,0.057429239143180766,0.11006430763187298,0.001444149361020789,97.80207175020531,-0.9753637560347084,0.3130011276644806,-0.21848088269822394,0.06658906965088955,76.11192949882947,11.088381730871477,-1.5987992481623525,2.0813901409439266,-0.32596553725472344,82.08854048193417,16.869701226077783,-0.6724943087360491,1.2690049187458559,-0.057266562719613175,76.23142396045004,16.687866912082217,-5.532063405197885,0.47161154493719937,-0.18579593399525926,84.1095793640989,16.973545036777526,2.3262768695000435,0.7918111540198868,0.1193534905088761,71.07331772237511,7.327424695863094,-2.2445841754256013,0.8218524908094913,-0.26593314789610567,65.95404087338626,7.476612734388466,-3.894904304452318,0.5041708696315161,-0.28259299644001057,81.13652655624534,7.102505583722785,0.3627767077129196,0.3176816211779736,0.016659848543902414
2013-06-01,85.54812158498679,3.5197146714069705,-0.12673373801512788,3.519714671406971,-0.12673373801513121,88.58171187409452,2.2488132408827077,0.03895250770271641,1.8259150281778198,0.0311873104124709,82.42370067563851,3.088542521780324,0.02613413130516662,1.0798110492708834,0.00908500882089439,80.15305386429756,3.910753446634785,0.08469297022262179,0.5613630086849923,0.012177264465589812,82.24324254843556,2.493312021056626,-0.016801585919989925,0.5156088061911113,-0.003436280924851931,93.27323543648504,1.5963833987891363,0.049060367784758974,0.7403773163073658,0.02229143989756092,89.80035286454392,2.1828432231009387,0.24342225491977842,0.47780766556286547,0.052400946818920525,80.49832898323262,4.316843770301282,0.10543657252444216,0.10822715814260268,0.002657566645750943,97.62840922817765,0.5860115987314174,-0.17756527946689582,0.12886926702830534,-0.03796092726680603,75.53764514893223,8.678970741806857,-0.754526069275474,1.6510106483192564,-0.15164108851318597,79.63985900880547,10.252524737810266,-2.9829760143775474,0.7923381572884833,-0.2527529822395086,70.40454596771076,-1.121844067884381,-7.643669355779514,-0.03451998519415006,-0.24294047302250965,83.83386834698948,17.380363125806664,-0.32779978118296915,0.8045196288241171,-0.017239872456659196,71.65899738508604,7.631889193582064,0.8240499831437376,0.8597475444889198,0.09560826879385759,66.55384688761684,7.576390379467246,0.9094302733960502,0.5145486651249042,0.063525035972809,81.70032739556649,7.716140876811006,0.6948791909773266,0.34519887936401655,0.03208323282104756
2013-07-01,85.3681471932345,2.7725415356048666,-0.2103779585311938,2.7725415356048515,-0.21037795853120198,88.44535961154513,1.837344484071024,-0.15392823153294044,1.487882408253943,-0.12344703489402954,82.27736538859007,2.5693675327824295,-0.1775403019385391,0.8966233730415596,-0.06181280752746213,80.20349250031539,3.4319704242271154,0.06292790303814577,0.492690791959287,0.009067008897411365,81.95207505819663,1.9427639226838433,-0.35403211402742496,0.4004342632818852,-0.07248678112046107,93.14702431553067,1.267808087941491,-0.1353133300927567,0.5860799366242374,-0.06159020730359639,89.95610513563025,2.19522344548837,0.17344282747002726,0.47882623611264236,0.03747501620846406,80.6220449008344,4.391553553227179,0.15368755993374617,0.1096258013398935,0.0038827552081208356,97.11685017538973,-0.17387698576432076,-0.5239858529214603,-0.03812989951850187,-0.11196369687167995,75.2158710311977,6.5187776590482915,-0.42597848675334227,1.2533774045435948,-0.08507300369989353,78.17459404151442,4.7590340917093465,-1.839863838946576,0.37800663588347344,-0.15143661943242204,68.60114314094695,-5.937552006432545,-2.561486338667529,-0.18617823802364147,-0.07528482425261755,82.61078792099818,11.369693447021367,-1.4589335433371042,0.5438021110149935,-0.07657476817305611,72.04435308161871,7.723033736293217,0.5377631708434638,0.869474958491048,0.06298655283389308,66.9959494985304,7.502857394305806,0.6642780719499086,0.5106599517157366,0.046882194248413334,81.98297172747769,8.059638877318754,0.34595250829623225,0.35881500677531575,0.01610435858548401
2013-08-01,85.5109391282803,2.685668162067434,0.16726605852481757,2.68566816206744,0.16726605852481746,88.38755451321681,1.592253633382601,-0.06535684696427069,1.288426716521037,-0.05244439512207636,82.48461488281875,2.4073122825528204,0.2518912622564651,0.8413998993064695,0.0877278543441871,80.34550414624846,3.375015196119535,0.177064167040486,0.48441888957515006,0.025582282560314595,82.20370109312545,1.7065148610897474,0.30704046816403263,0.35275017691438265,0.06277491424710649,92.85327770887478,0.9554653804149327,-0.3153580147239432,0.44054982866093895,-0.1436486412872986,90.12448252596754,2.2420723767042627,0.1871772795002835,0.4885048107465855,0.040598112042292044,81.61180851076979,4.598163775969311,1.2276587763964786,0.1156715200215419,0.03112866780699798,96.04908535360353,-0.9668451251724886,-1.099464016654017,-0.2108383561100575,-0.2341918008378808,76.01177433645701,7.049065071569571,1.0581587294644201,1.3594674236038804,0.21087038414532916,79.55440472549202,5.9224095145530065,1.7650372232759448,0.47226763956102485,0.14290547426245992,72.88595698493764,1.7802654450448818,6.245980238532134,0.05467368843125653,0.1792508714117196,82.1366859624153,8.382677603359667,-0.5738983618413962,0.40859154316882396,-0.029745210493073306,72.46777678089917,7.821236259304221,0.5877264229172452,0.8826748011663553,0.06935469109057202,67.46648338742568,7.384859757337425,0.7023318460552819,0.5054413366472097,0.05000234592203316,82.32190626647231,8.493712938991926,0.4134206553542352,0.37723346451914597,0.0193523451685367
2013-09-01,85.75072358165754,2.5842862219727536,0.2804137760872072,2.584286221972738,0.28041377608720475,88.54433641459325,1.7582856882887743,0.17738006469336653,1.4175953716569656,0.1420048060898948,82.80852625643683,2.4887959407059457,0.39269307867686454,0.8693024142532271,0.13688138962053445,80.53142641893811,3.258590501140479,0.23140345519672145,0.4675447880780614,0.033436509136118155,82.62410152681097,1.9310188103504489,0.5114130241037129,0.398801099028314,0.10470511278874124,92.85953726422514,1.1845074266674915,0.0067413402141669465,0.5428975088262641,0.0030559505880806163,90.23329424329074,2.179115412361332,0.12073491494595245,0.4738554431012199,0.026192195751857272,83.15918838195311,4.415937324408081,1.8960244839803186,0.1129625031230604,0.04858477270030136,95.6745263576264,-0.3829300797667079,-0.3899662288278871,-0.08237909573423656,-0.08201447124737853,76.52152637348897,5.821481468151313,0.6706224680081752,1.1390361052955753,0.1348305886155621,80.35475966086709,2.4890139891577068,1.0060472932161835,0.20640960108369918,0.08275346153144739,74.8195312667784,0.591870476025802,2.6528763040599923,0.018808189703557732,0.08075405841486515,82.20854179717422,3.6068499100836426,0.08748324079181913,0.18337526159040335,0.0045007150296168365,72.79010062979951,8.203560267315835,0.44478230631368465,0.9231509584020109,0.05270687888234288,67.87634908472481,7.9142193037584185,0.6075100949688883,0.5402394040497698,0.04348257200079831,82.48372984081288,8.649721415842414,0.1965741340060223,0.3829115543522369,0.009224306881542518
2013-10-01,86.12857281253198,2.9027445952051867,0.4406367842653136,2.902744595205186,0.44063678426530883,88.78541516970142,2.1481137343008383,0.27226897266401373,1.727734677090005,0.21774587627401393,82.8425455735332,2.2600358465099113,0.041081901386608166,0.790464578596468,0.014335989748644742,80.72640095185885,3.1424131417540524,0.2421098713767389,0.4518897376174847,0.034966428988198295,82.53612676977916,1.6196916661018301,-0.10647590159060805,0.3347377375869004,-0.02184976107598284,93.28315802563031,2.0596132445798165,0.45619521040665134,0.9389429932576936,0.20623575597673785,90.35443193348252,2.154946300078886,0.13424943775759424,0.46873149874723047,0.029077657341555718,83.153177343051,4.408389772857024,-0.00722835205474448,0.1126232491742909,-0.0001882073819506185,96.5319541002271,1.6251585616885444,0.8961923045175846,0.3453323327629141,0.18721975436323243,77.34425081283948,5.82565924044498,1.0751542452707152,1.1505698158134299,0.2170040012192254,79.6773158636699,1.5747411486160212,-0.8430661731256506,0.13048574586834366,-0.06984908078184125,75.06948582607227,1.982844847540588,0.334076617511303,0.062277322426772704,0.010409945176891304,80.96186645686244,1.338391697669028,-1.5164790824140795,0.0684243370633862,-0.077867589103588,74.5180655614823,8.811959331971252,2.373901006774237,1.0081697650373524,0.28176929564075387,70.47452849088533,8.92109912256065,3.8278125461895796,0.6256242358062651,0.27486957502210546,82.60511222668445,8.639111372202679,0.1471591865521038,0.3825455292310856,0.0068997206186499575
2013-11-01,86.88320864134074,4.41238404755675,0.8761736136639664,4.412384047556753,0.8761736136639572,88.97779535643853,3.5803634856314215,0.2166799427241628,2.862702929912141,0.1729983190602566,82.80607614702522,1.82036109338799,-0.04402258073492593,0.6428966491606656,-0.015301061719391837,80.69703312340333,2.685558707671043,-0.03637945964298783,0.39004094076100676,-0.005243675042744345,82.49514565712609,1.1922601229001017,-0.04965233317451023,0.2487680986258491,-0.01013358009234057,93.67796109569514,5.0118033955179,0.4232308151020714,2.2430245124499675,0.19136292043403932,90.50898863747555,2.1577662598716074,0.17105602977707246,0.47288855361498455,0.03693673606519361,83.16158704450226,4.418949121459814,0.010113505845432691,0.11355428341064898,0.0002621550546530953,97.27749859107172,8.570014243858083,0.7723292227882705,1.7277947004480578,0.16207582754994662,79.92895988222025,7.5444393008391675,3.3418244306682166,1.524089489663994,0.6787589239927693,82.3007608129239,6.056050860897022,3.2925870064985485,0.4993433735900758,0.2693084140705882,81.77140275105208,13.92855025585613,8.927617994490355,0.4290581206485877,0.27789258722600957,80.9686328950642,1.5993853586445672,0.008357562020111509,0.0820419842594737,0.00042077896568022905,77.03238964947113,8.542594784735936,3.374113470396445,1.0187688874622778,0.4081976879913082,74.2709623607739,8.564759791818188,5.386958878879988,0.6387881511250275,0.39987469028927003,82.75217860449503,8.505590464807744,0.17803544338392818,0.3799807363372472,0.008322997702037776
2013-12-01,87.2509585096058,5.553236208077061,0.4232692070376354,5.553236208077063,0.4232692070376303,89.11531898459188,4.7702468415562915,0.15455949161522486,3.8017660678747247,0.12259429552161072,83.11930506505203,1.7296704200283175,0.3782680361168911,0.6178155780286813,0.13027644017286033,80.93188841388218,2.500837091959429,0.29103336441094196,0.3673585876113991,0.04156958441459835,82.86021281226394,1.1697937310258144,0.4425316813854385,0.24684948505716955,0.08948769462158548,93.65748599099231,7.309688449504259,-0.02185690685764241,3.22202047103702,-0.009838180809368035,90.65095523100632,2.152176404619266,0.15685358511672298,0.47557814914687335,0.03363320308940436,83.16158704450226,4.407364178065065,0.0,0.11402414622107548,0.0,97.05428618472351,14.394962725472716,-0.2294594429144814,2.76637876949268,-0.04810324909009314,81.0459784703298,8.455917770292999,1.3975142298304988,1.7289858944803222,0.29078746778921744,84.13692519881066,7.718660572993241,2.231041812675949,0.6448581598973102,0.18685336623049112,84.83415055873365,17.924646010182265,3.7454998992813238,0.5571129340860824,0.12589270329065216,81.99665879119489,1.97895353694173,1.2696594463475819,0.10310119568371609,0.06337374270768521,77.68819144879508,8.95122939207582,0.8513325398681326,1.0797008539413313,0.10554393646132354,74.85453573026082,8.640624128923658,0.7857355700498392,0.6533827393554102,0.060933334118786577,83.54734919449884,9.473134148889217,0.9609059282949417,0.4263181145859237,0.044610602342541696
2014-01-01,87.97214443963139,5.251510720523922,0.826565051369843,5.251510720523923,0.8265650513698363,89.94579189324212,4.3435500071575595,0.9319081366850446,3.469540960637507,0.7371978418817575,84.12034442876089,2.7179189146192106,1.204340391110592,0.9623086058862925,0.41459191885348967,82.66011218878921,4.2126595731563965,2.135405226267517,0.6147891886981199,0.3046077543486416,83.29065693264833,1.6284684124223014,0.5194822771692031,0.3400711695831745,0.10506860908012866,94.32826880985682,5.674112187524805,0.7162084394716883,2.529757277466199,0.3209491600723139,90.80239570468825,2.1277355368968465,0.1670588834900011,0.4658781374700169,0.03572643419553779,83.57520357580755,4.314015728822995,0.49736488444354077,0.1110259685784326,0.012727777944811442,98.39175315828136,10.220231781010213,1.3780606979193477,2.0437756327652346,0.2870151313641292,81.41012670963536,8.653677872214626,0.4493106828722837,1.7545632157221926,0.09439720693958854,82.73999857748481,6.347597141219774,-1.660301488347704,0.5224028777759464,-0.14155610525146695,79.07525139731224,11.860023538310838,-6.78842084643062,0.3582280246529037,-0.2357189187143429,83.36979956589165,3.3122674730076795,1.6746301555938814,0.17127996916987176,0.08429193229500462,79.12587186880886,10.186024515847913,1.8505777946463908,1.2237040751531993,0.2304032955677726,76.23541325845021,9.957200696520175,1.8447479698029179,0.7492880951844917,0.14357548226308425,85.101579743479,10.56965609511522,1.8602990567204047,0.474415979968705,0.08682781330468357
2014-02-01,88.19631407138596,3.838519412067387,0.2548188783875638,3.838519412067391,0.2548188783875676,90.28125834062149,2.7453351528377024,0.37296513857763003,2.199721529895155,0.2953470946825321,84.25910026100264,2.7484711448604093,0.1649491965160177,0.9589160025012746,0.056996206573041205,82.9274053965407,4.395514105404641,0.32336419667688965,0.6321864108154818,0.046725497112954026,83.32943002744915,1.547755590431743,0.04655155359403196,0.31846735799310694,0.00938667320167289,94.83618984430016,2.7428495856268276,0.5384611006348461,1.244391552731482,0.2410324636628531,90.99277269608066,2.1332165394969627,0.20966075830373132,0.46057546859537724,0.044543793467986155,83.8740041131491,4.394641618603368,0.3575229548445247,0.11161063863389438,0.009119291616764747,99.31375277806949,3.20930633378127,0.9370700187696812,0.680772010877772,0.19623546400786512,81.27146984009623,7.995756412606148,-0.17031894574206508,1.6023233704918518,-0.035648999760868924,81.54831255719162,4.956920768974293,-1.4402780285005634,0.4009120823189486,-0.11976829965259841,76.0112009193068,6.031712624914998,-3.87485391935104,0.18180912819818662,-0.1243872624706183,83.37913399329504,4.350800451901016,0.011196413391889593,0.21921989471278053,0.0005683078521836959,79.63555951122828,9.995928514578466,0.6441479005305562,1.1914015322959526,0.08101313914338794,76.8742247505676,10.242118908776288,0.8379458637572057,0.7628275872597035,0.06587534004990145,85.3747882933417,9.585808771171944,0.32103816484514436,0.42857394503624147,0.015137799093484311
2014-03-01,88.38304032225153,3.1356161407458227,0.2117166151801353,3.1356161407458276,0.21171661518013346,90.45638837553761,2.4578288717421515,0.1939827137271033,1.9611655657531057,0.1537938578385643,84.38731722578027,2.685381041097923,0.15216987171766672,0.9305808135232035,0.05253333113905537,83.00821550271006,4.177414453950101,0.09744680396417404,0.5973185260168892,0.014090500776784995,83.49040786833292,1.5959173108357039,0.19318245766322129,0.32593939303482666,0.03887246421950671,95.05158665242615,2.27831197745878,0.22712511803735236,1.031462071055282,0.10195613130516651,91.1415861484605,2.114730452749747,0.16354425518703142,0.45335755374978814,0.03473039127970581,83.89471076666865,4.411443327987552,0.02468780850335417,0.11105339120735913,0.0006303538207016075,99.6385230141822,2.1721657830684027,0.3270143630947686,0.4628276684139823,0.0689473722690341,81.49567963332434,5.6624753483558,0.2758776156863485,1.1526859422967113,0.05749833640679488,81.697546478574,0.20034546839713396,0.18300062466372058,0.016853273441586568,0.01496036996221921,75.5024940181661,-5.13910519617583,-0.6692525509243596,-0.17046157295993708,-0.020598821149132383,83.9389114895555,3.4939898632107225,0.6713640085365569,0.1771131173082468,0.03399430391865041,79.90170876947192,9.402368159918218,0.33420906423859975,1.120476783988173,0.042196007429769776,77.33996402375053,9.924866731251836,0.6058458146330548,0.7392098760777884,0.04790576216183971,85.27147546314988,8.531550846276659,-0.12101093573062549,0.38126690791038337,-0.005709754732066808
2014-04-01,88.22501771430274,2.8172621304398904,-0.17879290797491176,2.8172621304398957,-0.1787929079749071,90.5762362435599,2.502733036901228,0.1324924310759812,1.9961649451745793,0.10502439006097834,84.58957865993132,2.820151529896342,0.23968226600912246,0.9770689921470305,0.08269590972877346,83.27981486871349,4.271697898436533,0.32719576533308814,0.6114476832410434,0.0472575280839043,83.63581253464386,1.7579005791735547,0.17415733139098943,0.35860731319895295,0.03503771831739013,95.09682488194629,2.2522321707517,0.04759334495441081,1.0190727242477855,0.021367867530715567,91.28687700999987,2.1084889714947597,0.15941225918836288,0.45217863066528186,0.03383664394697981,83.91233229725376,4.41092215213037,0.021004340350039286,0.11091963784564056,0.0005353029038926103,99.5642769467982,2.1204484415055402,-0.07451542349079521,0.4511123969939241,-0.015728831192827104,80.43289528579919,3.987555277930288,-1.3040990053791446,0.8129886225537375,-0.27197397537714046,81.05746361298463,-1.920101989021883,-0.783478688380479,-0.1635071695833979,-0.0640313240969932,72.04325794926928,-10.722146190454495,-4.5816182814630295,-0.3601063509173478,-0.1397772321873337,85.08381448639867,3.511514670165905,1.363971698615174,0.18016408036052067,0.06938105638371751,78.5988457832718,8.106151493986658,-1.6305821318028046,0.9603981030071405,-0.20612294768538558,75.24725791000995,9.646730154894477,-2.705853487464671,0.6999140844625131,-0.21480017674840768,85.42881445736224,5.67217249367109,0.18451538847870097,0.2604840185446255,0.00867722906302176
2014-05-01,87.99201412465061,2.7263917989032382,-0.2641014937584507,2.7263917989032307,-0.26410149375845127,90.56103845975849,2.2742870266597714,-0.016778996822686132,1.820907039126365,-0.013341888290589176,84.86142450593498,2.984459089121372,0.3213703748266017,1.0374875994023023,0.11134502846872937,83.71895047041825,4.537320160090896,0.5273013663599446,0.6523817432455941,0.07654522072813848,83.77543906499744,1.8458913670548194,0.166945864602841,0.377523962569154,0.03370564184166427,94.82568246786393,1.7142847596842037,-0.2851224679887632,0.7789153936933483,-0.12830105398036548,91.44924995990212,2.08407301532636,0.17787107547173608,0.44863358643543544,0.03788260589448966,83.99072304119709,4.448478673791456,0.09341981303252478,0.11212550128242688,0.002385601724441759,98.70807736835606,0.9263664889070711,-0.8599465638661208,0.19804395889435894,-0.18170847713923413,79.49087011096053,4.439436280725251,-1.171193914494062,0.8922169523453756,-0.2415026449477282,81.8333016130508,-0.31093118160572253,0.9571456661541689,-0.026345764445745302,0.07775073637720341,69.18922080969423,-9.23792680877824,-3.9615603469581706,-0.29361111845778337,-0.115529538604581,88.12559179635683,4.77473845740346,3.575036366575235,0.251116342184482,0.1846616937058894,76.62021574941687,7.8044731902187525,-2.517377976911761,0.9054938241952842,-0.3135951794190265,71.99847871086574,9.164620935179911,-4.317471877884915,0.6401621890268127,-0.3340594562434852,85.79921748395944,5.746722377228997,0.4335809046982275,0.26533163516847486,0.02046427682446109
2014-06-01,88.13682367777247,3.0260186253347143,0.1645712449731107,3.026018625334706,0.1645712449731234,90.73889751120741,2.4352494340807107,0.19639687714927412,1.9530161483100432,0.15655303998429096,84.9901556111585,3.1137341741300117,0.15169566852430982,1.0840842845012777,0.052866446909962055,83.96041491705661,4.750113525562072,0.2884226871951556,0.6844232768074837,0.042200842515524424,83.81631922344093,1.9127123715713568,0.04879730730120713,0.3916208658227709,0.009894542569506577,95.04575954951436,1.9003566293530394,0.23208594541359595,0.864980254882337,0.10441336193956503,91.61555918781205,2.0213799449164904,0.18185958658256673,0.4367505264078975,0.03890370899203698,84.09661266784083,4.470010408983405,0.1260730028384227,0.11293013047586033,0.003230985928119024,99.00836681523295,1.4134795373240694,0.30421973042416006,0.30202799096370814,0.06389821767344862,79.5278194497655,5.282365227253427,0.04648249384286984,1.0549515773610625,0.00949761474476871,81.52981174252483,2.3731241582313656,-0.37086352932579336,0.19532853051872173,-0.03049482598834204,68.19061740609197,-3.144581832306892,-1.4432933221620314,-0.09242262471575345,-0.040529846229691344,88.26516936027112,5.28581240572179,0.15838482450911684,0.27743543317852415,0.008495980526039048,76.86529649288654,7.265380898120211,0.3198643348528263,0.850971808054562,0.0389459646841796,72.35119632608081,8.710765357039985,0.48989592770636303,0.6147723532742116,0.03636463384185451,85.84581613017266,5.0740172857999255,0.05431127180377526,0.23619945478035248,0.002581330842323036
2014-07-01,88.3295427685514,3.4689701869874856,0.21865899261757082,3.468970186987483,0.2186589926175579,90.84779198307886,2.7162899015678033,0.1200085904261794,2.179636678951219,0.09569235219803826,84.93531791081632,3.2304784063915237,-0.0645224143288603,1.125100317332225,-0.02248338631795905,84.08505731385961,4.839645622076816,0.14845376470105087,0.6992334127516888,0.021748012940288032,83.62757455461033,2.0444869702492374,-0.22518844847795316,0.41799862736061566,-0.045608281469581374,95.29973933255539,2.3110937067968074,0.2672184264135735,1.0527256494799997,0.120300178748515,91.73687951579699,1.9796036939147,0.13242327947398103,0.4293692737679081,0.028333100361682267,84.15251023271747,4.379032231476598,0.06646827155503132,0.11103528298790885,0.0017027872977891064,99.45271442830143,2.40521006261345,0.4487980433994121,0.5123227931288441,0.09439682553768643,79.9932552234415,6.351564007365229,0.585249007072286,1.2657427518786841,0.11944101955795582,82.21803291713904,5.172318353808603,0.8441343845949856,0.41877451514340414,0.06903921637030229,70.84968889177284,3.27770886588008,3.8994682653266555,0.09406564670479967,0.10774516501933609,87.70064936869011,6.1612551771802915,-0.6395727733516376,0.3193384827911681,-0.034305447121899736,77.18569731775756,7.136359778696666,0.4168341754860361,0.8421265552533919,0.050831481286275605,72.79923743061669,8.662147451486746,0.6192587369483027,0.6166994928816083,0.04611644193026187,85.93107294190366,4.81575762775468,0.09931388106523276,0.22542706237178003,0.0047150393560121484
2014-08-01,88.6188342582754,3.6345000554054874,0.3275138539797773,3.6345000554054825,0.3275138539797647,90.99966935007824,2.955297101777865,0.16717782973487694,2.365916331135954,0.13317290373019847,85.3217545006244,3.4395985503917537,0.4549775044273563,1.1989440478573854,0.15809281857788143,84.42109693397936,5.072583501762984,0.39964249398729557,0.7329600349148673,0.05850536443443827,84.043101349521,2.2376124577551115,0.49687773096815935,0.4581218188124018,0.10018886611234429,95.24098219029567,2.571481093976158,-0.061655092313195325,1.1656909326237894,-0.027770212474330355,91.88865512561735,1.9574843041584078,0.1654466672743382,0.4246560499806932,0.03536827865014279,84.99656820882734,4.147389648412081,1.0030098612337168,0.10627499015449214,0.025656133343974128,98.98716536721555,3.058935962581555,-0.4681109648560722,0.6433301065704331,-0.09868505920103315,80.7296531236016,6.2067736588564015,0.9205749886076697,1.247889812449553,0.18856352824196942,83.93741981419582,5.509456206513885,2.0912527775866607,0.45318602347947573,0.1721047466462425,72.6253293656465,-0.357582763638542,2.5062078629393136,-0.010884887221775993,0.07179169815749759,89.34989532627905,8.781958121812261,1.8805401892243445,0.4518018599970138,0.10000474315085464,77.30592458786835,6.676274644932123,0.15576366385061657,0.791141180979263,0.019032399232006898,72.91340637118839,8.073524378740471,0.1568271105593766,0.5778629985017092,0.011725660535207584,86.06348146129159,4.5450541229062,0.15408689180156365,0.21327818247755326,0.007306738696800432
2014-09-01,88.81544655468574,3.573990801500071,0.22186287831018614,3.5739908015000736,0.22186287831018392,91.00478307744667,2.7787736206331903,0.005619501043208075,2.2223116026466063,0.004469308463374714,85.58721554097535,3.355559397269814,0.3111293736335563,1.1709600455814597,0.10824669445495644,84.59118377869326,5.041208805411701,0.20147433626327427,0.7280705603069795,0.02951588965316851,84.37429918820303,2.118265287065335,0.3940809339063156,0.4346860625410159,0.07959538191948737,95.01378410497914,2.319898315478608,-0.23855075839367412,1.0487746735775927,-0.10702941562316663,92.06117972930447,2.025732853203066,0.18775397621313417,0.4387621039972372,0.040072175897078156,86.6857121739383,4.240690488449372,1.9873084298661414,0.11041648891047519,0.05117590616436314,97.95673151011827,2.385384322636841,-1.0409772350532975,0.49832057773177835,-0.2177138312206559,81.54966182133147,6.5708770931999005,1.0157465887712824,1.3262344700923372,0.20928763133873912,85.76353659239625,6.731122032293557,2.1755693494543094,0.5576818304107543,0.18219134076102936,75.45471567546114,0.8489553435157449,3.895867095582517,0.02645374779433267,0.11402271764798948,90.50844547512281,10.096157280622009,1.2966441030659137,0.518413630474337,0.07002126579962106,77.49407495553412,6.46238195171398,0.2433841502689882,0.767050018303118,0.029687633086038702,73.16225670053016,7.7875544089847315,0.3412957118954507,0.5592127997464237,0.025474608320135053,86.14007751859175,4.4328107916983495,0.08899948735470176,0.20783721855669687,0.004213024765904512
2014-10-01,89.07426670593789,3.420112277742615,0.29141344359822074,3.4201122777426187,0.2914134435982261,90.98945144272884,2.4824305532780366,-0.01684706473591424,1.981984615196338,-0.01336991825463128,85.71671349937026,3.4694345833275575,0.15130525929181182,1.2058818861742975,0.052688314010555945,84.84081749536348,5.096742199566484,0.2951060684093454,0.7346359768241417,0.04322409661272429,84.41035392306082,2.2707961066667393,0.042731892536829186,0.46344839706533303,0.008645701003308732,94.86938347154666,1.7004414081698505,-0.1519786153059033,0.768850996390401,-0.06787426105739021,92.20176465817845,2.0445402457467843,0.1527081548241549,0.4414848370457397,0.03258128292431,86.6866805741466,4.249390515191065,0.0011171393578202071,0.11014965727780361,2.9274620830324257e-05,97.44093065183225,0.9416328096511828,-0.5265598906112445,0.19760474208319978,-0.10873903885785559,82.70097869103084,6.925825542164432,1.4117984599639533,1.4067064234793398,0.2931956355111333,85.64912041905255,7.494987112267393,-0.13340887968213977,0.6130325755099004,-0.01139001072004516,75.76037139735152,0.9203280982634565,0.40508498263387427,0.02864732300161883,0.012290490043418822,90.13229887572734,11.326854011883537,-0.4155928183506963,0.5702741904954937,-0.022683485541233703,79.40092094557251,6.55257936085516,2.460634559651864,0.7927260801831816,0.30020895962624783,76.07151498937976,7.941857318305168,3.9764469004255343,0.589525148953638,0.29715914826335604,86.19564847257897,4.34662716278551,0.06451231016737502,0.20320093122954344,0.0030498113628907295
2014-11-01,89.61631159933337,3.1457205606609806,0.6085314125402252,3.1457205606609757,0.6085314125402195,91.0715364593874,2.353105170297254,0.09021377242859341,1.8664481076259767,0.07137406418918606,85.79730441037799,3.6123294358758606,0.09402006646967997,1.2440951248974494,0.03269442420076368,84.85750263189337,5.155666010828153,0.01966640235497863,0.7364066105767128,0.002880638064843855,84.53722322912003,2.475391195115173,0.1503006446043953,0.5005676670287655,0.030334072355172634,94.95205800782476,1.3600818135101056,0.0871456451521091,0.61219690800692,0.038747530765160174,92.35465331899931,2.039205949937606,0.1658196688400393,0.4372550860366573,0.035329780581017094,86.6866805741466,4.238848313173693,0.0,0.10893305949926113,0.0,97.44910222151677,0.17640629429260812,0.00838617778982087,0.03698133233322502,0.0017176914980387896,84.74025132981662,6.019459598481025,2.4658385802234006,1.2524977397289854,0.5178144590594393,86.99518784482478,5.70398983621998,1.571606829336214,0.4777183895822444,0.1336102500536642,78.12010569315703,-4.465249384324732,3.114734329150881,-0.15008472326148659,0.09460977759990705,90.81397515491345,12.159452256787961,0.7563063271313952,0.6069265274281297,0.04098897695268848,81.82856179255195,6.22617598247357,3.057446712291334,0.7718900564907362,0.38109102051821236,79.74979396007582,7.3768151443740715,4.835290806564818,0.5720677019829379,0.3746172200385613,86.31395206610081,4.304144642075092,0.13725007656213428,0.1998223545077966,0.006473800479649226
2014-12-01,89.8669333829631,2.998219066062524,0.27966090007167654,2.9982190660625205,0.279660900071665,90.97917109989156,2.091505856161424,-0.10142066674919681,1.6545124382430036,-0.0798271917982755,85.95017680638085,3.405793322156958,0.17817855357280532,1.1724379578014121,0.06164273377335534,85.0109824061561,5.040156694989761,0.1808676540111298,0.7189599395659482,0.026337543905155216,84.68613195133689,2.203613866174736,0.17614574565960606,0.44569498141562036,0.03538828215429241,94.64174348101851,1.0509117126215273,-0.32681179672869876,0.47093724799561826,-0.1445571446444489,92.5189007969149,2.060591155546554,0.17784429047476014,0.4406684205270387,0.03772502736662875,86.6866805741466,4.238848313173693,0.0,0.10847392278644036,0.0,96.51057266463108,-0.56021587656373,-0.9630971814930223,-0.11667877448865459,-0.1960888150629407,86.1075737036849,6.245337929022732,1.6135453369692687,1.3121042507266492,0.34509207954497995,90.49161681197882,7.552797535864775,4.019106175609033,0.6439460606602749,0.344955331892781,84.7485786528556,-0.10086964425819467,8.484976947847622,-0.0035025647368552362,0.264150596899519,92.27096302844444,12.530149872829742,1.6043652654182505,0.6307007796311113,0.08707831659052592,81.86539569100059,5.376884394275971,0.04501349851657732,0.6694405865627645,0.00574721119156649,79.75200815644912,6.54265286453235,0.0027764289578069423,0.5092102312520996,0.00022414259618999528,86.41549597396329,3.432959641588851,0.1176448365899363,0.16023035531065763,0.005523068595375618
2015-01-01,89.85870585226927,2.144498607661527,-0.009155236953251045,2.1444986076615193,-0.009155236953246599,91.115474869189,1.3004310166452315,0.1498186537089774,1.0297973801679743,0.11747264190414126,86.09822062780957,2.351245958965009,0.17224376601598923,0.8124446994088382,0.05952922775160744,85.3505613250522,3.2548336374359277,0.39945299922978794,0.4703171262992919,0.05811014852615379,84.68653703403756,1.6759143855930692,0.00047833416325637756,0.3379320223925497,9.599976818887614e-05,94.76633903836542,0.4644103342887007,0.1316496851855753,0.20788496493454842,0.057879817747342355,92.67215306630726,2.0591498132933816,0.16564428248964091,0.4374797875628149,0.03510143824809863,87.12042653590773,4.241955518402607,0.5003605616091367,0.10819900896847469,0.01295867000607736,96.54615200887048,-1.8757681311378671,0.036865747717640396,-0.3928118734054531,0.007412930877215416,85.62863154599907,5.181793723783046,-0.556213741817857,1.084587286606205,-0.12054085870993167,89.05507180608915,7.632430912710686,-1.5874896001410677,0.6346852861339265,-0.14133331074693375,78.42328798436013,-0.8244847805495281,-7.46359498771646,-0.026466908672112908,-0.25136553934083444,93.93640110235003,12.674375603010812,1.8049427677395924,0.6433262978595772,0.09925895981004905,81.98240990834671,3.610118880300006,0.1429348949680609,0.4540371286361842,0.01820686807673263,79.6454366753984,4.473017553387781,-0.13362858630676655,0.3516474812076581,-0.010758120575429828,86.94951859655453,2.171450704729283,0.6179709050702309,0.1023896474285269,0.028964988652165756
2015-02-01,90.09890473342725,2.1572224214510216,0.2673073008116589,2.1572224214510074,0.26730730081163934,91.5657864948083,1.4228071006059828,0.4942207964846679,1.1280334662712157,0.388134092796482,86.39746598112566,2.5378454238167425,0.3475627616158272,0.8761358114073369,0.12033920543431012,85.37450665628766,2.9508957238508327,0.028055270948090794,0.4266902227436133,0.004097999259987701,85.18624470657404,2.2282819869441584,0.5900674298863429,0.44837824746731336,0.11843560088559935,95.34734410940679,0.538986504989114,0.6130922402797001,0.2419502490488459,0.2699257291839625,92.84565653010712,2.036297805997367,0.1872228690702027,0.4324298611615247,0.03974348157960974,87.48043905116569,4.2998244523432705,0.4132354828515261,0.10978741881895512,0.010756781506846794,97.65225490017923,-1.6729786473813957,1.1456726843003695,-0.35272909883083114,0.2304768455062363,85.18414374465601,4.814326493981302,-0.5190878253195974,1.0034005971611706,-0.1118795790436347,87.73868566069125,7.591049905733094,-1.4781708876325794,0.620571187667382,-0.12952343727027613,74.39914470720957,-2.120814028196427,-5.1313116047277845,-0.06527620820727624,-0.1599331342697844,94.34866147271539,13.156202222371927,0.43887179573356416,0.6661601323214056,0.02457268324147998,82.080692701365,3.0704037306248377,0.11988278110897088,0.38765788392066153,0.015293745735300119,79.63139810378918,3.5866031328026127,-0.017626335161469164,0.2836017886052716,-0.0014172879356279956,87.25758890566316,2.205335614833137,0.3543093901854366,0.10405609531539003,0.016711033670925187
2015-03-01,90.46334872642976,2.35374161897266,0.40449325558482574,2.353741618972667,0.40449325558483484,91.77367722703688,1.456269562775847,0.22703974943782956,1.1543589422642462,0.17870817078210927,86.53256602579552,2.5421459889234166,0.1563703786166215,0.877098997425916,0.054184599145033506,85.40280116545689,2.8847574282194532,0.03314163709682294,0.41665119058174044,0.00482940735444622,85.39868032500472,2.2856187978877784,0.24937784164851262,0.4598305852627687,0.050215088615087236,95.61829129055164,0.5962074470126977,0.28416856670274715,0.2676777974061623,0.12554217410653673,93.00208707995624,2.041330428971433,0.16848451041799883,0.4332902077601609,0.03573715531291967,87.53801856863203,4.342714539056325,0.06581987709579629,0.11067558727355765,0.001715826684557912,98.09341062675294,-1.5507178756647422,0.45176194551233007,-0.3273279349616043,0.09167783372911625,86.05791435161565,5.598130770635068,1.0257432528509192,1.1675078917248907,0.21934566528874627,88.76830330372471,8.654797028702799,1.1735047491083561,0.7073301696107298,0.10103728836028071,77.19676504747773,2.243993461863636,3.7602856205913415,0.06846035087969227,0.1108905246151954,94.24613592169553,12.279435424204376,-0.10866667255212681,0.6246172133864162,-0.006094719929481329,82.84311669537243,3.681282880178327,0.9288712959347967,0.4653533629042976,0.11832420061627673,80.7012061397714,4.3460611321058495,1.3434500228011403,0.3450056345106941,0.10771636083140296,87.45366869599698,2.559112787710749,0.2247137387050735,0.12034772839360261,0.010607839784875934
2015-04-01,90.33998509285531,2.3972422260105875,-0.13636863471361282,2.397242226010572,-0.1363686347136099,91.95054787267944,1.517298229774089,0.19272481062841962,1.2064859239851173,0.151429989820048,86.79283373550471,2.6046412696189902,0.30077428841253084,0.9024287209829167,0.10396508525234316,85.59384913698281,2.7786256152433575,0.22370223097927244,0.4033566468979607,0.03247737776443316,85.70510727855648,2.4741730619948,0.3588193077288526,0.499524748817682,0.07214075995649866,95.71915843886735,0.6544209627331155,0.105489385926405,0.29448012237608906,0.04654806182249678,93.1897506771812,2.0844985933442306,0.20178428583395025,0.44395210682710384,0.042699746429210574,87.55521750647887,4.34129895987212,0.019647392216626258,0.11086096138280079,0.0005104507839248953,98.09914773312906,-1.471541057293102,0.0058486154568937465,-0.31093965114117983,0.0011874413701886137,84.95689902370883,5.624569054532569,-1.2793888118276864,1.15979795194508,-0.2752782137567109,88.92875162343212,9.71075044739813,0.18074956232794204,0.7888224590663834,0.015681504644048324,76.87537922265172,6.707249798149162,-0.41632032719033374,0.19560107801483587,-0.012687592756448814,94.70620543135017,11.309308360275416,0.488157424339275,0.5841607811254922,0.02723904923647887,80.98828332260194,3.040041511447611,-2.2389710174606448,0.378704498079874,-0.28670071523810636,77.81148997389141,3.407741537835296,-3.580759574863246,0.26367011004256574,-0.2897863038343111,87.5109347227041,2.4372575910919014,0.06548156019181572,0.11503438803730844,0.0030855885962053947
2015-05-01,89.9578481626158,2.2341050577389554,-0.4229986642644845,2.234105057738952,-0.4229986642644842,92.05954026639175,1.654687084114137,0.11853370777434868,1.3189939524543608,0.093442611702812,86.89814678981814,2.4000566756226416,0.1213384213659463,0.8364277639369694,0.042125209884858676,85.69382875137411,2.3589381733275294,0.11680700821306012,0.3451503046606705,0.017019336655631902,85.81202144701714,2.431001740784211,0.12474655461682804,0.49292986726208227,0.025204707258110085,95.83044618561586,1.0595902835631499,0.11626486124987068,0.4767000586277207,0.05142707865066551,93.32633750391247,2.0526002617117234,0.14656850752228223,0.4390957043243492,0.031120511045844016,87.60048179133932,4.297806495095502,0.051697986881360514,0.11014374207639864,0.001345242430351783,98.18780530438481,-0.5270815498003345,0.09037547553107927,-0.11070804498394227,0.018375016953080983,82.97577431504898,4.384030768846681,-2.3319173974405305,0.8957745557386511,-0.4960014391945786,87.12369928950902,6.4648469170581535,-2.0297736119883614,0.5315820138350055,-0.17665868822325978,75.78166451238062,9.528136934536334,-1.4227113041008987,0.26756440903759915,-0.04323636869549009,92.4905414976564,4.953101150669403,-2.3395129427921657,0.2656911800105097,-0.1313605707147822,78.93490901836185,3.020995498779433,-2.535396751232344,0.3678296427160866,-0.31782250311527044,74.6247762344792,3.647712522038482,-4.095428246498645,0.27076716241614274,-0.32000618070085207,87.55140674459861,2.0421972507695063,0.046247959780965076,0.09706248029994204,0.002183677585582029
2015-06-01,90.06207961013212,2.1843945039344392,0.11586698619989733,2.1843945039344272,0.11586698619990629,92.2104424222958,1.6217354976201248,0.16391799857720102,1.2931381316889865,0.129922742187104,87.07484738395115,2.4528626377982032,0.20334218928788061,0.8547209344867589,0.0709804642019403,85.90386285345588,2.3147193094736007,0.2450982820374925,0.3390991504791817,0.035905579656554915,85.95956611595149,2.5570758921028336,0.1719393931600255,0.5178944027296477,0.03493098832637254,95.95696590701444,0.9587027993872566,0.13202455632266297,0.431602414851787,0.058714273086448006,93.48689511188147,2.0425961928946634,0.17203890376846775,0.4370310353403086,0.03673751279239255,87.667288619188,4.245921254225049,0.0762630826709465,0.10877220980720714,0.001993915276747197,98.27957304428132,-0.7360931145462546,0.09346144321284999,-0.15482432317886735,0.01910041971934755,82.92784414049821,4.27526457314773,-0.057764058180143074,0.8725208472394668,-0.01205094457129092,86.73250136500585,6.381334031423225,-0.44901436428134156,0.5219101472071651,-0.03844879217858126,75.64421492972373,10.93053239163937,-0.18137577676777816,0.30201861796347373,-0.005456693244424658,91.94775832261443,4.172188179135672,-0.5868526297423737,0.22378810813333244,-0.032316809010869633,79.0983762527753,2.9051859054435747,0.20709117986748016,0.35427734017613616,0.025409036210512947,74.82681838873395,3.4216739851760325,0.27074406711775634,0.2548134087203561,0.020375030165709462,87.64431176040279,2.0950300332668093,0.1061148178637561,0.09946393145578361,0.005034006044806704
2015-07-01,90.14754584199459,2.0582050087215586,0.09489702240104148,2.0582050087215586,0.09489702240103821,92.2943803373703,1.592320872873687,0.09102864368668584,1.268433707071577,0.07218467389723873,87.0176667701023,2.4516878378820994,-0.06566834805545874,0.8518975922814485,-0.022942816213439538,86.01858586211476,2.299491265181608,0.1335481372410463,0.33663230639216274,0.0195893372568555,85.77423803992667,2.566932613733197,-0.21559912921713664,0.517588235350395,-0.043825376511660546,96.16604068946074,0.909028044538851,0.21788390292467597,0.4094374202496413,0.09691348308676764,93.62380549416918,2.0568892122031057,0.14644874249365447,0.43971046385021767,0.03129048764980361,87.77452397531826,4.304106594781754,0.12232083120087278,0.11009536096342322,0.0031968402583044796,98.58968712498795,-0.8677765189965436,0.31554276346612564,-0.1829407631516785,0.06447204532052526,83.01815779582965,3.7814470281761103,0.10890631038042997,0.7745626399989977,0.022681020224089164,86.90086352367304,5.6956247192795795,0.19411657223935563,0.4687353244952598,0.016528282698128338,78.01416591497586,10.11222086542567,3.133023440660865,0.28967011029211176,0.0939772139955828,90.72886006401133,3.452894268308948,-1.3256421699008647,0.1836205396768043,-0.07248808696838703,79.13919201302181,2.530902438080096,0.051601261846490054,0.3092450731320415,0.006336981723331163,74.87997470560363,2.8581855365862108,0.07103912476076335,0.21370101909745973,0.00535436827658337,87.66246737873747,2.014864213326395,0.02071511313173069,0.0955440540345843,0.0009826134467452014
2015-08-01,90.29993642552793,1.8970032514228796,0.16904573730764927,1.8970032514228823,0.1690457373076486,92.45802540960923,1.602594899461307,0.17730773167419223,1.2745777414140258,0.14059757051699912,87.30876147854696,2.3288398012350164,0.33452368840654056,0.8102391858884218,0.1166864121888439,86.18371955680831,2.0878935323564995,0.19197443556937532,0.30587535986753905,0.028170397555820542,86.15351625184083,2.5111102142018504,0.4421819657991044,0.5071871266647849,0.08960461878037955,96.21450111145393,1.0221638823643353,0.05039244794289299,0.45860932799897675,0.02244180598501412,93.76601835620286,2.043084892274294,0.15189818581187176,0.4360539192146857,0.03247154014518346,88.77561446830072,4.446116283411206,1.1405251178165932,0.11449356642190874,0.029815653814219585,98.36443599055472,-0.6291011307886896,-0.22847332312522228,-0.131572538569722,-0.04678482529341468,83.13366126200945,2.977850201743326,0.13913036526764788,0.6135656492416528,0.028979590603836702,86.89226020347378,3.5202897537460753,-0.0099001550161959,0.29480389134144663,-0.0008437958724458924,78.8561904251306,8.579459967904057,1.0793225823530816,0.2511002858906003,0.03335769228623152,90.18575090356089,0.9354857934970484,-0.5986068380747445,0.05051802514147324,-0.03226817270651273,79.3287289212081,2.6166226510111246,0.23949815933816954,0.3191717007947538,0.02939926136290637,74.95492839048451,2.7999268185374904,0.10009843776732641,0.2089889692172001,0.00754283154574976,88.06668896429602,2.3275929220983205,0.4611113486141516,0.11018273157755715,0.02185642981715866
2015-09-01,90.52735895580679,1.9274939974174288,0.25185237031304375,1.9274939974174357,0.25185237031303986,92.66510684317845,1.8244357159983737,0.22397345460472007,1.4478816794555878,0.1776161738799471,87.74213196779165,2.517801768868888,0.49636540698287934,0.8767621881447845,0.173425028115736,86.48962198236742,2.2442506640418136,0.35494224098493454,0.3287147161987843,0.05209627390534698,86.67294196883088,2.724339997776526,0.6029071587417167,0.5512002313455919,0.12250742545470007,96.21782618662738,1.2672288478879246,0.0034558981598875604,0.5659495019603561,0.0015372289106277213,93.90443642615416,2.002208425168539,0.14762071844136582,0.42718425384008846,0.03155173633949771,90.39340199545295,4.277163708449461,1.8223332351362087,0.11208301356166422,0.04810153619843468,97.93486779840946,-0.022319764422273902,-0.43671087809268316,-0.004609218769008886,-0.08907105672325445,83.42698673859444,2.302063399571219,0.35283598981707964,0.4780816529870924,0.07347058148064167,87.58217036554502,2.1205209642789047,0.7939834462306505,0.1810430952779422,0.06755077178261301,80.41392047646166,6.572425270715465,1.975406170312044,0.19941081702318716,0.061606980927586055,90.31621852721527,-0.21238564743704114,0.14466545141249565,-0.01159222813792314,0.0077384941829557645,79.37352980858068,2.4252884547947717,0.0564749845129775,0.29589656901774813,0.006937383562139403,74.85254013285335,2.3103216173906427,-0.13659976712639965,0.17264991114674666,-0.01028627275935311,88.38576865771061,2.6070224265054343,0.3623159870856041,0.1232466578710012,0.017223656321489696
2015-10-01,90.84812226430111,1.9914343659086953,0.354327478669636,1.9914343659087073,0.35432747866963293,92.82072733221528,2.012624387167672,0.167938606384177,1.592319867924168,0.13314219652805748,88.04801968955594,2.7197801863959814,0.3486212551532031,0.9457730725551151,0.1221018033695575,86.86102003262442,2.3811681651598304,0.4294134275817596,0.3487818224982971,0.06309151486982832,86.92247869348064,2.976086053032767,0.2879061434645891,0.6006415335445474,0.05870580255839867,96.23797827789792,1.4426095714659581,0.020944238785292058,0.6414268739984801,0.00929318945353174,94.00254920536423,1.9530911950133234,0.10448151646937909,0.41612845965275724,0.022308154668868128,90.40263741141895,4.286652589141338,0.010216913803584582,0.11200652238130439,0.00027390598301526306,97.86049496318194,0.4305832349332128,-0.07594111974563722,0.08819383280199651,-0.015382482180949052,84.28511871888637,1.9155033627520135,1.0286023909514386,0.4022466618719649,0.21440029247718273,87.44308182259377,2.0945473751090127,-0.15880919868820342,0.1780680723153628,-0.013584283139044123,80.66558339413378,6.474640905672402,0.31295939332516287,0.19666664035899387,0.009928063578764123,89.93432862820123,-0.21964406765999644,-0.4228364575504906,-0.011903887755716729,-0.02259433032744022,80.82779596282485,1.7970509664874346,1.8321802718756608,0.22399081690902245,0.22462628864025802,76.97499422229626,1.1876708818572057,2.83551377905924,0.09201555436500827,0.21269328684047864,88.60739221785279,2.7979878195835584,0.25074575184207415,0.13197526254401523,0.01193300179977963
2015-11-01,90.84046509799963,1.3659940660572412,-0.008428535571936013,1.3659940660572338,-0.00842853557193795,92.35688744836996,1.4113641198485238,-0.49971584707065864,1.1108705740514202,-0.3954402992714491,88.21969246382534,2.8233848022320096,0.1949763036973362,0.9767794957018803,0.06828500632736068,87.14258272844646,2.6928439156000517,0.32415310770732564,0.39212591795150886,0.04766178964706349,87.00745696785592,2.9220663328872742,0.0977632893729874,0.587053110335139,0.01992133148902874,95.21137487408497,0.2731029444762889,-1.0667341752011117,0.12080035740037891,-0.4717493000299683,94.16075298987434,1.9556130698002105,0.16829733432492944,0.41483230290838796,0.03584419509000365,90.40263741141895,4.286652589141338,0.0,0.11132905013992032,0.0,95.2293412470737,-2.277867034010439,-2.6886781199074727,-0.4637789998280421,-0.5422782662772199,85.76322470969544,1.207187096834672,1.7536974655501858,0.25818345236523155,0.3679940176307424,87.68372917909838,0.7914705989275683,0.27520456906224844,0.06793102525963123,0.023420186973546822,82.03099406413718,5.0062507420835844,1.6926805863809014,0.1558524118424965,0.0536750564466729,89.46311445794994,-1.4875031014325302,-0.5239536197566341,-0.08073552126059243,-0.027780722701167163,83.03819463602316,1.4782526015034048,2.7347011592583126,0.18873960423649652,0.3402132245542305,80.33526738096613,0.734137847658145,4.365408783228664,0.059267341479002346,0.33554746010830205,88.69435333998726,2.757840669911049,0.09814206236953282,0.12947226275749762,0.004665764445929021
2015-12-01,91.08579612126401,1.3562972412853869,0.2700679955785379,1.3562972412853929,0.2700679955785276,92.42444175245535,1.588573115242986,0.07314484707288127,1.2455984357460113,0.05759734537299963,88.37654396202312,2.8229926287506313,0.17779646903903767,0.9756554621686312,0.06239491623392861,87.40331104244237,2.814140677561472,0.29919736807479946,0.4093851668704457,0.044138750355829356,87.0824823167787,2.8296845188522823,0.08622864239153927,0.5679064526916132,0.017589564401953077,95.19865201199437,0.588438579523376,-0.013362754300549895,0.2587071719184695,-0.0058469582185114895,94.33208275975204,1.9597962656486612,0.1819545452192095,0.415297567556072,0.03882141865453565,90.40693648412747,4.291611912396132,0.004755472662765214,0.11114701444103052,0.00012706336408524276,94.98770196819149,-1.5779314684324697,-0.25374456624169817,-0.31728901836094336,-0.04980582234266679,86.58718693067162,0.5569930801176293,0.9607407181402738,0.12070975440742694,0.20515357392668263,90.1677555316525,-0.35789092043655435,2.832938762766779,-0.031862828371959424,0.24176980914217697,88.19008279177369,4.060839949912398,7.5082458745056035,0.13676455191720488,0.2421376283166015,89.58685413109126,-2.908942108391943,0.13831362108400747,-0.15997103785636096,0.007295763849180943,82.82914329257754,1.1772344022065173,-0.251753237605834,0.14995464516312332,-0.03217882256468358,79.99145704402864,0.30024182853150005,-0.4279693690531605,0.02417175757374224,-0.034334830605612765,88.73453391021881,2.683590379385481,0.04530228669410441,0.1257828875893879,0.0021560080409316587
2016-01-01,91.4235645998974,1.7414659300800661,0.37082453358998624,1.7414659300800712,0.37082453358998246,92.57288732879596,1.599522432055922,0.1606129001440859,1.256177790351047,0.12622500420605726,88.5931055028594,2.8977194381691884,0.24504413855483964,1.003298665080502,0.08591530932314966,87.70184169901073,2.754850510008744,0.3415553175364128,0.402397658973837,0.050402196568762374,87.23234668222129,3.006156276245542,0.1720947330112077,0.603381760965424,0.03504080947975272,95.28498436710638,0.5472885562572971,0.0906865310457583,0.24095438323341492,0.03956830528455573,94.542030168295,2.0177335263267704,0.2225620408251361,0.4283224353647911,0.047443615672405265,90.90431351424712,4.343283347883764,0.5501536159307596,0.11305841810369868,0.014660877821234895,94.85222262655154,-1.754528116421783,-0.1426282969613446,-0.35296128743073607,-0.027849304403024466,87.5410508201423,2.233387641043749,1.1016224493289206,0.4813645339637664,0.23685736093063092,92.7099065598158,4.104016401990895,2.8193571118346306,0.35961086464826664,0.24676065114250056,94.63983859117107,20.678233498759944,7.313470625292351,0.6445008507322121,0.2528819233440971,89.62137329553276,-4.593563044975246,0.03853150640940051,-0.2571962262128899,0.0020297884132123713,82.79167244358665,0.9871172805784312,-0.04523872576893684,0.12592901633108766,-0.005752271949380336,79.4025237622548,-0.30499288255975143,-0.7362452235989081,-0.024523687365786508,-0.05865577367308787,89.7231358273527,3.1899167189961775,1.1141118046939402,0.15045270369687377,0.05290350172370364
2016-02-01,91.80024634180702,1.8883044287979711,0.4120182182330234,1.8883044287979867,0.4120182182330301,92.90481206662508,1.4623645174420163,0.35855502340573775,1.1510605018540736,0.28119672784578903,89.0684840800647,3.091546804766887,0.5365864245383767,1.0712657079708143,0.18789764627973587,87.98182825164648,3.0539814488834693,0.319248201875455,0.4450269136220532,0.04709667086163507,87.84396987045864,3.1198994309928674,0.7011426512064656,0.6282275336165478,0.1424794406829273,95.4859224361096,0.14534052101524697,0.21088114810312586,0.06420965276260791,0.0917547579538225,94.75483042840307,2.0562877894851894,0.2250853506416739,0.436158053452998,0.047910634609170624,91.14296890074924,4.186684348304892,0.26253472170461034,0.10914065843952142,0.007008708519820975,95.02797516883246,-2.6873723848254483,0.18529090559415984,-0.5453590792930598,0.035994438132521435,88.06292885578111,3.3794847075699908,0.5961523545233938,0.7226714087124665,0.12911063148206087,94.10086814674919,7.251285380159667,1.5003375998830837,0.6243265845277164,0.1345185582882985,96.16757941519074,29.258985158564222,1.6142682054005597,0.862845150957218,0.05967833614679435,90.89822159357706,-3.65711587772356,1.4247140510041056,-0.20511437868582416,0.07480356643534769,82.77111015099551,0.8411447648748238,-0.024836184587462284,0.10714916301317683,-0.0031449222967918173,79.19516048612797,-0.5478211208757466,-0.2611545153749839,-0.04392370131065859,-0.020576382450865367,90.05008352874205,3.200288545788199,0.36439620436190534,0.15107286432384298,0.01743146015407851
2016-03-01,91.88146901454564,1.567618608066823,0.08847761958741263,1.5676186080668102,0.0884776195874175,93.17644648385755,1.5285093713204745,0.29237927636909244,1.2009982408812203,0.22917632009127334,89.3917887952806,3.3042158586083614,0.3629844142460925,1.1421291535438147,0.12726473449639347,88.32130645431039,3.4173414092112386,0.38585036184168864,0.49613402338968304,0.05686947693377426,88.14767921068884,3.219017993278306,0.3457372665170766,0.6471848068003556,0.07045968729781041,95.70899972492616,0.09486514886454245,0.23362322227742371,0.041860029569503875,0.10144625773221984,94.96467954349039,2.1102671188947264,0.2214653481395601,0.4465554416306817,0.04705233873820012,91.15557733114473,4.1325572838691205,0.01383368409824115,0.10736626428109466,0.0003687585400777013,95.29723928723213,-2.850519032476395,0.28335247375448347,-0.5787394043285485,0.05491949949447886,87.52387162251134,1.7034543329810026,-0.6121273051826082,0.3665217810754912,-0.13281348357121323,92.92375355410105,4.68123203409474,-1.2509072613575034,0.4061352123738048,-0.11337051381765388,92.95226158387209,20.40952950127428,-3.3434530128256146,0.6219917254833215,-0.1250850006713855,91.02607410955824,-3.4166512829901907,0.14065458458893954,-0.19064819642395484,0.007459446183315606,82.63311031580045,-0.25349888795734854,-0.16672463972431384,-0.03246058654741546,-0.021019929566685212,78.95100172084686,-2.1687462959267934,-0.3083001079641545,-0.17551387070576552,-0.0241281376416509,90.10862185508921,3.0358396607937266,0.0650064098257852,0.14305328415835278,0.0031082080749631254
2016-04-01,91.64178157858127,1.4409970118856252,-0.2608659162016913,1.4409970118856148,-0.26086591620169614,93.35858269110271,1.5312957355870571,0.19547451541492844,1.2071525940539276,0.15353137901467834,89.79434295260627,3.4582454425309495,0.4503256537885969,1.2006033493761992,0.15832017811638063,88.68468858045351,3.6110532177658916,0.41143200970550353,0.5261476287661163,0.06082005628320775,88.57050051024248,3.343316778512362,0.4796737739890311,0.6755082008666595,0.09800660296666273,95.69284332883124,-0.027491998953288466,-0.016880749084569047,-0.01216045138002629,-0.007340760950871863,95.13951989518816,2.092257146133125,0.18411092686065889,0.4442435331278794,0.039168023855113476,91.16885774272014,4.127270012177009,0.014568951197757585,0.10739642057320305,0.00038806860785747907,95.04164938411857,-3.1167430295400367,-0.26820284094819513,-0.633691891186709,-0.052084403703315865,85.91070261532798,1.1226911558447572,-1.8431188854863723,0.23879766482347375,-0.39710291592082525,91.222873739117,2.579730485140863,-1.8304036911227284,0.2245234644804087,-0.1636706906302009,87.43862516789648,13.740739950889559,-5.9316861386966675,0.41758274988962596,-0.21430651149251295,91.75618923587426,-3.114913306936673,0.8020944915599237,-0.17489827999751303,0.04256028904871619,81.10283721820939,0.14144502254866964,-1.8518885368622673,0.01773072048694962,-0.23288287210704375,76.96436512925906,-1.0886886305821797,-2.516290545130895,-0.0850673164504571,-0.19614887812792406,89.41618137134503,2.177152666324589,-0.7684508646217503,0.10279803693740794,-0.03673399397912055
2016-05-01,91.28725433675788,1.477810109173494,-0.3868620139378165,1.4778101091734885,-0.3868620139378153,93.4758913214002,1.5385163242288336,0.1256538251931616,1.2194405829648531,0.09914372511984819,90.06413684540247,3.6433343777076743,0.30045756104992716,1.271775258632931,0.10638452890253285,89.14626299892558,4.02880148764051,0.5204668650928834,0.5901977424419438,0.07745677199446757,88.68967838953635,3.3534426692138464,0.13455708007441558,0.6812811455165101,0.027696732672341566,95.6730517574917,-0.16424261222710568,-0.020682394472837373,-0.07304236314315485,-0.009015945388380492,95.32371269425373,2.1402052665546067,0.19360282590084044,0.45702347920218184,0.04137109762715458,91.21755876782717,4.129060597067924,0.053418487752110444,0.10795520866408702,0.0014268209828548406,94.76007794140087,-3.49099091517312,-0.2962611071486321,-0.7134427783699208,-0.057529025272195417,84.01998280532678,1.2584498293598978,-2.2007965858072964,0.26254230774560083,-0.46664303454340184,90.35764965274356,3.7119066219723162,-0.9484727359585832,0.31784801923416706,-0.0834757433775335,84.54022536661577,11.557625331394306,-3.3147819921862887,0.3477113492843016,-0.11295096365265235,92.18646285156495,-0.32876728924670084,0.4689314358779617,-0.0181045617879759,0.02514735688796521,78.61726913663887,-0.40240735774977887,-3.0647116264046703,-0.049373339468073235,-0.37925269450847776,73.27930317637771,-1.8029843786383615,-4.788010589956038,-0.1356848240263757,-0.3647930858173363,89.14432692896025,1.8194112962781395,-0.3040327133360443,0.08631148455829823,-0.014459608691146358
2016-06-01,91.29224945415058,1.3659132115799721,0.005471867271045205,1.3659132115799657,0.00547186727105527,93.57569260762017,1.480580885917382,0.10676687305053445,1.1740837180469965,0.08467491818789712,90.30748745393102,3.7124843362925875,0.2701970140970289,1.297045659666678,0.09633013645644567,89.48986234289397,4.174433337829608,0.3854332558758333,0.6123214011095819,0.05788331125230475,88.85195118758251,3.36482046422788,0.1829669483448093,0.6839755071107663,0.0378583768074343,95.64388348639784,-0.32627378081127034,-0.0304874471526273,-0.1451246655391461,-0.013339054982733103,95.51188783373368,2.1660712118300562,0.19740643137087233,0.46280646285029925,0.04242970585848375,91.30898247353134,4.15399393742204,0.10022599479653227,0.10856413352926349,0.0026888933931492045,94.4442969395396,-3.902414292147649,-0.33324265737365577,-0.7973455906233119,-0.06476908869908195,83.71619402434426,0.9506455787158918,-0.3615672972540285,0.1979831244073942,-0.07526840670673633,89.09977517178417,2.72939644253527,-1.392106242021085,0.23239765403369522,-0.1218294768958056,83.23275719706986,10.031887136902885,-1.54656338314213,0.30091342184321257,-0.051150060606068116,90.98520713625443,-1.0468457349256166,-1.3030717072253228,-0.05724308293651205,-0.070480094039738,78.90411987171282,-0.2455883297043715,0.3648698793841332,-0.030159897279832516,0.04393820972956124,73.66573683813111,-1.5516917271169994,0.5273435267571847,-0.11695426973083911,0.03840255621573959,89.24799986892432,1.8297686139696179,0.11629785487830002,0.08679437245100473,0.005535653513827138
2016-07-01,91.36043088685632,1.3454443307725938,0.07468479866956645,1.3454443307725932,0.07468479866956321,93.56626051267922,1.3780689253882317,-0.010079642135807365,1.0927506718691964,-0.008002082922845507,90.349290783978,3.82867541447387,0.046289993471826385,1.3354940562763495,0.016546908086322202,89.59118190475583,4.153283859336909,0.11321903868131145,0.6094543637161169,0.017067526310682764,88.84797462478934,3.5835195451481505,-0.004475492929556513,0.7261714126100833,-0.0009276845977662717,95.58882779220464,-0.6002252906720407,-0.05756321490336669,-0.2673047266095796,-0.025176355050131594,95.69795464964811,2.2154078703926494,0.19481011226407663,0.47359160490899666,0.041952025777283596,91.45151470560663,4.189132066751311,0.15609880672649012,0.10951246012311729,0.004191834100191222,94.0612257404943,-4.593240445882185,-0.4056054324704572,-0.9405647401270739,-0.07856652161672985,84.03705280052365,1.2273158448056876,0.3832696647509959,0.2556387360562928,0.0794934143723607,88.382567428175,1.7050508411787124,-0.8049489936718723,0.14532245805670324,-0.06946023999835514,82.31426778370852,5.5119500648371345,-1.1035191483404039,0.1703530873587913,-0.03593067859542157,90.40902762540398,-0.35251455642857366,-0.6332672408907003,-0.019002456812857796,-0.033803763538251,79.8558567392077,0.9055749849808503,1.206194136684191,0.11116258989518717,0.14577381508688927,74.46752227052244,-0.5508180747960778,1.088410252588834,-0.04150642151077575,0.07967454302902831,90.48598935247381,3.2209017817597774,1.3871341490763633,0.15266901140596262,0.06609927205785997
2016-08-01,91.5878366824283,1.4262471358022832,0.24891059878384691,1.426247135802285,0.248910598783857,93.70705975340546,1.3509204184955603,0.1504807822336307,1.0713114032773965,0.11936334088280197,90.65024661233842,3.8272048271037695,0.3331025907884477,1.3371864666790898,0.11903769341581422,89.49225787440119,3.8389365585596913,-0.11041715071892222,0.5634558735669395,-0.016651557027470867,89.44317340715276,3.8183666766376856,0.6699069786080925,0.7758711506646602,0.13874914148406184,95.58547020774826,-0.6537797280443236,-0.0035125281206305203,-0.29080981343627205,-0.0015342400886711725,95.84014757857167,2.2120265515482407,0.14858512853710426,0.4727878259049207,0.032035962762512575,92.37974931443745,4.059825288422725,1.0150018967087782,0.10716142871410061,0.02727875378616076,93.7250465146464,-4.716531365415266,-0.35740468317453367,-0.9619784023258159,-0.06889769089887644,84.54618299120469,1.6990972221750722,0.6058401308879136,0.35380081541586766,0.12604390459181683,88.87147327662272,2.277778329754865,0.5531700002322726,0.19378953661454054,0.047314288227780436,83.71731222558915,6.164540506269955,1.7044972635452682,0.19225348948723314,0.054845179386716125,90.31344247534267,0.14158730232043393,-0.10572522741573165,0.007573836770902123,-0.005603681460022536,80.3682063273181,1.3103416886238728,0.6415930014797011,0.16096229100088563,0.07841601848508933,75.21776741880367,0.350662770231569,1.0074796708768874,0.026405703150389984,0.0744972745652787,90.55943928379007,2.830525762703151,0.08117271175556162,0.13455658785049182,0.003918743919809165
2016-09-01,92.12396372551079,1.7636709919742977,0.585369261358859,1.76367099197429,0.5853692613588577,94.0274089309122,1.4701349128526164,0.34186237232258776,1.1655270679216656,0.27090349276506664,91.23089812805917,3.97615841104495,0.6405404700153383,1.392617648221924,0.2290960740210541,90.0723029883686,4.142324736639025,0.6481511672009388,0.608610550883506,0.09739466273264036,90.0109638439697,3.8512848408206013,0.6348057824741016,0.7853002535501044,0.13203123395020525,95.6706926722089,-0.5686404859711058,0.08915838806402565,-0.2523120473010136,0.0388455082257161,95.97707907149328,2.2071828810442007,0.14287487695001655,0.47126208306172784,0.03077396542247168,94.24725213932177,4.263419739487939,2.0215500028343047,0.11429832894757255,0.0547454934502739,93.45043885519837,-4.578991164252044,-0.2929928227937584,-0.9275113433506599,-0.05613927228817892,85.78426504869601,2.8255584940251266,1.4643855153344099,0.5889550450782258,0.3057473949212531,92.51815136401711,5.635828591448,4.10331679327931,0.4820797028241774,0.352034189604334,90.62026299172071,12.692258323913697,8.245547524902008,0.4026386498870457,0.2691672067343676,91.83955353709615,1.6866682803176047,1.6897939220622105,0.09012737572128753,0.08924615040148125,80.10671508751106,0.9237150983439246,-0.3253665245956383,0.11324796881998658,-0.03992232983907972,74.76340321239235,-0.11908336083558124,-0.6040649995385783,-0.008932501619700193,-0.04500509043323156,90.65494378170911,2.5673534987134428,0.1054605667552222,0.12218047043968713,0.005082760594153181
2016-10-01,92.62764858094,1.9587926225506092,0.5467468344392712,1.9587926225506105,0.546746834439261,94.31206880924957,1.6066901433519298,0.30274138314980714,1.2714226191705251,0.23932189661855546,91.6303122854849,4.068566912191307,0.43780579345507054,1.424901960258434,0.15667176020796217,90.60921090313573,4.315158708824174,0.5960854746174915,0.6344785281508638,0.0896269002676568,90.29767187133203,3.882992326707013,0.31852567189405434,0.7912415570897517,0.06628170122006326,95.85039789273391,-0.4027312211867473,0.18783727336513234,-0.1781026389814887,0.08143528075893133,96.1402198380429,2.274056023745241,0.16997888259142613,0.4843315438576638,0.036450861934296856,94.24970791882674,4.255484815005928,0.0026056775653593434,0.11369440648537861,7.157175443790808e-05,93.67588993890107,-4.276092232984563,0.2412520331253054,-0.862443096246923,0.04582174718183402,87.00052992422552,3.2216970760826413,1.4178181451331318,0.676037500142551,0.29861160786405777,92.53442536423027,5.822465809205957,0.017590062029149145,0.49549772506809436,0.0015618773236839869,90.8063922458054,12.571419464139266,0.2053947405799228,0.39864086277210636,0.007215512677811255,91.74873226450251,2.017476156187503,-0.09889123922728338,0.10696928800166258,-0.005280269877805205,82.0370164923852,1.4960454075928498,2.40966241439986,0.18611702067466554,0.2929874692366226,77.6429787651327,0.8677942097759184,3.851584370176253,0.06670306435120206,0.28356406297513576,90.83304500438938,2.5118138914014487,0.19646057374336223,0.11941395632346383,0.009423406261487185
2016-11-01,93.234403622838,2.635321739332541,0.655047441226797,2.6353217393325394,0.6550474412267991,94.51763738928886,2.339565570707247,0.21796635641093687,1.8422728543615683,0.17188773502401233,91.7625299638667,4.015925924355379,0.14429469362697844,1.4093269849852241,0.05158088289902374,90.90929383798684,4.322468983135597,0.33118369739684184,0.6376673050136759,0.049820931758470896,90.30043932508381,3.7847127958750226,0.0030648118544363,0.7720340668667423,0.0006363061815252789,96.11954374074003,0.953844924365499,0.28079784113919093,0.41736091933325103,0.12130300652841144,96.31252432221484,2.2852104130602013,0.17922206175751132,0.4875674309330572,0.0382889855469015,94.24970791882674,4.255484815005928,0.0,0.11370399006662808,0.0,94.1027560421155,-1.1830232050385248,0.45568406501699243,-0.23220770576531677,0.08628652188846077,88.91299371950124,3.672633603117914,2.1982208578975593,0.7842427152055595,0.4669858481751199,93.248442741717,6.346346824793936,0.771623506253194,0.5416125052706633,0.06815431547006931,92.03343296384854,12.19348736879966,1.3512713011674782,0.393234606556355,0.04730897166543963,92.12583421338721,2.9763325048211,0.41101597763504305,0.1569955216386591,0.02180516063459591,84.65001031399936,1.9410533731389235,3.1851399933061852,0.24810331210362657,0.39445210576015033,81.61842114113023,1.5972483841736995,5.120156953306876,0.12814293889074982,0.3893499754790757,90.93000186697537,2.5206210348231783,0.1067418389214092,0.11996037321287636,0.005102130281074471
2016-12-01,93.62626761025071,2.7890973095349825,0.4202997736735936,2.78909730953499,0.4202997736735885,94.89429875279475,2.6722985321940396,0.3985090760939558,2.1001482020648705,0.3128986354672531,92.09738173496991,4.210209639500828,0.3649112238242269,1.476148197734092,0.12978254520455093,91.40819281943493,4.5820710099275574,0.548787654579308,0.6761611717837644,0.08229010307381145,90.50406861356613,3.9291327093097683,0.22550199091417866,0.8000244300249424,0.0465147248465874,96.53009364691295,1.3985929493527172,0.4271242769111394,0.610233428830646,0.18382910802156316,96.51773370663861,2.3169751827202267,0.2130661467632633,0.49391028085442207,0.045304249437102914,94.24970791882674,4.250527209683663,0.0,0.11327101793483484,0.0,94.82476162607333,-0.17153835574706955,0.7672523253566377,-0.03349422230911887,0.14499609044600054,89.35377456585077,3.1951466876898316,0.4957440166058147,0.686981290816537,0.10692952901584718,94.10384194035254,4.365292654221942,0.9173334947853773,0.38206669643294555,0.08111811680654867,91.8495802736914,4.149556691718015,-0.19976728481850836,0.1434815193757716,-0.007042372039262792,93.61717295712504,4.49878373911452,1.618806230056502,0.2369899326068233,0.08567246371710074,84.82854611535734,2.41388808733336,0.21091054885371552,0.3069348328825666,0.026775997287708655,81.78094074962516,2.2370935243891887,0.19912123540579696,0.17822655719337632,0.015813386963247304,91.13969129964575,2.710508844122028,0.23060533197518662,0.1287082756891853,0.010962610324459287
2017-01-01,95.07914682039625,3.9985120209401037,1.5517858900384818,3.9985120209401077,1.551785890038484,95.51889168888867,3.1823619691467853,0.6581985896971787,2.495766937093918,0.5166877317151132,92.928003045227,4.893041639936291,0.9018945974461845,1.7134071330330503,0.3205865089362034,92.55019066737964,5.528217964918292,1.2493386125689732,0.8155430803231334,0.1875766438062488,91.08114424322851,4.412122002206353,0.6376239637649439,0.8965888382592206,0.13126877521397295,96.96522421276521,1.7633836609400433,0.4507719296780843,0.7672513282702834,0.19401995552422716,96.77783700855589,2.364881350951431,0.2694875769750915,0.5033777896983267,0.05718288650804392,94.80460617981045,4.29054740614927,0.5887532950888508,0.11454178694887884,0.01591257858140606,95.44593706542486,0.6259362431715099,0.6550772484944734,0.12159378954673913,0.12422485496810545,93.502104426597,6.8094380300528945,4.642590512714206,1.474741880036585,1.0021361037416436,92.42575778636015,-0.3064923523273366,-1.7832259761041858,-0.027479754799636658,-0.1584678784289111,86.51298836689482,-8.587134493522274,-5.810142943380603,-0.31746019473573134,-0.20355953747096395,94.27266627659709,5.189937188003535,0.7001849113434044,0.27249384602088406,0.03749831146465959,92.4754937029793,11.696612682865059,9.014592301538404,1.4811026183895708,1.1420547861211359,92.5933565485291,16.612611490498708,13.221192737323095,1.308908816090487,1.0476599838147562,92.95283473711409,3.5996277659934295,1.989411431630983,0.17219380229908463,0.09439480230638123
2017-02-01,95.60832804527766,4.148226018143464,0.556569176920596,4.148226018143458,0.5565691769205956,96.27853106654746,3.631371642518344,0.7952765827025976,2.846386379537949,0.6188009695804512,93.98568338211165,5.520694949323279,1.138171812827915,1.9355921339501059,0.4019842508277191,93.57736696315509,6.3598800146596135,1.1098586489865392,0.9373661024157591,0.16613873478590252,92.13753804691054,4.887721015777768,1.159838089935472,0.9960953814437444,0.2366284608576197,97.45209029027463,2.0591180396048347,0.5021038021230328,0.8941312310929714,0.21377098577983586,97.04426579216963,2.4161674433014424,0.27529937829688933,0.5133368716390712,0.0576784771400361,95.15521476003393,4.402145231470178,0.3698223054252159,0.11734608346109568,0.009900614993613818,96.21586494753171,1.2500421866179723,0.8066638620553235,0.24228371937748072,0.15162007413640824,93.27989537517523,5.9241346922924265,-0.2376513906125144,1.2853616542946118,-0.052860054442863555,90.95345329727614,-3.3447245614830035,-1.5929590671976968,-0.30313449591966185,-0.13691075902316305,82.79052215854742,-13.910152816563738,-4.302783060227567,-0.520405541134998,-0.13982043883605205,94.24453123711969,3.6813807628763184,-0.029844323480632262,0.19523758689576998,-0.001584905621135579,93.02400099541303,12.387040388504689,0.5931379984793317,1.5617050781251658,0.08066658382463918,93.02603221913184,17.464289040018443,0.467285868804157,1.3667876166301056,0.041283121498101455,93.72105461451585,4.076588207274789,0.826462021921559,0.19491746149505323,0.03938346232653515
2017-03-01,96.13148141035325,4.625538143207941,0.5471838863533307,4.625538143207946,0.5471838863533274,96.74627235480723,3.8312535041440388,0.48582096452682855,3.009178115098313,0.3789123635656305,94.6994370344937,5.93751205870634,0.7594280604208414,2.087440408500101,0.2697692868827065,94.27218964377865,6.737766263168576,0.7425114674332933,0.9960122539866202,0.11176078641750882,92.84917786144325,5.333661297556103,0.7723668654684435,1.089769867552103,0.15852250408489768,97.69611858095735,2.076208989480932,0.25040847246666775,0.9028600448638067,0.10655380780045554,97.26584358412599,2.4231788615489913,0.22832651692259454,0.5155105624241303,0.047703300283730966,95.16814231873978,4.40188642875734,0.013585759580769796,0.11725167550970986,0.0003630326646594737,96.52037592773884,1.2834964052002462,0.3164872865542234,0.24925218794798934,0.059634717596470245,93.9827246635524,7.379533059161236,0.7534627751782708,1.5899322170711565,0.1662666950792642,92.94586622828527,0.023796578741674956,2.190585248585375,0.002127837971577208,0.1842505725450779,87.71467325123274,-5.6347077988128325,5.947723198623334,-0.20357694986008895,0.18393349352958432,94.35383431502753,3.6558318460093275,0.1159781649641145,0.19398370356223069,0.006123191202473987,92.92322478804041,12.452773994484833,-0.10833355509788367,1.5659893756074434,-0.014738687876646167,92.66056070865507,17.36464223251042,-0.39287014802035225,1.3536016735390668,-0.034677927386833465,94.11215719745165,4.443010291291372,0.41730493168739,0.21238770206837257,0.019939239510187428
2017-04-01,96.33516007739496,5.121439607532285,0.21187509445763641,5.121439607532281,0.21187509445763741,97.1568606302539,4.068482864311074,0.4243969978924733,3.2101254867015268,0.3308031991979316,95.2883930340126,6.118481299324285,0.6219213312792737,2.166401632074172,0.22138954057974425,94.91181728189517,7.0216502996371055,0.6784902743146803,1.044974046881585,0.10232288402681404,93.3864653168232,5.4374365943927305,0.5786668958789765,1.1192218773953084,0.11903302636743078,97.94385977565568,2.352335209738965,0.253583456842299,1.0254386074117754,0.1075863348245952,97.44803108286348,2.4264482206957982,0.1873088147124502,0.5185090959212355,0.03900954257715725,95.17645877403619,4.3958004197283795,0.008738696683341374,0.11741291337962845,0.000232272358988086,96.88291015004944,1.9373198780350043,0.375603823364723,0.3761955975135514,0.07061147888096002,93.51220464093016,8.848143239659588,-0.5006452242224846,1.8761045150907718,-0.11070407587759874,94.89671585698957,4.02732556790435,2.0989095135364177,0.3544477166909773,0.17942517490198823,91.25464391676306,4.364225468480543,4.035779344912016,0.14871067642587232,0.13151012818358676,95.2663448944692,3.8255246734054227,0.9671155243092588,0.20515117325356141,0.05084092296809241,90.97611991997366,12.173782127004928,-2.0953909773451573,1.5064842102100386,-0.283217603082965,89.31700177043335,16.049812949705288,-3.608394890610034,1.2228170098445401,-0.3155285606911667,94.7493954454874,5.964484271581161,0.6771051339294898,0.2836672003654942,0.032310957608200866
2017-05-01,96.40352200921564,5.60458051852879,0.07096259742107591,5.604580518528791,0.07096259742109073,97.45681590841589,4.258771465818922,0.30873298727047693,3.3775563069876937,0.24115733574557513,95.79273633541054,6.360577795622868,0.5292809389889852,2.2676613545926574,0.18918265558180392,95.38490823028769,6.9982128487397155,0.4984531557197025,1.0509724481687623,0.07552156857737645,93.902776903952,5.87790891688551,0.5528762496547657,1.2162201568551347,0.11414409732916453,98.05875627943163,2.493601362259379,0.11730853168245847,1.0910157714974773,0.04979050259084978,97.64612385845705,2.43634149212415,0.20328042895512155,0.5236569658028744,0.04232546452072621,95.22331193482906,4.391427726319219,0.04922767814266038,0.11781455523353432,0.001305806960784818,96.90421922193984,2.262705273274368,0.021994665372249145,0.43977970797496313,0.0041416333055455876,92.82618099478387,10.48107592435592,-0.7336193695577031,2.1818728944513492,-0.16106656571294736,96.58471893363034,6.891579522949343,1.7787792352947251,0.6031131122922168,0.15492219027744372,94.47667711398073,11.753519350433116,3.530815593512826,0.3887284760924672,0.11944565606347007,95.95595460563628,4.088986210633561,0.7238754797730396,0.22116367890935631,0.03834067002117468,88.84643539589158,13.011347724981581,-2.340926966280199,1.5668471351197257,-0.3091199161600504,85.13781796329793,16.182624933506375,-4.679046233411355,1.1784617278773453,-0.39355186734794334,96.41809449901862,8.159540624334838,1.7611711881489356,0.3883854072423811,0.08443195118789304
2017-06-01,96.66927951940457,5.889908614810158,0.27567199273437204,5.8899086148101505,0.275671992734373,97.74234063424718,4.4527033789624415,0.29297563558778883,3.5349371722968965,0.22939271135571573,96.10756041707474,6.422582586081282,0.32865130876089665,2.2958284449402444,0.11800894513987957,95.88529499904207,7.146544299781166,0.5245974211625759,1.0773261660549984,0.07982227530522097,94.07063475895221,5.873459728928299,0.178757072511182,1.217456537615049,0.037083027062730964,98.31555602273458,2.7933543044775133,0.26188354109975,1.2217260600956734,0.11120548395463038,97.84024389648556,2.4377657227392158,0.1987995328005976,0.5249686951604878,0.04144721809546071,95.28222798504687,4.351428965564574,0.06187145670604188,0.116852067641827,0.0016408377202755074,97.26521894126354,2.986863254993377,0.3725325091334719,0.5785609306570396,0.07011418605674109,93.0271534163974,11.122052908121404,0.21650402877699815,2.306809126339339,0.04715141187091469,97.25978261526517,9.158280621638504,0.6989342507676577,0.7902815892091268,0.06191231749579455,96.03409789098126,15.380171371232754,1.6484711619584091,0.5007797056474788,0.05769500778336656,96.06273841486568,5.580611880134989,0.11128419249046839,0.29789269397466633,0.005932717395053932,88.75301297116717,12.482102475089118,-0.10515044785772698,1.508516450843616,-0.013550482808921101,84.94227875420668,15.30771617862725,-0.22967373814483105,1.12056578707269,-0.01840078206925225,96.51402303275029,8.141384876408807,0.09949225218575108,0.3879506637709221,0.004850299260331925
2017-07-01,97.03708064171539,6.213466486261665,0.38047363561553027,6.213466486261668,0.3804736356155441,97.94759776404088,4.6826037797758735,0.2099981732192946,3.71430306839261,0.16445177375204428,96.20131095469367,6.477106925728537,0.09754751573349818,2.3146618782560657,0.03504492774735485,96.27458236744278,7.459886476095434,0.40599277334922856,1.1249948424351124,0.061928850144215355,93.93966912603362,5.730794115169013,-0.13922052642056926,1.1869450369866883,-0.02885328556290957,98.61843334860053,3.1694138597261556,0.30806653404462647,1.3843709243605051,0.1307985110802405,98.02151228331569,2.428011802524055,0.1852697618189847,0.5234958333880139,0.03859681847747175,95.38796954556689,4.304417321716514,0.11097721238908509,0.11568366590518844,0.0029368525454488512,97.74365350894193,3.9149264103862436,0.49188658894327997,0.7546890189542255,0.09266719174514337,93.92378738452187,11.764732644142196,0.9638411315361584,2.4476305931949596,0.20978664739126449,100.18091071242903,13.349174647864892,3.003428568948263,1.1417949213204814,0.2671697832702057,102.77967512188182,24.862527346958665,7.024148067239833,0.7999952839553837,0.24920445964268587,96.5208375102778,6.760176550285646,0.47687490797287957,0.35830498479190426,0.02538119730867608,88.39181041769477,10.689201803148496,-0.4069749762633301,1.3064429385192986,-0.052246700070646926,84.24203334854234,13.125871225460495,-0.8243779375057936,0.9705819986824482,-0.06571388063304277,96.78110928570882,6.9570106690366895,0.276733105268967,0.3358609398368488,0.013467180562396895
2017-08-01,97.54919516256498,6.508897574256611,0.5277513683046964,6.508897574256604,0.5277513683047036,98.20636864167692,4.8014620244318795,0.2641931844611811,3.8048435221470007,0.20654109190507713,96.67961566632715,6.651243961611097,0.49719146952034166,2.3788877522833856,0.17811759417174142,96.75667901401137,8.117373851272713,0.5007517401930839,1.2197600321135504,0.0764025008647313,94.40414782822425,5.546509847642289,0.49444362164769995,1.1536009272742345,0.10194231515950739,98.67900631087666,3.2364083122725873,0.06142154181461024,1.4100740092551856,0.026059471911993322,98.22551642499975,2.488903561498068,0.20812180605256358,0.5360874758142499,0.043273216904890416,96.66250143258019,4.636029162154709,1.3361557994003181,0.12554807141855476,0.035264513055603325,97.42598440622696,3.948718116669303,-0.32500228026151046,0.7565992894542984,-0.06129558400718364,95.26024230117254,12.672434083845552,1.4229142093463931,2.645863174604195,0.31150694052034966,102.65594984734255,15.510575061374364,2.470569609831319,1.3306924610284254,0.22551195289292558,108.21413084471205,29.261353437999116,5.2874809308219195,0.9552060365168922,0.20000622147175273,97.08560586543261,7.498510968551408,0.585125833677802,0.39603245635408374,0.03117265442506666,89.00584026003631,10.747575848015622,0.6946682497393608,1.3187228419035013,0.08848064741727381,84.95453332205275,12.94476855320088,0.8457772743477365,0.9644334298777039,0.06661046393290053,97.21649735032082,7.351037196320576,0.4498688512927451,0.35428941202579756,0.021870183484373612
2017-09-01,97.6887575731971,6.040549736078393,0.1430687463894742,6.040549736078384,0.1430687463894709,98.29136879784427,4.534805239677575,0.08655259057330777,3.584835939718139,0.06748773072911177,96.99993077291988,6.3235513003092825,0.33131607359533355,2.262925543232829,0.11865706845750604,96.88493633912255,7.5635163360191715,0.1325565598345957,1.1372438235576483,0.02021946563810071,94.86175307707472,5.3891093106320564,0.48473002445095226,1.1214145818939485,0.09990649349321734,98.55330343857253,3.0130551852908027,-0.12738562841636547,1.3062849058682193,-0.05379551019817879,98.38033053367324,2.503984790357894,0.15761088799335354,0.5369631950005166,0.032666662494393754,98.68801311792282,4.711820109127918,2.0954472058178464,0.12942247202350116,0.055748857396950714,96.60266786833614,3.3731559228118213,-0.8450687390110678,0.6406739702778432,-0.15802837773224881,95.57729712844986,11.415883873569088,0.33283017092788914,2.404338984077351,0.07351260554685397,102.10238157532125,10.359297143318958,-0.5392461643426549,0.9198348061898773,-0.05017330593084174,106.67562234091162,17.717184677181706,-1.421726064600748,0.6224043044742772,-0.05632502372551126,97.16234049950104,5.795745686258047,0.07903811629377255,0.3094622092481577,0.004213169083726006,89.85114550763876,12.164311580474351,0.9497188556760294,1.4790415635281209,0.12116757322662187,86.50304107759001,15.70238560682824,1.822748822204745,1.156052115994738,0.14400747065210148,96.75940472951105,6.733731987635516,-0.4701800962470748,0.3229894475333815,-0.0228398974254799
2017-10-01,98.1881220406413,6.003038558020224,0.5111790546317829,6.003038558020223,0.5111790546317946,98.61479558488772,4.562222873448585,0.3290490212916275,3.5977577884238565,0.2564248986072152,97.22041671451773,6.100715243244181,0.22730525665426438,2.180816706784373,0.08155980922772138,97.1043885450513,7.168341471220985,0.22650807671547035,1.0783545629396956,0.034546698576897544,95.07796047561204,5.293922318497435,0.22791840918399142,1.0991067823324745,0.047135961971624556,98.96563836237948,3.250106977262446,0.4183877246326517,1.4040269906686857,0.17620979818626686,98.57156211778687,2.528954358373414,0.1943798959367804,0.5402855872038217,0.04029331099179808,98.69523733288665,4.716756701133384,0.0073202557591134365,0.1288569231611602,0.00019855049880488523,97.3449092770113,3.916716820628352,0.7683446275901895,0.7416539168676718,0.14226318465916554,96.64891623577482,11.090031658373478,1.1212067504742018,2.35594518251807,0.24811155983832475,99.54641964205871,7.5777141860751795,-2.503332335472508,0.6693081781392974,-0.231331627439513,100.86832197188632,11.08064033514744,-5.443887030221816,0.387941118262119,-0.21230238650315608,96.70177990863267,5.398491643297065,-0.47401142098952853,0.2864000035812175,-0.025251276665365075,93.12829859102244,13.51985063921326,3.6473136373148085,1.6743168480531356,0.4690819025032022,90.83452531077276,16.990005735797475,5.007320181145514,1.2919639723836465,0.4022420598033028,98.09897769982851,7.999217349906096,1.3844369692664005,0.3823528756694868,0.0668398426998989
2017-11-01,99.0735712049299,6.26288940047619,0.9017884708316437,6.262889400476178,0.9017884708316336,98.93263077721119,4.6710788693737015,0.3222997020258189,3.6676058139322474,0.2507100949048637,97.51998477480949,6.274298249198118,0.30813287004460843,2.2314862985569195,0.11024945148872013,97.43274729694214,7.175782786940377,0.33815026983925467,1.0760007085532395,0.0514281413274173,95.34897568800781,5.590821485097264,0.28504525238031153,1.1532293883146443,0.058784269404899,99.29689177166877,3.30562121632505,0.33471557883186787,1.422699276305992,0.1408399696861486,98.77132906986941,2.5529439342993454,0.20266185073118947,0.5428324046566911,0.041877679527391,98.69523733288665,4.716756701133384,0.0,0.12801834228571665,0.0,97.8854046792232,4.019700162038586,0.5552374605166444,0.7596468449800072,0.1030682692755051,99.38169104354823,11.774091599112246,2.8275276270111727,2.5396132421374684,0.6295004260552015,100.84414465231478,8.145660868178407,1.3036380564186434,0.7203058359119688,0.11685544100897595,104.00496740507485,13.007810374658991,3.10964371357616,0.45856277296736137,0.11408581463938937,96.81736134828351,5.092520653902044,0.11952359073437169,0.2695126710346202,0.006304785253617835,96.691918652193,14.225524950942802,3.8265705645717407,1.805991305664138,0.5074917384686444,96.22389028970812,17.894819508114356,5.933167989260357,1.421132733244545,0.49793650929791516,98.2914580640399,8.095739630395983,0.1962103670441584,0.3848585724195895,0.009555229170727736
2017-12-01,99.70015523047604,6.487375578731647,0.6324431611030468,6.487375578731642,0.6324431611030584,99.32685492904784,4.671045820993047,0.3984773767155003,3.666784018933647,0.3081869194871173,97.83350761046269,6.228326763946135,0.32149598503032895,2.2139145077721056,0.1143539694533147,97.9114209014078,7.114491471042594,0.49128616173248485,1.0681751281041627,0.07430069021842373,95.53093415979673,5.554297860015867,0.19083421764729547,1.143473141995404,0.039114778253889516,99.75954215348352,3.3455354538277193,0.4659263483076659,1.4399757332270184,0.1949483783652594,98.9514272129853,2.5214988094766078,0.18233848305158062,0.5350398035817622,0.03741703210783725,98.69523733288665,4.716756701133384,0.0,0.1274825334860016,0.0,98.76195318704602,4.1520711399184895,0.895484378590794,0.7873734530683741,0.16565710604024933,100.7640986022558,12.7698287977706,1.3910082875343788,2.7564581545151285,0.3155944946259279,103.37814983432008,9.855397721004877,2.512793569464944,0.8758082199614209,0.2261387039050685,109.13297271524958,18.81706197247446,4.930538836863785,0.6592595860388016,0.18484845338615433,97.66959306571793,4.328714466146977,0.8802467920693058,0.23182373779195112,0.04607242038674843,97.343090788843,14.752751575474687,0.6734504245306194,1.8690196940300523,0.09190402383045713,96.99225130779419,18.600067960503065,0.7985137742536841,1.4738872116616217,0.07035627434652361,98.72942982159891,8.327588577187406,0.445584760044615,0.39513248236843124,0.021547749483935796
2018-01-01,100.18622952156817,5.371401481777238,0.4875361427155944,5.3714014817772355,0.4875361427155914,99.62588777517715,4.299668907031751,0.3010594127267119,3.345552159356279,0.23230141333290621,98.36590204120235,5.851733404115844,0.5441841386894408,2.0667395220871576,0.19296455981012337,98.7959506582745,6.74851120873623,0.9033979373636036,1.0102089260931817,0.13643562965158537,95.78592795817232,5.165485956544291,0.2669227519005002,1.0538548458489838,0.0544703534589775,99.84767619027666,2.9726657169240944,0.0883464728191452,1.265614157896918,0.036903907064218505,99.19471969405016,2.497351418673066,0.24587061340832772,0.5232246712785175,0.05022856515733526,99.23641482362437,4.67467649768869,0.548331920933931,0.12514705452959754,0.01457366553983384,98.58250170069203,3.286221217690155,-0.18170103016706962,0.6176762442106801,-0.03370102877525997,101.85861187148853,8.937239964959009,1.0862135268565165,1.9878822922056838,0.24829977912051168,103.0679146332377,11.514276000286227,-0.3000974592595962,0.9896225830677541,-0.027511891954025543,105.69981578958917,22.177973255674075,-3.145847529158974,0.7206809894195704,-0.12297674486997842,99.32861126347179,5.363108084840307,1.6986025493497925,0.28481195614759525,0.08912436901853743,99.27941875577731,7.3575439074177185,1.9891786373771536,1.0006236893822544,0.2715686410017157,99.43845394469137,7.3926441931875475,2.5220598593329147,0.6531150389816364,0.22258296522686313,99.73139195469385,7.292469602191942,1.0148565983875812,0.3475086504006172,0.04898567577485268
2018-02-01,100.50407458391722,5.120627709670922,0.317254241293341,5.120627709670913,0.3172542412933257,100.11306391690744,3.982749640944938,0.4890055713527852,3.1063152686512803,0.3766229419159568,98.87848434516607,5.205900289262222,0.5210975483648905,1.8492758982838688,0.18488235321060123,99.20694484953657,6.015960984025193,0.4160030735304687,0.9055059216201347,0.0630868492142813,96.3632587571654,4.586318236659848,0.6027302875273977,0.9413074070242549,0.1227278437051277,100.3077742956692,2.930346590707833,0.46080001352835076,1.2469210180440873,0.19171978462193998,99.42417718170329,2.4523977487041826,0.23132026418426488,0.5123691623660258,0.04714244696262352,99.76050742896184,4.839769087318779,0.5281252917781698,0.12932617110291478,0.014045102337887075,99.30571764186013,3.2113754795151106,0.7336149201851772,0.6051095192548965,0.1351611540215111,101.6244746771511,8.945742561581627,-0.22986489805382204,1.9740577766329306,-0.05285833927710067,100.4690255452155,10.462024148591986,-2.5215306793294756,0.879962987335606,-0.22935326720626945,96.30264552919488,16.320857772549324,-8.890432012767857,0.5047229481357335,-0.334976419406135,101.05549678374615,7.226907977811514,1.7385580028837389,0.38155233241117226,0.09232018550620388,100.49985348228259,8.036477045572553,1.2292927797124653,1.0933558553997262,0.17033467240953618,100.99285174618728,8.564075385144697,1.5631757532759805,0.7559352265319867,0.1407503453794931,100.33946548312336,7.061818601838943,0.6097112619322109,0.3374206288677416,0.029584327030043416
2018-03-01,100.81071606972594,4.867536202213096,0.30510353642696497,4.867536202213093,0.3051035364269673,100.3874783294664,3.7636653961254707,0.2741044992756736,2.933650708962652,0.21147159475902258,99.10859069850356,4.655944958156244,0.23271630310819358,1.6574082016619627,0.08273415291201874,99.31923857479812,5.353698635929094,0.11319139545307166,0.8073894429688186,0.017182367620674318,96.67681096546012,4.122420028025187,0.32538564214070753,0.8479906754441024,0.06644351575930373,100.61923225590981,2.9920468872365547,0.3105023139308605,1.2694178170357648,0.12937199815154782,99.645282446455,2.4463252202928,0.2223858130076639,0.5094796418688684,0.045282806360897966,99.7855722571669,4.8518651577355465,0.025125000715253698,0.12896135505284761,0.0006695853938471525,99.76884437169596,3.365577902834871,0.4663646170969482,0.6327103672144252,0.08627959774286927,102.03561013790569,8.56847415648112,0.4045634302767276,1.8946850329941107,0.09252357482753908,101.17882732345325,8.857802320058994,0.7064881682547153,0.7572087887895744,0.06244226267240548,96.55061969282978,10.07351006859376,0.2574946537265532,0.32825595434239424,0.008811461295669003,102.04123132623403,8.147413475047461,0.975438817145502,0.4283066608510217,0.0525312166392229,100.72039432253446,8.390980352091248,0.219443942065789,1.1341431592143683,0.0306832876250302,101.21717359225492,9.23436337764425,0.22211655794353025,0.8074796339584416,0.020248051163671538,100.55463083303448,6.845527535901885,0.2144374089249057,0.32666352525593045,0.01043523646136039
2018-04-01,100.58906823993377,4.415737887518167,-0.2198653460995903,4.41573788751818,-0.2198653460995775,100.5964848296925,3.5402792732554866,0.2081997712305883,2.765380936069612,0.16057646233873157,99.49214108186685,4.411605562866128,0.38700013859553906,1.5768549257728621,0.1374850909780812,99.6025423622643,4.942192884619767,0.2852456296801087,0.7488008744162095,0.043217224009900336,97.12705902136648,4.005498753864312,0.46572497728252227,0.8269554713164714,0.09511993753093345,100.67062875134162,2.7840121697590092,0.051080190416374904,1.1816477724446832,0.02128390574991536,99.84811100139083,2.4629332084570077,0.20355058458971786,0.5128127319845657,0.04141334556520368,99.7943851562856,4.851962808590193,0.008831837027489797,0.12870253174575966,0.00023471292596327463,99.6398990992829,2.845691716901899,-0.12924402725631445,0.5358486429582103,-0.023949180524665686,100.41169240091294,7.378168215021286,-1.5915205826651624,1.6198811876551098,-0.36434134934133305,100.53189720540549,5.938225888563098,-0.6393927812383349,0.5171878234040573,-0.056738243739641175,95.51251717983965,4.665925020714967,-1.0751899017249156,0.15784581790853963,-0.0367755109647201,101.65326756945935,6.7042801758220305,-0.3802029353549563,0.35509780498613924,-0.020612259875523287,98.52656623043409,8.299371656102839,-2.1781369174103227,1.0959338362410642,-0.3042933273365164,97.72166584926309,9.409926343510499,-3.453472981841199,0.7914634520281703,-0.3145566689473671,100.76689752634898,6.350966201492714,0.21109589041896637,0.30447038421289613,0.010263341610848336
2018-05-01,100.5227583940226,4.272910676866348,-0.06592152315497701,4.2729106768663305,-0.06592152315498637,100.85679433127106,3.4887025511384007,0.258766001634414,2.731568226530728,0.20043244649194258,99.7391919892917,4.119785909510898,0.24831198197008408,1.4792930270581548,0.08875146936412513,99.94950656340194,4.785451302310784,0.34834873980997827,0.728149998271537,0.05304507510569453,97.29319986660259,3.6105673063518307,0.17105515899493717,0.7490096098149118,0.03517645255855045,100.94040916599427,2.938700220050694,0.2679832419831385,1.247881324637481,0.11196548159271122,100.05961663623195,2.471672896379773,0.2118273773233037,0.5153129092091046,0.04328018178559289,99.831972881985,4.839845257965947,0.03766517088164001,0.12835321943845696,0.0010032754190730827,100.01384628136024,3.2089697274155116,0.37529863584540024,0.6039588358122149,0.06960675900704896,99.28170984717316,6.9544268472620185,-1.1253495750555675,1.514572483725815,-0.2540809412789477,99.35202165857608,2.865155850220291,-1.1736330255647132,0.25379846313003285,-0.10370761171230829,92.9758374128841,-1.588582226792279,-2.6558610764903734,-0.055598948925751,-0.09006167760881038,101.35010740729608,5.621488342051206,-0.2982296284338548,0.29968947904114607,-0.01614219161430453,97.44756862318032,9.680898495210165,-1.0951336766676811,1.2475538745374906,-0.1499913560911077,95.99502441730587,12.752507303732363,-1.766897255538591,1.0216932489885338,-0.15572082677381371,100.88513405136673,4.632988834262419,0.11733667297519901,0.22586062554895872,0.005729470682706162
2018-06-01,100.86811816753101,4.343508784798167,0.34356376508759556,4.343508784798182,0.34356376508759784,101.09177348368871,3.426798281795951,0.23298296755878134,2.683561704812182,0.18104799841073715,99.91975828682227,3.9665951910587083,0.1810384603375903,1.4250392829420115,0.06491008524929048,100.29167062659991,4.595465475286753,0.34233692087406453,0.7009777302541863,0.052345720677763365,97.34792700782106,3.4838632239132084,0.056249708400479825,0.7220264356566307,0.011594840394510739,101.22180388648167,2.956040713511343,0.2787731125843296,1.255072139591212,0.11686274075867077,100.30705612432818,2.521265411452256,0.24729206088787148,0.5252493578224987,0.05066668968713235,99.88284100875637,4.8284062211806145,0.05095374287704679,0.12777683630599443,0.001358645816554306,100.36896765948075,3.191016019910986,0.355072213822738,0.6011599015418786,0.06614611678026872,99.98604462194417,7.480494619026112,0.7094305445134008,1.6281810721780858,0.15847686465977237,98.76119772823697,1.5437162952656625,-0.5946773105125924,0.13732117763707427,-0.05196595320739159,93.02990123282113,-3.1282604034772232,0.0581482473741568,-0.11098519507384046,0.0019207352354279766,100.36587763359513,4.479509214223643,-0.9711186291550877,0.23841746611399878,-0.052441276451642885,98.93354329389423,11.470630665839332,1.5248966102582084,1.4725784998424458,0.2067014602278148,98.26442275154461,15.683761011271624,2.364079125990215,1.2502042474476447,0.2048055223219412,100.92423388211107,4.569502659592017,0.03875678127605031,0.2223742523948025,0.0018959379058737795
2018-07-01,102.2043194618999,5.325014711915355,1.324701321531152,5.32501471191534,1.3247013215311467,102.53385606204166,4.682359141721104,1.4265083385698318,3.660577284744288,1.1072992451757224,100.76524402490602,4.7441485203478795,0.8461647151474905,1.6995792821083282,0.30289510260797664,100.68104998686691,4.576979209950083,0.388246957932048,0.6983353825415226,0.05936496210612536,98.3070963812526,4.6491831362099445,0.9853002553968038,0.9585491080385845,0.20251994198832785,103.15796128127009,4.603123146991228,1.9127868902235612,1.9529786262697135,0.8013297389350601,100.51760048299204,2.5464697917144896,0.20989984832462394,0.5294684960151863,0.042964287120962445,99.97598928556276,4.8098515586959545,0.09325753639528589,0.12694408328974346,0.002479395535207576,105.10733255010041,7.533664618424374,4.720946126192516,1.420852715645574,0.8795621179709713,100.8539553478499,7.378501395984038,0.8680318630338579,1.6153148098393644,0.1946131909891837,100.12834107745941,-0.05247470261127152,1.384291989840425,-0.004789855997682459,0.11983546169036915,98.92739244056986,-3.7480977408653193,6.3393501762292415,-0.14177694003347568,0.20880387610329507,99.26609204166141,2.844209190674807,-1.0957763912040952,0.15152561228791406,-0.058397635100733335,99.78619653072666,12.890771282076718,0.861844434601422,1.6419115011720948,0.11819934280288437,99.54071748993215,18.160392779330436,1.2988370588759013,1.4302491033088942,0.11478691620093832,100.99484996249106,4.353887559133884,0.06996939948287206,0.2116623978632017,0.003412426601946935
2018-08-01,102.73500409256813,5.316096069640586,0.5192389455379809,5.316096069640583,0.519238945537976,102.75892065730558,4.635699373265134,0.21950271247745956,3.6145981185743663,0.1705558905033079,101.15703251635937,4.6311901626556295,0.3888131222671509,1.6586078731609013,0.13852313371974787,101.10832538750627,4.4975152287572095,0.4243851257958564,0.6860268155583182,0.06429094738109994,98.6633078455721,4.511623816675647,0.36234562654362534,0.9298795055971648,0.07422753725342447,103.23282934103999,4.61478403604616,0.07257613357223303,1.9488435607671242,0.03058101160068204,100.67663483702741,2.495398854837494,0.15821543020446693,0.5172000057719232,0.0320287225795604,101.45256565815042,4.9554523776846215,1.4769309942711306,0.13183859138703372,0.03878926695110198,104.87641020711668,7.647267663033763,-0.21970145886222037,1.430043790624342,-0.0423047017633107,102.40805100191491,7.503454251296171,1.5409367423467435,1.657297086609125,0.34392174198346864,101.94107667670102,-0.6963777274523464,1.8104120968500448,-0.06479336353830596,0.1568160212855616,104.22281318950171,-3.688351626589237,5.352835668960987,-0.14612272929947798,0.18503606957523702,98.74337914122823,1.7075376530001796,-0.5265774945726664,0.09102120832660386,-0.027392717620563962,101.15378029813925,13.648475204112387,1.370513973835541,1.7413075552225845,0.18710320283919232,101.5123284498875,19.490184314315616,1.9807080053996673,1.5398348425499961,0.17500372834445016,101.24855093364522,4.147499337272809,0.2512018892531387,0.20147271267258746,0.01209947449474018
2018-09-01,103.16655384276604,5.60739680353135,0.4200610629353285,5.607396803531354,0.42006106293534073,103.06068247109279,4.8522202219582145,0.2936599682606289,3.78129092604948,0.22749645369596028,101.57222698603232,4.713710800285353,0.4104454819844561,1.69133507638438,0.14604039582924705,101.54066089801219,4.8054163369560365,0.42759635158524656,0.7329154533321892,0.06471629590037209,99.0556685545256,4.421081564920404,0.3976764184387749,0.9143268999797888,0.0813379978051026,103.4310301021407,4.949328427746114,0.19199392515527602,2.0844783727257763,0.0805399573309318,100.89651240331773,2.5576066435182954,0.21839979717861446,0.5301702595595653,0.044053497952904,103.46533590953909,4.840833897332408,1.9839520453044157,0.1313000551585818,0.0526018078706513,104.7749327795982,8.459667928012493,-0.09675905889424685,1.5663535051617257,-0.01849451470183939,103.27371839113442,8.052562160594533,0.8453118487757649,1.7819494553660025,0.19058282118442263,102.03790788723703,-0.06314611578052132,0.09498743165436974,-0.005835299421893429,0.008333398239559121,103.62328619713809,-2.8613248995341567,-0.5752358567346905,-0.11158683149735624,-0.020840852085738965,99.29957840527338,2.1996566723125666,0.5632775269414747,0.11717890485724625,0.028997003444171422,102.49092651389397,14.067467849011027,1.3218944579368452,1.8092204943676944,0.18199396730933048,103.51027907470173,19.660855601431226,1.968185200086836,1.579372352579582,0.176425613786976,101.36591404461336,4.76078715860202,0.11591584263270782,0.229848141788118,0.005568353522360502
2018-10-01,103.67490972926285,5.58803608276619,0.4927526097959989,5.588036082766202,0.49275260979599206,103.35732424037428,4.80914514638342,0.2878321413839924,3.740931898114109,0.22270100210933258,101.82009136781201,4.731181791578787,0.24402771223455133,1.6928093304018308,0.08681906074023535,101.72623673277636,4.759669729634064,0.1827601210421026,0.7238822185290889,0.027662643848205277,99.34258913192716,4.48540191121265,0.28965588904548145,0.925014790234722,0.05923101598920611,103.76826556459109,4.852822941055535,0.32604863561482844,2.041946892032202,0.13646423136399752,101.05489697352313,2.519321802741481,0.1569772496915256,0.5205881161202096,0.03160034805614608,103.47094186775657,4.838839911557291,0.005418199407736246,0.13058804024145437,0.00014589346571294295,105.35721040393409,8.230837325167606,0.5557413485158147,1.527883505921763,0.10567764120563675,104.49069029492105,8.113669935021562,1.1783945835837084,1.8063691516840406,0.2668042631836559,101.70729425053568,2.170720570611051,-0.32401059914586305,0.194578938791393,-0.02833394568191794,103.27050640024007,2.3815052946189352,-0.3404445176800053,0.08737205822597695,-0.01221208883934895,98.9891102368699,2.3653445990325928,-0.31265809320595306,0.1247702621388695,-0.016118302744405445,104.66488204559973,12.38783874409728,2.1211199914472845,1.6429138608645344,0.29465123652401126,106.77215020804921,17.545778813451097,3.151253346533278,1.472515841637631,0.2868290958667108,101.53147232823268,3.4990116195779297,0.16332737210504877,0.1703980192269057,0.007822140657296984
2018-11-01,104.44302734331563,5.419665479988822,0.740890554965179,5.4196654799888275,0.7408905549651801,103.58594704318884,4.703520192904365,0.2211965184807374,3.6377558268047405,0.17079481059508125,102.04814309066612,4.643313189919929,0.2239751701167636,1.6515954145809608,0.07948763497744772,102.03054557087565,4.718945530624286,0.29914488913875825,0.7136795972271988,0.04513901585842544,99.50953757986393,4.3635097931937095,0.16805324825495127,0.8943769103552272,0.03429534133998169,103.99528387041316,4.731660795131676,0.2187743088765126,1.9797755639616317,0.09141379362721229,101.28237717200923,2.542284411667217,0.22510556667600934,0.5216931492826681,0.04516352716875888,103.47094186775657,4.838839911557291,0.0,0.12942093715138095,0.0,105.61455235818985,7.896118634126892,0.2442566135427482,1.4607157792505587,0.04647601273191054,107.06578615876636,7.731902158769888,2.464426119281238,1.7542280489351794,0.5617859481151479,105.53887709396129,4.655433845795165,3.7672645523213477,0.4189654847883395,0.3267606655493243,111.65820977491167,7.358535424591062,8.122070537897642,0.275875302361089,0.28893128593274353,99.74124435964679,3.019998655866196,0.7598150149820571,0.15806777019134496,0.03885641949209047,106.40912037198058,10.049652396226595,1.6664981532401146,1.3714498642633406,0.23524949212229543,109.40900501552923,13.70253757785489,2.4696091652570695,1.2073172989059064,0.23073202591164002,101.62755718547514,3.3940885476148486,0.09463554013264819,0.1641325653574346,0.004517466210652189
2018-12-01,105.09607429086908,5.412147100392506,0.625266199347907,5.412147100392501,0.6252661993479047,104.01212368666611,4.717021153005496,0.41142322452252245,3.639715731323248,0.31603776744597406,102.38973070500234,4.657119228190054,0.33473182753822606,1.65138764245356,0.11818505111606806,102.52767958608713,4.7147295404156075,0.48724037731049386,0.7120418000518801,0.07319901117156949,99.72957884725389,4.395062944149575,0.22112580637143608,0.8968910680626964,0.04486948613287369,104.49267273490388,4.744539198203479,0.47828021231279827,1.9818791633195922,0.19881132803703086,101.48443031955351,2.5598449440412008,0.1994948708610167,0.5229471581905253,0.03982025968562931,103.47094186775657,4.838839911557291,0.0,0.12860756738678225,0.0,106.50988765411292,7.845059982150238,0.8477385700471851,1.4550638043107582,0.16050855582786677,108.47791738616367,7.655324555977505,1.3189378960924758,1.7499463497255345,0.30580652097524447,109.88894684512235,6.298039790068644,4.121769977984702,0.5773823965521425,0.36824934833716527,121.07807064547312,10.945452719766703,8.436335213998735,0.4278771091506198,0.322099617888552,100.66324744965397,3.0650832976458986,0.9243950142456825,0.16082256263922198,0.04728180829127136,105.94822292237181,8.840002987161256,-0.4331371671879025,1.2068637539964269,-0.061705146629233584,108.6122320602541,11.980318629356468,-0.7282517148949896,1.0573162389532305,-0.06920706969565338,101.78830253901178,3.0982380055674996,0.15817102957937923,0.14954751504319821,0.0075019230664234125
2019-01-01,105.1731601069726,4.977660711675802,0.0733479500767853,4.977660711675796,0.0733479500767821,104.21077107330024,4.602100318011382,0.19098483868336125,3.544451561087474,0.1463946326522605,102.69965206998096,4.405744204900741,0.3026879383749348,1.5631321981880213,0.10656262400403908,103.0586705770196,4.31467068269773,0.5179001349451484,0.6543196338877427,0.07769835872286311,99.87114229450272,4.264942067601329,0.14194730278129786,0.8684268143074133,0.028687390522153702,104.59062933173769,4.750188810025513,0.09374494332470285,1.9763566597976616,0.03891093929497956,101.70691402192224,2.5325887664389146,0.21922939476348713,0.5161347710759636,0.04357422067605359,103.94565688175207,4.745477823334876,0.45879065699645505,0.12620248018515107,0.012127502753485961,106.4105388662353,7.940594964114522,-0.09327658686510976,1.462974578946925,-0.017699785860747358,108.14724527706286,6.173884848841715,-0.3048289615698141,1.4197091542068407,-0.07116430431735546,110.09290677200214,6.815886557676598,0.18560549785526792,0.6199590842678614,0.01715866801415371,121.60470494362778,15.047225045027135,0.4349543194297256,0.5669539523324316,0.017895664077539876,100.65022968645695,1.33055159653801,-0.01293199208929341,0.07065439865349143,-0.0006634237671612619,105.2855922031942,6.049766933257117,-0.6254288188138113,0.8382747265231842,-0.08816203517415122,106.95347138777893,7.557456039358268,-1.52723191578914,0.6804830138266686,-0.14318336492900394,102.97462826014934,3.251971362165329,1.1654833527485975,0.15779171269651485,0.05502132975485024
2019-02-01,105.16615650527716,4.638699416576664,-0.006659115014062689,4.638699416576663,-0.00665911501406877,104.61258830485721,4.494442794882714,0.3855812862898267,3.467462182848567,0.2959050834353657,103.17916756499086,4.349463129725906,0.4669105350845415,1.546299691313872,0.16475462161923973,103.58519744663266,4.413252120339384,0.5109001180250816,0.6699283106359156,0.0769886672970818,100.30451478623358,4.089998698570496,0.4339316460934439,0.835174813480156,0.08775721403135008,104.91970771916488,4.597782630388592,0.3146346757159524,1.9156840360690595,0.1306227904279206,101.97343443909956,2.5640214781333937,0.26204749179576936,0.5220930531908515,0.0521607083459872,104.59888084815503,4.849988782022319,0.628428340345244,0.12925299726632872,0.016675624048216077,106.75617647599407,7.502547699220652,0.3248152048109132,1.3880058087702163,0.0615329877848372,106.76956019275885,5.062840946487612,-1.2738975281104237,1.1578707023317916,-0.29627579347052174,105.29799901555837,4.806430085429292,-4.355328510286149,0.42481160109495697,-0.4030886330372669,109.33002810900632,13.527543826261867,-10.09391605391553,0.4629122474020603,-0.4168025012482413,100.88609291780823,-0.1676344892949655,0.2343394864433357,-0.009027776543821366,0.012011478651199246,106.08249011495774,5.554870419447244,0.7568917029270095,0.776698072387778,0.10594837520365265,107.9202452762511,6.85929094018809,0.9039200653590207,0.6252900512655851,0.08339025792055806,103.46136501695156,3.111337616556553,0.4726763912879184,0.15140802112219354,0.022558117283096122
2019-03-01,105.56704213927202,4.718075870283833,0.38119262633198314,4.718075870283818,0.3811926263319722,104.95573135760434,4.55062036038516,0.3280131562629407,3.5097181644256903,0.2527132428526121,103.53683212699286,4.468070222046006,0.34664416319962754,1.5873199508501847,0.12289657886593898,103.972192462959,4.684846516072216,0.37360069379190897,0.7097954894668842,0.05659011237865667,100.63192820842333,4.091071274968172,0.32641942677009705,0.8355627528937656,0.06630509273136813,105.24678016269065,4.59906898813478,0.31173594612106115,1.9163231398102927,0.12983520659106004,102.26848613306007,2.6325417743832125,0.2893417247182173,0.5356032871981774,0.057748409790643704,104.61632658822504,4.841135067711333,0.01667870624286749,0.12865692303768508,0.0004453877865914891,107.16088081560115,7.409163141517028,0.37909220146910005,1.3729329654900793,0.0720532861298832,107.36308278062563,5.221189578343899,0.555891198573133,1.1952690256478762,0.12764752138111155,104.64781176055693,3.4285675460675957,-0.6174735142928767,0.3042431926269934,-0.05466227062685917,108.09213779835015,11.953851919582736,-1.13225097630264,0.40886638875048315,-0.04203696317884554,100.63571094053287,-1.377404376087532,-0.24818284664799295,-0.0746743760068377,-0.012751703777083888,107.45090226936473,6.682368543233985,1.2899510116364254,0.9335502016682864,0.1819438818015253,109.91733550678724,8.59553928030059,1.8505241768345337,0.7829174335616471,0.17227291933282227,103.67002159007687,3.098207144945242,0.201675836280657,0.15063276810663526,0.009670962468700335
2019-04-01,105.64191559747997,5.023256946265486,0.0709250318003285,5.023256946265465,0.07092503180032986,105.38676533728288,4.761876635848861,0.4106816979912553,3.688407974724955,0.3162364653157042,103.92519728094321,4.455684791654679,0.37509854799691045,1.592547283241397,0.13293880986281545,104.37078954544972,4.7872745716096565,0.3833689307193522,0.7289859562608145,0.058065336669669725,101.0031499235132,3.9907425811112507,0.36889059138469626,0.8206719277141933,0.07489131033528204,105.71173957381238,5.007528893976021,0.4417801764605045,2.0921844965168948,0.18387014101626378,102.57806765978127,2.7341094698851265,0.30271449048184795,0.5586282395298069,0.06036213658364047,104.62882703723282,4.844402691971217,0.011948851021115203,0.12903884483144076,0.00031792316098301767,107.86093994994819,8.250751882510144,0.6532786302416493,1.530269612142718,0.12416474660023381,106.24363807555707,5.808034438219578,-1.0426719092594516,1.3113355083201514,-0.23984210647077464,105.11396394162344,4.557823798804805,0.4454485700409183,0.4027502724304555,0.039041328293758636,107.0180917736782,12.046143200450675,-0.99363935855874,0.4084911951728302,-0.03633454377977481,102.11371824709971,0.45296200373070583,1.4686708055753783,0.02451734757749738,0.07498758729579516,105.34904200006534,6.924503746202659,-1.9561122567685052,0.9483917162617436,-0.27840178980516217,106.51546312466775,8.99882047546059,-3.0949370874346127,0.7930872947112607,-0.29233781214845045,103.97184544229646,3.180556308295013,0.29113898848505126,0.1553044215504861,0.013936022343293003
2019-05-01,105.45773736083166,4.909315109982604,-0.17434200772169506,4.909315109982601,-0.1743420077216909,105.60245494183432,4.70534547724748,0.20466479245391245,3.6564620556295853,0.15813271911848023,104.25819107206298,4.530815813362987,0.3204167996136542,1.6244926086191314,0.11390420364883896,104.84188502185079,4.894850036448561,0.45136716743521266,0.7484569648908469,0.06857784799147988,101.22748599110132,4.043742142197981,0.22210799144184445,0.8335428941519514,0.045226111059034735,105.82122372666112,4.835342556062416,0.10356858499360744,2.026993845891672,0.043265279587803025,102.83741058164374,2.7761389047796348,0.2528249242544023,0.5687920910676938,0.05053078571026925,104.68937063696585,4.8655732374666805,0.05786512326233506,0.1297370978256399,0.0015387103669002816,107.80856368639868,7.793638275954562,-0.04855906463805404,1.4518705983617342,-0.009283039081145757,104.71922159806002,5.476851435432528,-1.4348308332711057,1.2234520354491507,-0.32637621640525183,105.29447019682182,5.981205454144667,0.17172433464560655,0.5226684073181732,0.015107103570757728,104.36367331034423,12.248167066126413,-2.4803455372270466,0.4045777321875655,-0.0897342618556358,104.16788214883742,2.7802385351379355,2.0116434275431416,0.15013537300744687,0.10414537262629937,102.77312713371968,5.465050165728358,-2.4451241486790676,0.7407937311127191,-0.34095084666277936,102.40515610422827,6.677566598719253,-3.8588829263491053,0.5784926993581078,-0.35296636583589175,104.23225995226022,3.3177592837308145,0.2504663727530776,0.1623010317546109,0.012015519173109024
2019-06-01,105.52765585398396,4.6194355274021826,0.06630001259468887,4.619435527402187,0.06630001259468897,105.89652219650785,4.752858266547655,0.2784663053860825,3.6893134296373904,0.21597178125293773,104.44551727211692,4.52939344819403,0.17967528318658665,1.6213522836431267,0.06418890367714951,105.19974412084876,4.893799717946967,0.34133218696268397,0.7482872148137509,0.05218489346933236,101.28623481956095,4.045600078801348,0.05803643929751523,0.8315380908298663,0.011864437998064596,106.20740339501765,4.925420529086044,0.3649359313345757,2.063421684292596,0.1528746500915092,103.09601018816296,2.780416624308013,0.2514645254646064,0.5691219842041969,0.05047395427660174,104.74372272577357,4.866583356986265,0.051917485487806836,0.12938562944534962,0.001383766136254767,108.38175805317752,7.983334471349313,0.5316779550520456,1.4873795185105951,0.10176897436813702,104.03744409030209,4.051964935383334,-0.6510528796468407,0.9084526264912791,-0.1462228879195989,105.11801732747914,6.43655579869975,-0.16758037626557476,0.5572001004801899,-0.014793655248652471,102.18115049870241,9.836890230571038,-2.0912667620961334,0.3240049455932752,-0.07391039364562002,105.32231507451243,4.938369053087666,1.1082426769755571,0.26318241227854056,0.058631554461716584,101.78317171575009,2.8803460656318336,-0.9632434524265765,0.3950307019851052,-0.13126039990104166,100.81028465386528,2.5908277187540296,-1.5574132309702504,0.22896877034065874,-0.13719635174089032,104.36068661236759,3.404982726220762,0.12321200765117446,0.1660619316444467,0.005935951839849382
2019-07-01,105.87752920623129,3.5939867939737136,0.3315465973502185,3.5939867939737176,0.3315465973502133,106.15403692528001,3.5307175622536047,0.24317581298307633,2.743404266622283,0.18900120588369207,104.60540164906796,3.8109942186144607,0.15307921405041114,1.357749601330625,0.05474943247269106,105.48196292241447,4.768437492630251,0.268269475295968,0.7223800866108258,0.04112736055218137,101.35324459921904,3.098604607497424,0.06615882185518895,0.6347580102748994,0.0135237865819795,106.54927423099713,3.2874951265082553,0.321889835408129,1.3852339833019487,0.13524470870467667,103.32045561559003,2.7884222455869745,0.2177052506856736,0.5644809891371793,0.043778652547633634,104.90042319442354,4.925616584593184,0.14960368466205853,0.12936356359211557,0.003986840970256976,108.8778901774484,3.5873402319964054,0.4577634956128396,0.6907617246788799,0.08802843694428733,104.69613791532952,3.8096498587762317,0.6331314949026501,0.8502759261759248,0.14117845920307714,107.03124332641801,6.894054345331169,1.820074281822226,0.5971558491253346,0.16029692849619023,104.60927631817431,5.7434889745201945,2.3762952439087437,0.19854011802686433,0.08217317525254508,106.86302479267727,7.653099456990287,1.4628521193014388,0.3981165061327855,0.07819800686083635,101.64121937065228,1.8589974409480847,-0.13946543687421986,0.2537911921451054,-0.018809307908840073,100.3921989821497,0.8554102418476761,-0.4147252169271143,0.07557902587320861,-0.03594134466737809,104.73159073369753,3.6999319991012136,0.35540598032630655,0.17821216627189604,0.017132036758537885
2019-08-01,105.84883772962165,3.030937375782683,-0.02709874023765213,3.030937375782681,-0.02709874023765539,106.33679808198096,3.4818168600732724,0.1721659976337886,2.6973407127200963,0.13369306883695756,104.88632202089013,3.6866339509590285,0.2685524527352934,1.3117393298435178,0.09587807822732125,105.59100763349228,4.433544150598623,0.10337758992788881,0.6710126362719816,0.01583842507373737,101.75201085163769,3.1305488063506193,0.3934420195381927,0.6403009083097498,0.08021230724338362,106.64314250242418,3.3035161228778254,0.08809846158459589,1.3857993025740667,0.03701174338913323,103.53659049401523,2.840734259361599,0.20918885533116605,0.5730054812147299,0.04201834838368974,106.18550542483736,4.6651750362182165,1.2250496149400991,0.12369081274868128,0.032587573877864436,108.65469435426081,3.602606286468557,-0.2049964623890399,0.6886017256828793,-0.03947064273261265,103.95855499219905,1.5140450141514217,-0.7044986929001795,0.3413544606231286,-0.15756443334116044,105.27079462640766,3.2663162468517193,-1.6447988879671582,0.2865591119507259,-0.14700929473897834,103.10465294060695,-1.0728555626892122,-1.4383269156656553,-0.038869663338251974,-0.050751534762816394,104.96236404783961,6.298128503093503,-1.778595307895392,0.3242218003755232,-0.09614837752932812,101.55946473200044,0.40105711587394843,-0.0804345315395194,0.05521619006516972,-0.010797050701338014,99.9970710509155,-1.4926831273701202,-0.3935842976250159,-0.13380221379782686,-0.033855502250692227,105.23245529936341,3.934776674808016,0.4782363775409859,0.1890184038629991,0.023058451549355503
2019-09-01,106.09746080717584,2.8409468526754633,0.23488503311606124,2.84094685267546,0.23488503311606249,106.60221154911802,3.4363532174537914,0.24959700867843715,2.6587694530877775,0.19420734624541366,105.31157126319602,3.6814633174065525,0.40543822503489313,1.309774141797728,0.14517683986509386,105.96867214757486,4.360825712972449,0.3576673076115089,0.6600562961668306,0.0548695340727426,102.20119887061026,3.17551772855198,0.4414537022049858,0.6493537624029861,0.09037919734270698,106.7641061304571,3.2225107156188093,0.1134284166749433,1.3487480082225023,0.0477082218710163,103.74802700163204,2.8261775658962707,0.2042142846388595,0.568924445588731,0.04111608947692754,108.3521149388432,4.723107489426859,2.0404004344448445,0.1271770322040827,0.0549565499077443,108.36541917391855,3.4268563091070625,-0.2662334858713922,0.6516378391930587,-0.05117018800437383,104.15028591208505,0.8487808269193486,0.1844301509388968,0.19217530892066026,0.04096917314587816,105.29233290026599,3.1894274200775063,0.020459875822886886,0.27890773794165985,0.0017990781082957994,103.72171351109911,0.09498570984689536,0.598479848283473,0.0034072333871713626,0.020819336062363244,104.58932581498789,5.3270592832986186,-0.3554018968948802,0.2746231622702371,-0.018875932008347304,101.85556252473158,-0.6199221831371116,0.2915511552886718,-0.08611527803544144,0.03911520508589157,100.33467581062749,-3.067911025321901,0.33761464827313237,-0.2792432244651622,0.02893462082563231,105.45353311599882,4.032538067566205,0.21008520233276595,0.19312794642971615,0.010180584260258224
2019-10-01,106.61938507572731,2.8401040851192105,0.4919290853718339,2.840104085119215,0.49192908537182806,106.84027328177382,3.369813476691186,0.22331781789171057,2.601969770796123,0.17378544173208324,105.54938430737705,3.662629731978395,0.2258185319319761,1.2998484387410316,0.08099730441820682,106.28114645139681,4.477615475529384,0.29487422791028006,0.675643018805176,0.04529189638961976,102.37882399419959,3.0563274913645744,0.1737994520144781,0.6237177540543782,0.03565544102194176,107.00018976373126,3.1145593323311793,0.22112640833211739,1.3014036497591976,0.09289351787641191,103.95283990270134,2.8676917358468,0.19741377931561388,0.575352602496723,0.039734727439848426,108.35584602069946,4.721039612441302,0.003443478568332381,0.12650488296850723,9.441797791232542e-05,108.6679950994955,3.142437696355116,0.27921815638560776,0.5979284338168854,0.053397547837123825,105.62269349867512,1.083353168171275,1.4137336001486922,0.24695915286848127,0.31388762422111877,105.59314484398521,3.8206213448934268,0.28569216336402636,0.33138866573627335,0.025067747041079023,104.73727829649008,1.4203202321535269,0.979124573836021,0.05052590336387728,0.0341843885346247,104.41201146472636,5.478280605694974,-0.16953388778429002,0.28015551826821256,-0.008951174994395126,104.04411847822288,-0.5930963234701658,2.148685746014012,-0.0837238304793105,0.2884358242494315,103.31564362289183,-3.2372735572171796,2.971024511895215,-0.30245380394397464,0.2548869641885427,106.18377901852747,4.582132597520827,0.6924812103975553,0.21872997346466047,0.03354886006088625
2019-11-01,107.40044785391713,2.8316112485710754,0.7325710776094452,2.8316112485710763,0.7325710776094484,107.07627037053409,3.3694950202945995,0.22088776218109896,2.5883023129530414,0.1714349102337452,105.67281335672584,3.55192182462285,0.11693962040493222,1.254090671600048,0.041833200730174304,106.57005765545303,4.449169666964092,0.2718367402898991,0.668406879483182,0.04167152528335571,102.37894263434131,2.883547772668993,0.00011588347774704744,0.5851117466674902,2.3698556474302746e-05,107.33401236948343,3.2104614505698237,0.31198319039367206,1.3345233362529827,0.13070857781497772,104.12420653257334,2.8058478087829464,0.16485035909783452,0.5600624612646098,0.033083237436146905,108.35584602069946,4.721039612441302,0.0,0.12557451326031804,0.0,109.22889822866641,3.422204411962637,0.5161622137754174,0.6479510397660649,0.09850167659464018,108.22938152527506,1.0868041119907579,2.4679242123593736,0.2519844076465727,0.5529731194153513,107.80348985930674,2.1457616640446764,2.0932656363131574,0.19170777085859445,0.18329436469944865,108.4323235386985,-2.889072145000471,3.527917950806869,-0.11030489073181714,0.12376811016702391,105.60294028016669,5.876902737832124,1.1406051839568887,0.30059723853375697,0.059826112442957186,106.86118930801841,0.4248404032074493,2.7075733554176473,0.06052318147652128,0.3694520906929231,107.38478744368155,-1.8501379950949914,3.9385553611245294,-0.17582193979670846,0.346228006166436,106.69177601834572,4.9831157740298115,0.47841299727109377,0.2363451212732346,0.02322408452649227
2019-12-01,107.96615392881431,2.730910414409826,0.5267259924899292,2.7309104144098115,0.5267259924899237,107.48161607838189,3.335661525542477,0.37855792552832224,2.5568675872417,0.2923130999018689,105.98219060213195,3.508613483397016,0.2927690061224508,1.2352228549774662,0.10409315208874356,107.00810930609815,4.369970858697747,0.41104571047654304,0.6556081770929212,0.0627235188962654,102.58710162725586,2.8652710790833202,0.2033220773318689,0.5790680681276406,0.04127770048418157,107.82087221070485,3.185103212207574,0.4535932557384159,1.3220484576876264,0.18924411399738697,104.36744320730294,2.840842559465928,0.23360242812848764,0.5646482796051927,0.046616631094019784,108.35584602069946,4.721039612441302,0.0,0.12479421720141677,0.0,110.05442605794437,3.3278961060800416,0.7557778597654163,0.6314880338579805,0.1439188099374252,109.33138653177514,0.7867676354563979,1.018212421589726,0.18367602326343113,0.23207513505258984,109.8989573569172,0.009109662147332998,1.9437844733461107,0.0008421607673981263,0.17250435137478862,112.71438408446274,-6.907680735597421,3.9490627942100787,-0.28420808456672514,0.14238750631953048,106.2162584415309,5.516423454006114,0.580777542497457,0.2829978864697442,0.03058587332663229,107.32038714726596,1.295127173486943,0.42971432586620395,0.18256441658781977,0.05978473090576952,108.0176296602172,-0.547454360119437,0.5893220367620078,-0.05132577221348438,0.0534545501280661,106.83125493825365,4.95435356858327,0.1307307133812774,0.23389018880129644,0.006330180777694692
2020-01-01,108.4347049461414,3.1011189887719004,0.433979539213758,3.101118988771886,0.4339795392137665,107.76701209155695,3.4125464974779973,0.2655300725725285,2.6188767244898603,0.20473357185723007,106.60162875420325,3.799405943034184,0.5844738144701322,1.3406630210414008,0.20732429806391564,108.13313942440328,4.92386406594616,1.0513503374655286,0.7419879522724637,0.16024618704452073,102.82373502107876,2.9564022787176736,0.23066583427096,0.597895152086514,0.04667827640702459,107.80686881581276,3.075074224741381,-0.012987647572282324,1.276638613003128,-0.005414647952163078,104.61606830670374,2.860330895650276,0.2382209353418263,0.5693505577886219,0.047399663476107266,108.81525836409826,4.684757043659671,0.4239848243269062,0.12431210084252861,0.011424571947156542,109.67571962250898,3.068474975376456,-0.3441083189475669,0.5812918557424888,-0.06567604438033378,110.41289591530892,2.094968422396404,0.9892030256283935,0.4872357610755847,0.22656550983406878,112.07388858910736,1.7993727981110874,1.9790280858868137,0.16653318338721418,0.17810787286132812,119.08154342881514,-2.0748880694890115,5.64893238433628,-0.08567720719627744,0.21061207196551554,105.58004770802228,4.897969966807403,-0.5989767883405883,0.25105398404441176,-0.03156127314633739,107.69639857931764,2.2897780462408868,0.3503634696506719,0.3205191213459665,0.0486978686232782,107.95009276800813,0.9318270527337802,-0.06252395319311654,0.08596478963431273,-0.005674776604923901,108.03560978083644,4.914784938967021,1.1273431574672532,0.2345543317116555,0.05437264522820881
2020-02-01,108.85755297948036,3.510061218237981,0.3899563645688886,3.510061218237992,0.38995636456888005,108.12216787659524,3.354834851720301,0.32955890503538754,2.584686554259897,0.25367600130846685,106.97436325203279,3.6782577109389702,0.3496517850482217,1.3040614464387599,0.12421417858614434,108.54171146660136,4.784963626219185,0.37784165369925127,0.7247888824487766,0.05794440791143042,103.16111413647435,2.8479269914506666,0.3281140442198849,0.5784951745329333,0.06626379469866536,108.14312700656093,3.072272461932579,0.3119079465360164,1.2795737378459027,0.12945805854768438,104.90446047260357,2.87430353760858,0.27566718054663486,0.5736692788230392,0.05474356499416265,109.35240768811643,4.544529350043458,0.4936341944075995,0.12135700688296672,0.0132999999616702,110.03051385020561,3.0671175029838516,0.32349386803003366,0.582960805260683,0.061263270362178025,111.06168748625544,4.019991546043378,0.5876048857953675,0.9230978258742002,0.13532811530141703,114.17873763940811,8.433910147274082,1.878090496188367,0.746617738642386,0.17162394144649729,123.03811280841343,12.538261387566463,3.3225714629433467,0.46550671477186406,0.13030937337061943,106.42426903604759,5.489533748473452,0.7996030939102949,0.28205377277391297,0.04169933897638095,107.41767971724146,1.258633353003713,-0.25880054092144444,0.17752661608432582,-0.03594136719657643,107.33745630761692,-0.540018202462722,-0.56751823428981,-0.050272519211423096,-0.05125424800293186,108.376262276201,4.7504662812482445,0.3153150114630021,0.2277991352957475,0.015312880806353894
2020-03-01,108.82535165605275,3.0864836702368947,-0.0295811567927573,3.086483670236892,-0.029581156792755463,108.44806019976654,3.3274303337120115,0.301411199545365,2.5622150012142892,0.23186988939787845,107.36727607328595,3.699595465307337,0.36729624679088246,1.3111749452463337,0.13043000679755798,109.07488367999318,4.907746096488297,0.4912141205327236,0.7433307880404436,0.0753217022635207,103.4423035529837,2.792727312885912,0.27257307064110226,0.5669730070535888,0.05501318797227334,108.40646795243114,3.0021705033220325,0.24351149551486984,1.2495117327883312,0.10099138856041175,105.20520821337145,2.871580670990337,0.286687276606723,0.5726014119685654,0.05686718431434503,109.40562019731824,4.577960023337568,0.048661488417867105,0.12180581370561448,0.0013124418762196217,110.27979106852035,2.9104932967900066,0.22655280757308827,0.553179984693413,0.04287616715928392,109.82894378896357,2.296749445408919,-1.1099630531405613,0.5283130965076998,-0.2561328959689977,115.64294354427737,10.50679569762838,1.2823805334872596,0.9208678346613349,0.1189238072389356,123.60189755423622,14.348647433377714,0.45821959793928,0.5246889164141229,0.018496089847343015,108.4602955715031,7.77515710659995,1.9131224051591733,0.39698499490583067,0.10017653807047411,104.50378891320867,-2.7427534752272775,-2.712673380865338,-0.3903597423181872,-0.37429259976769264,102.658427206103,-6.6039703994062116,-4.359176435208556,-0.6237898230286163,-0.38993525899146986,108.72560807296294,4.87661370697543,0.3223453083034178,0.23343008071042964,0.015642659223776504
2020-04-01,107.79061483979672,2.0339457403477867,-0.9508233150730905,2.033945740347796,-0.9508233150730869,108.78595069129709,3.225438548318049,0.3115689583641501,2.4921109384748723,0.24047763026325253,107.94093216347056,3.864062794772982,0.534293232691363,1.3736264640881284,0.19048527674998825,110.07950331268997,5.469647007656575,0.9210366298846306,0.831023273556928,0.14196548421938832,103.68851782398328,2.658697181725156,0.23802087013022888,0.541369687927358,0.04818474358992254,108.53178303915234,2.667672934632659,0.11559742613900248,1.1144075722654228,0.048072620826698664,105.50095180712374,2.8494240669815873,0.28111117194167257,0.5694993772902524,0.055937517186282676,109.40562019731824,4.565465651627321,0.0,0.12140178628909976,0.0,110.23148085134545,2.197775119053569,-0.04380695384604838,0.4201487914525557,-0.00831191022490072,104.19453472217464,-1.9286833456561236,-5.1301677612555885,-0.4387112113864976,-1.1710338033187715,114.46432312030247,8.895449118322563,-1.0191892283714088,0.7825592768563353,-0.09575668466008062,116.72741663646612,9.072601372225165,-5.561792378433017,0.32822974663329446,-0.22559787493806077,111.07169186223827,8.77254669491283,2.407697929435937,0.4541660474784686,0.12852388845259086,96.1462618783824,-8.735513818604279,-7.9973435621241045,-1.2180898193233092,-1.0738515448282842,89.70444974624317,-15.782697540120205,-12.618523205944577,-1.443620213452239,-1.0798623166045003,108.85980627219226,4.7012350402192205,0.1234283271510872,0.22553039412892736,0.006010771776217912
2020-05-01,108.14197506611006,2.5453207820058665,0.3259655089968172,2.545320782005859,0.32596550899682153,109.04881849115647,3.2635259769485447,0.2416376362838646,2.5311123995041616,0.18887967781155063,108.3692088083531,3.943112473003274,0.3967694518645981,1.4086749286208113,0.14357648816354887,111.25979634763105,6.121514625993862,1.072218714130968,0.9358935395781725,0.1683914673484433,103.55973926468873,2.303972335925075,-0.12419751193005757,0.47100299845591165,-0.0254442130096737,108.64527339794215,2.668698746648057,0.10456877756155336,1.1179397589091757,0.04395441858622576,105.5759123001242,2.6629430894764994,0.07105195897900707,0.5345058810624982,0.014314276579333242,109.40562019731824,4.504993708202765,0.0,0.12007241257700609,0.0,110.40349014023997,2.406976185481513,0.1560437069030085,0.4607215616096076,0.029878781648776172,104.84174922840221,0.11700586432210613,0.6211597450416217,0.0262788721462791,0.13580583501773147,115.35323111017149,9.552981172275544,0.7765808294124765,0.843317775080897,0.0729123470772052,123.67136867968956,18.500398421134932,5.948861238700731,0.653848545145119,0.23006520258708116,107.93760820491062,3.6188947862902054,-2.821676346854285,0.19145754911067828,-0.1557294638795017,96.6313588475802,-5.976044961781046,0.504540644348106,-0.8143507744941296,0.06292803163757338,90.4317174757304,-11.692222427073172,0.810737629565228,-1.029996553797167,0.061208071526962775,108.89784147133824,4.476139653131295,0.03493961678644464,0.21564577930303538,0.0017199601106076467
2020-06-01,108.70099826310262,3.007119208171871,0.5169345174718787,3.0071192081718694,0.5169345174718813,109.43123881537453,3.33789679353913,0.35068726971037023,2.594281525597729,0.2738895487213704,109.08512211374556,4.4421292199078755,0.6606242799636286,1.5887464230134403,0.23922470111515856,111.72508588754046,6.202811443339318,0.41820096313640587,0.9509291446071879,0.06616680714786473,104.43983412509564,3.1135517191973383,0.8498426769475209,0.6364534280032724,0.17332515505626012,108.72788594874748,2.3731702999605364,0.07603878955944054,0.997107365996186,0.03189159606539171,105.58518733364313,2.414426262410263,0.0087851796085614,0.48552034510436654,0.0017653836904684705,109.40744764056961,4.4525101776323295,0.0016703376372051437,0.11865650259061522,4.53705987470553e-05,110.5790898367116,2.0274000191581765,0.15905266785369854,0.3898713122774915,0.030403347054168823,105.99154543378134,1.8782673493815683,1.0966968920694598,0.41882435559127457,0.24047930636458195,112.70070332262151,7.213497921597645,-2.299482868422309,0.6353045983310575,-0.2168656973071823,115.47096619308283,13.006132373259183,-6.630801109548545,0.4497569052520775,-0.2708108400618158,109.00152939854743,3.493290402354021,0.9856816463980289,0.1867368158721488,0.052693411404405095,100.16023337072157,-1.5945055726509394,3.6518937177604904,-0.2150464441265272,0.45628737720924417,96.01470213555976,-4.757036977696549,6.173701899809325,-0.4122592469242115,0.46834670127991496,108.63029228550732,4.091201209703188,-0.24568823607153956,0.19721280279768413,-0.012059324070668528
2020-07-01,109.35753055233107,3.2868176771686297,0.6039799999254525,3.2868176771686186,0.6039799999254456,109.81905030542447,3.4525426317269403,0.3543882845959745,2.681023117629991,0.27632229793884794,109.74716226610164,4.915387289734197,0.6069023341842783,1.75488208088443,0.220085120245142,112.336184718725,6.498003645753192,0.5469665351608199,0.9955556513159833,0.08645479927233772,105.12233144681566,3.7187628896348857,0.6534837281554351,0.7581563144140001,0.13371921816139398,108.86849030436716,2.176660601499747,0.12931765792443262,0.9144541479942045,0.05399950289094689,105.70103924231091,2.3040777477578933,0.10972363793957385,0.46280449001519647,0.021937522543296426,109.42550557161712,4.31369315718273,0.01650521188176768,0.11474865403962009,0.000446025168713714,110.76377184971284,1.7321071056674908,0.1670135043378984,0.333505173434051,0.03181141595575733,107.54747036174321,2.7234361297258536,1.4679707910608242,0.6091092500889784,0.32374736548028826,112.58400503228599,5.187982063268648,-0.10354708257804823,0.4636929109200737,-0.009491966110346532,113.15247939541271,8.166773901822832,-2.007852600621096,0.2881655797886568,-0.07617215939976225,110.344288410285,3.257687702890366,1.2318717169811144,0.1761060460126749,0.0661615538115533,102.74682302684016,1.0877512716136462,2.582451706701683,0.1460132284637629,0.3327289115613988,99.87401414597427,-0.516160460104631,4.019501101993406,-0.044399310958893566,0.3220858805134784,108.8676400972521,3.9491898619886,0.21849136806240121,0.1904125394226553,0.010643031047919327
2020-08-01,109.77859538707618,3.7126129504535754,0.3850350612513376,3.712612950453589,0.3850350612513365,110.16756505016086,3.6024847816336747,0.31735363196740973,2.8030344315218145,0.24683188178598128,110.27086046022174,5.133689823024934,0.47718609147295865,1.838240252976145,0.17305026370993315,112.64544199363762,6.680904480646088,0.2752962241747481,1.0249136788193802,0.04348929988534261,105.78872972206374,3.9672128704285603,0.6339264607969852,0.8122109139103253,0.12978113841491423,109.05815270489278,2.264571491236489,0.17421239147834555,0.9524833574667805,0.0724030844909969,105.82655506146278,2.2117442312144853,0.11874605969024454,0.4453080932683689,0.02362477545748219,109.44650284576576,3.0710381872568027,0.019188647143053572,0.08271595151492239,0.0005155124190144207,111.04780300259866,2.202489880957459,0.25642965036545284,0.4233194818354485,0.04863055378375733,108.2107704342819,4.0902987179861405,0.6167509754600786,0.9086158393432024,0.13718685080402424,113.62395337136714,7.934925137217541,0.9237087797533183,0.6977339563991373,0.08407914541342988,117.39335319539131,13.85844367568485,3.7479283022679555,0.48209408723274366,0.13849427688243152,109.24809628242633,4.083113288714957,-0.9934289700458065,0.2168603192429213,-0.053688236273281634,103.1627052751012,1.578622482238834,0.40476409489800247,0.21179179374141488,0.053176313205769536,100.16314375715432,0.16607757056630312,0.28949433308793626,0.014233362078799864,0.02398497144390236,109.52256140853662,4.076789900006417,0.6015757397693777,0.1975584316626103,0.029191341761865
2020-09-01,110.02778149925456,3.7044436899595468,0.22698970714623012,3.704443689959545,0.22698970714623778,110.48366635368282,3.6410640531377547,0.28692773901106694,2.8334681523541247,0.2230167123416425,110.68880340279259,5.106022135172328,0.379014855625992,1.8314441499125889,0.13757490139384063,112.98280626184889,6.619063891360222,0.29949216074836027,1.0166705923685395,0.047259878316712974,106.25476454734506,3.9662603976561295,0.44053352990032213,0.8136893531431566,0.09041221546209281,109.28085796116645,2.3573014582579654,0.2042078017553628,0.9902843663244811,0.08469101104651823,105.93601002695651,2.1089394069055967,0.10342863889896137,0.4244796528948514,0.020522757715931178,110.69765263843274,2.1647364252312284,1.1431610514135215,0.05935568696801882,0.030599656187423278,111.23950411750991,2.652215961051807,0.17262936296611464,0.5072085228550381,0.032696322035865776,108.23500413328043,3.92194623896025,0.02239490477822237,0.8707796059602142,0.004992903545098421,113.80320472928628,8.083087908292308,0.157758423818688,0.709241725814118,0.014436768836381468,117.80838965142651,13.581221967394509,0.35354340321500644,0.47416414715186705,0.013501864621074047,109.2682973095691,4.473660632307763,0.018490964904827045,0.23620362694846725,0.0009855914680948622,103.08887057868205,1.2108401577488825,-0.07157111305123864,0.16254106938741245,-0.009404579005364257,99.8115370409535,-0.5213937907781463,-0.3510340261017486,-0.044730859656699665,-0.029055932684659218,109.96514622651806,4.278294882312261,0.40410378673534364,0.20727192904411137,0.0196513536792978
2020-10-01,110.61865202449391,3.7509754402786033,0.5370193938186052,3.7509754402786073,0.537019393818602,110.72164044211627,3.632868993236271,0.21539300449320287,2.819534063801264,0.16751592808346252,110.93625622747899,5.103650727525322,0.22355723169753539,1.8257460097952443,0.08126994075589496,113.24408922412833,6.551437395263449,0.23125904810143982,1.0043101192572101,0.036519087817946404,106.48598286399184,4.011726946604632,0.217607481068538,0.8204114982854619,0.04475548712532339,109.50821291279014,2.3439427113137734,0.2080464555873851,0.9820189923983049,0.08626340185110087,106.06306750345537,2.0299855229825248,0.11993794788620615,0.4073906384936319,0.023769266970039806,110.64799752061549,2.115392555264761,-0.04485652282025798,0.05772076173787738,-0.0012116761753228394,111.61740170571532,2.71414467849469,0.3397152757946609,0.5179530663367705,0.06430780661638981,110.00764987760117,4.151528647563851,1.637774912576262,0.9302083650254649,0.3643935933143415,115.6576621675136,9.53141166351168,1.6295300669596058,0.8346069487049707,0.14901834363353114,123.07595422714911,17.509215657433774,4.471298344123342,0.6142667042275769,0.17097502853424174,108.83267450646238,4.2338644565136585,-0.39867263774830963,0.2220712781305419,-0.02120554319801878,104.7831479351859,0.7103039246929566,1.6435114159202069,0.09692194284602261,0.21531718120255197,102.4130950881466,-0.8735836153134557,2.6064702782060856,-0.07679442983969721,0.21449960286586536,109.98360139873752,3.578533760365632,0.01678274694552062,0.17371637268572127,0.0008175783366862975
2020-11-01,110.69363869821018,3.066272916079793,0.06778845370458697,3.0662729160797744,0.06778845370458465,110.67084315877516,3.3570209121051464,-0.04587836952042457,2.5922088089512374,-0.03556648258396486,110.60378037814856,4.666258865255113,-0.29969990031814,1.6590745044347917,-0.10861045322861627,113.32249802329868,6.336151557388359,0.06923875648394695,0.9668650269545139,0.010900530312757391,105.86330767118464,3.403400100827536,-0.5847485049769396,0.6909457734906187,-0.11988355464803116,109.70812817808819,2.2118951450656343,0.1825573260493707,0.922827074008501,0.07544702431329674,106.20810839332688,2.0013615758998737,0.1367496653505551,0.39938255358441066,0.026988578646782058,110.64799752061549,2.115392555264761,0.0,0.05730099124880511,0.0,111.90586042267641,2.4507820159513916,0.25843525521371813,0.46668955248469957,0.04882556063818063,110.50418606137835,2.1018363997322265,0.45136514081489665,0.47905913931469873,0.10152515863764734,115.49505262111809,7.1347994131261805,-0.1405955674255277,0.6331895134607343,-0.012996993276926381,119.04170022692878,9.784330301142985,-3.277857178157406,0.35278405667009544,-0.13024469683435322,111.23568265545394,5.333887825796779,2.2079841002610623,0.2809020759940977,0.11635044119766993,105.68761098698188,-1.0982268947557605,0.8631760637268115,-0.1527926704424016,0.11432968411984717,103.809154682296,-3.329738640364499,1.3631651235106235,-0.3020244789125461,0.11449088802268538,109.9799430063511,3.0819310641524877,-0.00332630714023896,0.1492318084701383,-0.0001612039028406143
2020-12-01,111.13243686984234,2.9326625296995035,0.39640775819871354,2.9326625296995146,0.39640775819871743,111.24154528568371,3.498206804557036,0.5156752317227786,2.697247687440715,0.39931499548648247,111.51166828248886,5.217364963812776,0.8208470824742964,1.8507014379187285,0.2963803797759393,113.75752866210638,6.307390533086998,0.38388726545568463,0.9613686771285745,0.06043776107741696,107.09203229717988,4.391322689174326,1.1606709189662778,0.8886421126283567,0.23640589856949334,109.97400264535116,1.9969514162699875,0.24234710014501282,0.8325440643887922,0.10027172559921163,106.363516238462,1.9125437682652624,0.1463238988868687,0.38054560934795306,0.028898027116521785,110.64799752061549,2.115392555264761,0.0,0.05700075346439305,0.0,112.33142696173988,2.0689771282771163,0.3802897698619745,0.3948821525565215,0.07198412715173585,110.49968144496589,1.0685814478820443,-0.004076421512178019,0.2447462191948191,-0.0009204205103319548,114.29063175300882,3.9961019664898734,-1.04283329958762,0.35963977775967193,-0.09620127451218959,111.91187072889963,-0.7119884139736299,-5.989354557636172,-0.02654543281456633,-0.23002850316768997,113.97366033037544,7.303403455050872,2.4614203010757008,0.3848307911586304,0.13247941196678284,106.43943765353866,-0.8208594071864916,0.711366885423681,-0.11409324039748421,0.09497112821527885,104.99202797523505,-2.801025808934665,1.1394691504416743,-0.25422569940897183,0.09694175792561917,109.93519084030844,2.9054567447034163,-0.04069120679585092,0.1401324590114932,-0.0019706297103372814
2021-01-01,112.0114893518256,3.2985605553690345,0.7909954165882249,3.29856055536902,0.7909954165882256,111.60874756724013,3.5648529184601596,0.33009455290591294,2.7440242693811183,0.2559135761224507,112.08392006494242,5.142783815601892,0.5131765951199796,1.8269795682954462,0.1860742171100339,114.58173351388238,5.9635687299982365,0.7245277402466499,0.9145509917070374,0.11405268543286305,107.46693028790045,4.515684307586998,0.3500708527784946,0.9119584582042788,0.07184535334092308,110.1556469523198,2.178690618053203,0.16517022441604468,0.9042701884373454,0.06823472935342799,106.5430458081536,1.841951750471571,0.16878867495231376,0.36578531099747946,0.03325164014186129,110.52743588749094,1.5734719093012606,-0.10895961592263248,0.04239409783698174,-0.0029126828123608945,112.55822378450385,2.6282062902492243,0.20189970776496313,0.49772972052801007,0.03821096994113388,113.09275860646693,2.4271283430638,2.3466829293915303,0.5589788516085563,0.5277469587805338,114.79386841933237,2.426952311967323,0.44031313731038857,0.2217801124748064,0.04003655095850435,112.26509249973572,-5.724187588443696,0.3156249364213881,-0.2244993993433014,0.011350939236223037,114.56787371676796,8.512807300107683,0.5213602727771383,0.44394330130946624,0.028638004082898662,110.31045273512235,2.427243798574641,3.6368240634490068,0.3370876286795131,0.4870578655179658,110.64358907811932,2.495131074967838,5.382847833187232,0.2253426571857357,0.4613419194107352,110.52150409851463,2.3009953132315575,0.5333262749849244,0.111744971493777,0.025715946107231352
2021-02-01,112.6879328333172,3.518708393673764,0.60390544345581,3.5187083936737666,0.6039054434558174,112.03128036026244,3.615458846634345,0.37858393919145694,2.7813035618986883,0.29216395897585956,112.6661130232758,5.320667118936884,0.519425942629459,1.8894139391671574,0.18782104835109947,115.08150163967808,6.025140091041448,0.4361673632168772,0.923881845133561,0.06861469996588909,108.09444983060179,4.7821659696317464,0.5839187376248889,0.9651804368758403,0.11931391420244922,110.43243456854738,2.116923770705803,0.2512695661869957,0.877950630741681,0.10315935153544714,106.74709256033827,1.7564859296101298,0.19151578654141854,0.3484159125824103,0.037496008073237476,110.57597919262119,1.1189250702138276,0.04391968812129665,0.030178364169422937,0.0011635677587865146,112.94669212579998,2.6503359600450693,0.3451265738164677,0.5015883443178789,0.06493591920740824,114.61889142339824,3.20290823744509,1.3494522865445724,0.7390968195370026,0.3081632857287948,114.53907756286888,0.31559284233704243,-0.22195510959936993,0.0292670555798427,-0.0201115936086789,109.41501246582068,-11.072260482250496,-2.53870546084638,-0.4469331421307589,-0.09086981768698599,116.03531280594206,9.030875999382303,1.2808469264270927,0.47288238897948387,0.07016792995900288,112.93595858985194,5.1372165989215235,2.3801061364818743,0.7088292198918159,0.3277532105504459,114.60457255735405,6.770345133678601,3.5799484744101218,0.6056181304889731,0.32080105469379305,110.6812642420623,2.1268513209903084,0.14455118472262996,0.10321108940284265,0.006952155856651499
2021-03-01,113.56155189587581,4.352111128289327,0.7752552031021986,4.352111128289333,0.775255203102206,112.58417485967642,3.813912994193669,0.49351796894225863,2.943684645894538,0.3800087960208572,113.32645955042898,5.550279093487909,0.5861092651849642,1.9787756693775131,0.21175533937397395,115.80853756359419,6.1734229333275215,0.6317574184880437,0.9515506197953215,0.09921781177358076,108.68983596592778,5.072907536573057,0.5508017629573425,1.0269551101607421,0.11252466135190475,110.88476143322002,2.2861121920108696,0.4095960271453425,0.9507080585141173,0.16757124251563651,106.98132538748165,1.6882407290216728,0.21942782845441045,0.33593824870760536,0.042784677964712456,110.58453059802221,1.0775592685071889,0.007733510897622864,0.029085439339321114,0.00020374407677198523,113.70315303122355,3.10425140411823,0.6697503850586539,0.5889991592940852,0.12569008190854017,116.56574039600464,6.133899111317898,1.6985410942554013,1.4001497689311901,0.3907562982609904,116.22644649610919,0.5045728982230546,1.473181877437546,0.04740653311296717,0.13239081466316407,110.16323100868023,-10.87254064174794,0.6838353586015256,-0.44101287805480704,0.023712439050996376,118.31644647903545,9.087335467415002,1.9658960862271035,0.48508563955069717,0.10842126649344067,115.0169085703677,10.060036833583407,1.8425929230150073,1.3508218086236246,0.2582145820737959,117.74167080018051,14.692650184281053,2.7373238020293567,1.257361024432937,0.2525492223320499,110.8122401069014,1.9191725582607733,0.11833607588060957,0.09346078419068576,0.005665359741743882
2021-04-01,113.92823914988305,5.694024771273787,0.32289736084574194,5.694024771273776,0.3228973608457291,112.96345848146328,3.8401170037303256,0.33688892978038787,3.0016849758089332,0.25867923194266057,113.81139440344154,5.438587681529827,0.4279096469935739,1.9680278212297433,0.15430925113999708,116.46718513709334,5.802789467770975,0.5687383567359872,0.9113254789476618,0.08919345017109155,109.03644251403684,5.157682646338868,0.3188950880537833,1.0566489928046623,0.06500276852892742,111.16668093445023,2.4277661543138596,0.2542454865630761,1.0204867290655615,0.1036378320108968,107.17681534185583,1.5884819103773484,0.1827327841248172,0.32001889508956455,0.0354332546810039,110.58485409950728,1.0778549585133135,0.0002925377386109318,0.029372703102233742,7.648387237300807e-06,114.12000672192929,3.5276001379567434,0.3666157706209372,0.6754543092963148,0.06872967105926674,116.88931366231165,12.183728229111534,0.2775886510116399,2.66376145426607,0.06444547822165282,119.26644103089663,4.195296647626279,2.6155790067015516,0.3938919345910013,0.23668280190712296,115.03135138773534,-1.4530136086305823,4.419006536465453,-0.05619359013732769,0.15309293986359218,120.09595442691007,8.124718740995274,1.5040241664035614,0.44840652795544494,0.08392855889188204,113.62352823968769,18.17779081563533,-1.2114569483734128,2.2671961285209523,-0.1715674483089905,115.49535405966543,28.750975438096795,-1.9078349451379095,2.170605750751579,-0.17944650454853847,110.99580595694407,1.962156426597872,0.16565484992052681,0.0965903777693761,0.00787905623955404
2021-05-01,114.20004417788859,5.601959006273982,0.2385756420302032,5.601959006273986,0.2385756420302,113.51293224354278,4.093683741056164,0.48641726224207815,3.1971995828987025,0.3735462374999514,114.52235683047104,5.677948644065078,0.6246847521341081,2.056093922855029,0.22550446662023704,117.46560494200648,5.577763754829634,0.8572541731285854,0.8825011207871655,0.13476992551516292,109.52078889058626,5.756145842219307,0.44420596030274595,1.1739641908930838,0.09054220769445251,111.56761249541555,2.6897986503007454,0.36065802954190485,1.1281343712812566,0.14691406641337273,107.3974020880117,1.725289176483269,0.20581573118427787,0.3466972229614494,0.03985345236864384,110.58614427880039,1.0790342208681913,0.0011666871594817607,0.029309301053236196,3.0404900781849382e-05,114.77695301432009,3.961344762312069,0.5756626828734346,0.7572217507258787,0.10796684586406538,116.22949550250831,10.861843071024513,-0.564481165241093,2.381741487962092,-0.13099177159885325,121.61269699057746,5.426346379866631,1.9672390149321428,0.5117621912562844,0.18208292511382881,118.44462101778696,-4.226319897404829,2.9672516134723326,-0.1726085917639735,0.10699522203875368,121.69704215799423,12.747580923752233,1.333173743215954,0.6814710697727434,0.07527051671200043,111.07906950907979,14.951368617602112,-2.2393766238629653,1.8681049612796305,-0.3122917860989884,111.5180863141021,23.317448155323127,-3.4436603774630203,1.7688981591657873,-0.31670051632062063,111.09885199057678,2.021170015401852,0.09283777233228818,0.09920680211384625,0.004408730221629457
2021-06-01,114.72802662567292,5.544593388169572,0.46233121150278667,5.544593388169562,0.4623312115027751,114.09618967824363,4.262906016023016,0.5138246569557969,3.323857016288527,0.39556950483748454,115.24062430479748,5.6428430126644,0.6271853760307255,2.0463025317507264,0.22727926298707835,118.36254152062025,5.940882103917899,0.7635737959691191,0.9390296056116676,0.12078323293744553,110.09129345466395,5.411210556691537,0.5209098380834831,1.1072698734058992,0.10639452033233855,112.02553927958506,3.032941643316822,0.4104477759514058,1.2664731457792862,0.16739955306886284,107.59124940199858,1.8999464972452973,0.18049534739026374,0.3798645387362729,0.03493907758232318,110.61809687919337,1.106551029872338,0.028893855194400686,0.02990265216374723,0.0007512160261012949,115.58770075531609,4.529437641420753,0.70636806406148,0.8627315822640989,0.13292645065978712,116.57088326539464,9.981303497666971,0.29371869972452114,2.2012840658046864,0.06761340607960399,121.35070738539686,7.675199717266623,-0.2154294836507864,0.703571107872816,-0.020283505136324403,118.78222442295078,2.867611087908517,0.2850305925780505,0.10878892644665585,0.010557612534575189,121.04247407094235,11.046583234964569,-0.5378668827481281,0.5932915749742098,-0.030699387358816024,111.79558150197927,11.616734246406924,0.6450468086077299,1.4967262821118419,0.08773113084034818,112.54333789056956,17.214692528727117,0.9193590119361605,1.3794272622873793,0.08144407629651837,111.24615101501709,2.4080380108290944,0.13258375023785796,0.11729901982446199,0.006287054543828675
2021-07-01,115.34186803218435,5.472268301623351,0.5350404993142766,5.472268301623351,0.5350404993142897,114.59391463115266,4.34793809675873,0.4362327561618251,3.381747155873407,0.3360072767431795,115.90274393884299,5.608875478544073,0.574554015165929,2.0340437368620177,0.20854838286912022,119.30056890312561,6.199591166317875,0.792503583020765,0.9793664268615969,0.1257352874328951,110.5364091198719,5.150264076663258,0.40431504730322754,1.054392230553767,0.0826284802498935,112.37261834210996,3.218679737310759,0.309821371766561,1.3376909586762817,0.12629420168300093,107.82786495057869,2.012114283372557,0.21992081130690622,0.4003143200159615,0.04245136658770919,110.72835090622044,1.1906230890115665,0.09967087677116293,0.0319866733790517,0.002580179056499519,116.088937847342,4.807678457225606,0.4336422376693516,0.9117512949688267,0.0818023182046156,117.57256657844547,9.321554642784413,0.8592911754561561,2.0734377032598705,0.19747496795741884,122.18490888804286,8.527768978376283,0.6874302759494189,0.7762268192108269,0.06428751847118372,119.70732366650887,5.792930306184618,0.7788195986834445,0.21406164394870503,0.028796783088138284,121.80269662626038,10.384233186017223,0.62806263764279,0.561198819058032,0.03549052141831685,112.8876752616931,9.869747731473776,0.9768666570194373,1.2966485991378396,0.13310272206823345,114.19179412258428,14.335841108462288,1.464730176758744,1.1877425576628753,0.13034765587839361,111.31099772265485,2.244337824554732,0.058291192141113335,0.10890604147496484,0.00275506618983991
2021-08-01,115.5234259289602,5.233106255028952,0.15740849344072494,5.233106255028952,0.15740849344071625,115.04165828370256,4.4242542996411505,0.39072201520566896,3.438784454476609,0.3006569511835353,116.70501784359823,5.834866397635019,0.6921957819899127,2.1179411766724963,0.2513480784059327,120.13963544889005,6.652904300979801,0.7033214958478418,1.0498286396926164,0.11187179621927279,111.29189448376758,5.202033124097594,0.6834719617826446,1.0676311965703713,0.13949719791975615,112.50126129589226,3.1571308568891787,0.11447891459701598,1.3093554799459528,0.04656113329660854,108.03981311960266,2.0914014037917372,0.1965615929807374,0.41498490895451,0.0378234036650499,111.53186912903816,1.9053749814291754,0.7256662058466423,0.05100227939690413,0.01870396400138734,116.02116461187207,4.478577220620039,-0.05838044238034579,0.8482508453479598,-0.011001785456983881,116.86121829425296,7.994072886880166,-0.6050291363826732,1.7822641021233567,-0.13949108237103672,124.37489165995561,9.461859026723207,1.7923512746728987,0.8658724410699548,0.1678722593222779,124.4374638621234,6.000433989655063,3.951420891166335,0.22915728778778918,0.1464576984190391,122.27491544689973,11.924069716324093,0.3876915977388373,0.635567772577891,0.02192792132134361,110.35848133941896,6.975171933625601,-2.2404517733322415,0.9165507245754584,-0.3066137904496603,110.21236804775442,10.032856311863036,-3.484861679778817,0.830443706183203,-0.3129887940391708,111.46185066483905,1.7706755862552992,0.13552384334931666,0.08610701839225725,0.006375003589509662
2021-09-01,116.1516929943107,5.565786578272158,0.5438438656907962,5.565786578272154,0.5438438656907887,115.4946998408774,4.535542358952083,0.3938065253350276,3.5273921240355315,0.3037363528718778,117.44942258598192,6.107771495720016,0.6378515304126031,2.2203630982481495,0.2328514546267899,120.86019603495535,6.972202261333305,0.5997692463215909,1.1010097497003841,0.0959205431856701,112.03501076605914,5.439987790983736,0.66771824285905,1.1188462011773137,0.1369976530343225,112.69127085735552,3.1207779292883764,0.168895494392296,1.2939846528131518,0.06866412905511093,108.26450441412206,2.198019716405253,0.20797082855990023,0.4356028960426992,0.040034472079602736,112.92968219566441,2.0163296185891744,1.2532857895612315,0.054465625216461436,0.03248657631307074,115.9882131354138,4.268905237915743,-0.028401263311306213,0.8081000533797369,-0.0053406824028568,118.07547400608057,9.091762828116678,1.0390578923883398,2.022854362378653,0.23773396405049768,126.04422339498389,10.756304002876194,1.3421774385076635,0.9836496046482951,0.127760854503174,129.2280829122935,9.693446531826622,3.849820545585936,0.3706613090473939,0.1480971668011958,121.8504080054846,11.514877604680684,-0.3471745941214577,0.6124805450533979,-0.01968141870739854,111.26755768542755,7.933627617447958,0.8237485102867925,1.0393881775035656,0.11003398286310444,111.41893757303498,11.629317487936163,1.094767807509367,0.9570352685856097,0.09474965134028943,111.824096064909,1.6904900345075413,0.32499496276909845,0.08235290891795694,0.01528433152281687
2021-10-01,117.00597924105521,5.7741864501720475,0.7354918595860349,5.774186450172051,0.7354918595860448,116.00102878432584,4.768163044847196,0.43840015528506804,3.696443218552785,0.33762609186033005,118.08730990166043,6.44609248352308,0.5431166042655811,2.3360469104121093,0.19845329123004718,121.40828159804299,7.2093761624559605,0.45348723654983214,1.135000502401595,0.07256613702223827,112.72219161221496,5.856365861963497,0.6133625921549868,1.2006562665418914,0.12600039634593746,113.07604621985193,3.258050891491693,0.3414420296878662,1.34648250028513,0.13829492131500168,108.49973571447397,2.2973767102664855,0.21727462904381767,0.4534046344271929,0.04168573701788466,112.93077058312737,2.0630947813461864,0.0009637744849744223,0.055406317377374864,2.5158392854952273e-05,116.5923835653749,4.457174046011536,0.5208895056049823,0.842083335257369,0.09739257637249478,120.09434278485526,9.16908316692242,1.7098121314090386,2.06239370059229,0.393127734968699,126.3473601587638,9.24253334445555,0.2405003225177449,0.854402069277825,0.023074817955540335,129.73086615260476,5.407158504067611,0.38906654728638745,0.2148518626102758,0.015458965254070523,122.01636679743712,12.113726278216097,0.13619879873119078,0.6383367510896527,0.007652720877960828,114.3372605698771,9.11798588128021,2.7588480850169628,1.2076985095197463,0.36954500229528536,116.13838196540608,13.401886609760382,4.235765028074789,1.1256111770078203,0.36860452066928234,111.84650711622709,1.6938031613783489,0.020041343598320438,0.08208733251192692,0.000940481626002521
2021-11-01,118.17175200992065,6.75568478880566,0.9963360645559138,6.755684788805649,0.9963360645559056,116.3865734219828,5.164621593247931,0.3323631192735155,3.9992435574371465,0.25520865792243996,118.43639058225106,7.081683987042053,0.29561235740007685,2.5569588225934363,0.10780965151089009,121.9532196723689,7.616070771132999,0.44884753095351115,1.1990454152420316,0.07162263312239238,112.92025226194694,6.6660911566087,0.17570688335564189,1.3577520071130627,0.03605093671116865,113.49042407793753,3.447598607925917,0.36645945090787446,1.426452643267913,0.1478471664345519,108.75887825086265,2.401671488291024,0.2388416291359885,0.4743146425264867,0.04558779313387052,112.93077058312737,2.0630947813461864,0.0,0.05536878373504585,0.0,117.23670798286545,4.763689354654033,0.5526299384121192,0.901707191180134,0.10310707515974675,123.87327157338785,12.098261603034466,3.146633472404625,2.731682208411193,0.7304858184371307,132.0932158320461,14.37131966628764,4.547665789029742,1.3257528972901698,0.4341820604224445,141.38650283185495,18.770567424969876,8.984474570253354,0.7209066497606231,0.355756725166387,123.75500275626581,11.25476987415066,1.4249202827970153,0.6057581040090225,0.07958693041670828,116.81936358518469,10.532693940422178,2.17086101498003,1.4061686693110125,0.2966253624236758,119.89462610259514,15.495233989264356,3.234283166014773,1.31827634105393,0.291233335423539,111.97594055343147,1.814874142065248,0.11572416568170762,0.0878923282570847,0.005392027000136127
2021-12-01,118.55145973817665,6.675839275461426,0.321318523079972,6.675839275461421,0.3213185230799664,117.19804131020031,5.35456066276272,0.697217784112758,4.151249257853426,0.5318466844611501,119.459799267021,7.1276227025833805,0.8640998596281868,2.584425764641159,0.3129502533944858,122.95366943734241,8.08398431593156,0.8203553523730145,1.2725532357329177,0.13019454804390107,113.93475374431746,6.3895710076255385,0.8984229684654954,1.3113373566985727,0.18283756182095315,114.10610797267749,3.7573473984135353,0.5424985409492766,1.552226399909462,0.2175046964235845,108.99802250124017,2.4768890273162203,0.21988480777257458,0.4879511177566452,0.04165471705011065,112.93077058312737,2.0630947813461864,0.0,0.055150164205476006,0.0,118.35724715493829,5.364322662126253,0.9557920819788013,1.015236595763992,0.17754371464174207,122.80445776507565,11.135576283301884,-0.8628284332338754,2.5042865587746785,-0.20456885679893638,131.94995645795413,15.451244283178456,-0.10845324128841982,1.4049422483610445,-0.010718514328522282,137.4792065367084,22.845955162115228,-2.7635567871661215,0.8216177459832094,-0.11808312663318471,126.10580746588315,10.644693783055015,1.8995633770436005,0.5847065837919239,0.10654768805572915,115.1833691133446,8.214935791250145,-1.4004480264499297,1.1001766986932342,-0.19358187531073295,117.14737029876828,11.5773955013045,-2.29139194401925,0.9922513189800686,-0.21090202679547176,112.39584621572835,2.238278167901897,0.3749963253012467,0.10792537971316903,0.017320151484742616
2022-01-01,119.17041738175158,6.391244390510642,0.5221003983771455,6.391244390510647,0.522100398377142,117.82482771413291,5.569527731818535,0.5348096238857902,4.298162450391257,0.40948825864159427,120.53025778314489,7.535726546063515,0.8960826342351069,2.724869791454646,0.32628929047665883,124.5036834142388,8.659277178027946,1.2606488151102102,1.3622149559970966,0.2010665817300932,114.63004695214148,6.665414788578472,0.6102555936394527,1.3619647340706924,0.12490720508044827,114.33294616136793,3.7921789074111256,0.19879583373814125,1.5568885756096331,0.0798792143627017,109.2491953931479,2.5399589100044473,0.2304380264374739,0.49728704622799347,0.04360976831504633,113.55166736360444,2.736181701701601,0.5498030140687282,0.07248987746655675,0.014061686468888432,118.49440920060958,5.273879789957192,0.11588816820971015,0.9922858972092853,0.02166301902076524,123.39568035612758,9.11015159291686,0.48143414482797464,2.0804101607396275,0.11279640317847232,131.94214090732748,14.93831745904226,-0.005923117245687504,1.3535771736725593,-0.0005828783072809244,133.34164448821898,18.773914062853404,-3.0095911612529225,0.6719890016677509,-0.1246415343709901,128.8319043147226,12.450288318362123,2.1617536127961356,0.6820572705976314,0.1231616582816633,116.14320314307221,5.287577254311038,0.833309562930995,0.7281273698556985,0.11321025606469576,118.07329051618315,6.714985929115258,0.7903892465135565,0.6017334002744588,0.07085361112201091,113.42603028294128,2.628019052145425,0.9165677397326766,0.1263939695812418,0.04235664494268421
2022-02-01,120.10052955836592,6.577986248104395,0.7804891491105748,6.577986248104387,0.7804891491105608,118.66190887979272,5.918551049499721,0.7104454824162776,4.5572838276361125,0.5440363299117184,121.7110004715814,8.028046060697068,0.9796234656370473,2.9004517059738646,0.35803599327152646,125.87878811417522,9.382295434676902,1.104469090574045,1.4734940899780096,0.17745101680756142,115.64006294819771,6.980574052988731,0.8811092928173725,1.4260788257776102,0.18050373850438536,114.85698600513253,4.006568771096641,0.4583454387897756,1.639141160318875,0.18357788750067489,109.56845501864382,2.643034475820305,0.2922306423832399,0.5153465706429095,0.05514338968119232,114.10722874186604,3.19350511298071,0.4892586706654267,0.08413484632313188,0.0125166611298119,119.23526087616806,5.567731672357312,0.6252207851462632,1.0448798023193004,0.116400471702957,124.63547368187216,8.739032574894656,1.004729924229486,2.0104500449811114,0.23530544140548532,132.53955195068804,15.715574780964126,0.4527825903478,1.4123156006851907,0.044323087360628975,131.24360255548825,19.950269709548717,-1.5734333716846405,0.6917886719195953,-0.06287396897312245,131.20374611792306,13.072256147875216,1.8410360506713408,0.7209488728365905,0.10660029623233838,117.7691186130265,4.279558152711216,1.3999230484037728,0.5997224379081338,0.19077701009495654,120.15923337059078,4.846805576153512,1.766650904102418,0.4471728840207858,0.1587922397150271,114.20801464486448,3.186402348178019,0.6894223133548261,0.15254955388735095,0.031984770379929
2022-03-01,121.14601817579285,6.678727221754777,0.870511246929051,6.678727221754772,0.8705112469290542,119.36514168593494,6.0230195182495505,0.5926356762510965,4.624758860352153,0.4535059531970698,122.90138252388138,8.44897388609558,0.978039821945198,3.0467993475369277,0.35816350528361596,127.60345641293061,10.184843965290092,1.3701024013601737,1.5972570901177228,0.22083700292801958,116.41251891567347,7.10524850931471,0.6679830050090763,1.4483158928858122,0.1369793875042902,115.12093934322981,3.820342719103942,0.22981043406926638,1.557282460738236,0.09175014436023643,109.80863519951961,2.64280686540157,0.21920559237138537,0.5124600338301322,0.041163298137285614,114.10792306439276,3.186153115012247,0.000608482507535868,0.08330184316277774,1.5521769926125953e-05,119.56156163301179,5.152371280486379,0.2736612931829141,0.9659180309762727,0.05087039290848167,126.82596955518669,8.80209667465357,1.7575220028494432,2.0435105235173023,0.412523461865006,134.2218159742609,15.48302475095813,1.2692543462035744,1.4010533310845814,0.1238438523343486,132.76470938659168,20.516353933129096,1.1589950302227647,0.7107726392767392,0.04523139343629464,132.96484843719708,12.380698029801952,1.3422652716723382,0.6908759625861196,0.07853817756984499,120.24681026479203,4.547072043085443,2.1038551370218705,0.643959778147109,0.288468815016863,123.78759567116725,5.134906639168801,3.0196283704523985,0.48297734032506656,0.2740697172838548,114.56280072511287,3.384608608754114,0.3106490217447577,0.160982437822047,0.014399097733007746
2022-04-01,121.81484690781447,6.922434522625998,0.5520847833818898,6.922434522625996,0.5520847833818936,120.23675859117819,6.438630870095419,0.7302105899028577,4.944574386790909,0.5572438611361604,124.23836062933178,9.16161890515854,1.087846269907189,3.307245738794887,0.39879989449147674,129.31844907983705,11.034235890235111,1.3440017340569987,1.7347050567470892,0.2177029476217738,117.4414387246107,7.708428500399633,0.8838566663801561,1.5712038933591472,0.18088343377617086,115.57107788192766,3.961975756094138,0.3910136081810345,1.6139110228553823,0.1551177770271483,110.04159217806875,2.6729445422270848,0.21214814128767134,0.51757981464638,0.039580793808350334,114.10792306439276,3.185851257456407,0.0,0.08302610567151415,0.0,120.3158007672244,5.429191798412791,0.6308374731067046,1.0182572737558557,0.11657135676536945,126.81328170742994,8.49005587780951,-0.010004140162500619,1.9701763830020917,-0.0023688084912982577,135.69141002391112,13.771660201346592,1.0948995429566066,1.274671839111211,0.1072539902204172,133.1169059334578,15.722282949420974,0.26527873897614906,0.5669250115128752,0.010382480451659258,135.14980654252102,12.53485364053013,1.6432599525399771,0.7077133908713439,0.09659955430886191,119.30008641292086,4.995935490806569,-0.7873172267824913,0.6967071108244157,-0.10927245739976849,122.26076700558022,5.857736011112391,-1.2334262228042125,0.5387139891407925,-0.11433428730906063,114.68860721996404,3.3269736916478054,0.109814437195066,0.15799312168362079,0.005061829909291282
2022-05-01,122.04886850343564,6.872873283061964,0.19211253928534955,6.872873283061953,0.19211253928536,120.89192821833467,6.500577360613158,0.5448996087662028,5.004489630626555,0.41656456532323693,125.209998703136,9.332362840284558,0.7820757364169761,3.3818590632508,0.2882333201865521,130.72597731595604,11.288727777374753,1.0884202881601412,1.785667664212531,0.17769208297891959,118.07210546242638,7.807939167040767,0.537005289329362,1.5947518778254777,0.11026206260496778,115.93904488535998,3.9181912135334507,0.3183902150746043,1.598019276541286,0.1261052513909216,110.34966432808035,2.748914017165216,0.2799597351454963,0.5321163204567245,0.052055921056574195,114.180038063556,3.2498590200368938,0.06319894116602054,0.08449361159999078,0.0015894625044737662,120.78992412840724,5.238831451935266,0.3940657487707,0.9858589394692803,0.07287575448476352,125.63471214202423,8.091936215375672,-0.9293739185180727,1.8627461234630496,-0.21882963445331804,136.49848223122999,12.240321618560834,0.5947850399495858,1.1524728287553367,0.05857838393599899,132.45274215501738,11.826726293570399,-0.4989327041393321,0.4380652358423568,-0.019471532588829214,136.91744006894248,12.506793625426194,1.3079068121827575,0.7138400121643506,0.07772006573560736,116.88786174714758,5.229421045512961,-2.0219806525739625,0.711239891184647,-0.2768943317871595,118.48912413575182,6.2510378827834945,-3.08491674165291,0.5537662650259515,-0.2808831377195931,114.78829214837266,3.320862539703673,0.08691789954118345,0.15747362615869506,0.003988805932432803
2022-06-01,122.98240372776253,7.194734664984215,0.7648864227697505,7.19473466498421,0.7648864227697536,121.72716297808167,6.68819293734324,0.6908937362952283,5.151565221700088,0.5300338359122568,126.3921207496293,9.676706033227877,0.9441115396031874,3.5123962960152726,0.35000032151187604,132.34876670764345,11.816428582337114,1.241367190367404,1.8747448920890273,0.204474704266005,118.90452301688559,8.005382883298552,0.7050078011221039,1.636032657892654,0.14525593374491474,116.4583896092443,3.9569997682368463,0.44794635353246903,1.6130137309114734,0.17764234040947097,110.69584165227006,2.8855434503522126,0.3137094492290382,0.5569971395054916,0.05838251217307788,114.27982145687338,3.3102400791427344,0.08739127697772187,0.08569215402608378,0.002195075283371957,121.55854548409785,5.1656401933465546,0.6363290326049986,0.9744469198798135,0.11791542554178215,126.89558776674785,8.857018332654443,1.0036045000829663,2.0354444004510057,0.2336628277619337,138.71910626210803,14.312565003474598,1.6268488810859294,1.3384910720728813,0.16086682699663024,134.3477976684458,13.104295125902254,1.4307408684755885,0.4845301080012212,0.05545150681491948,139.31682783762707,15.0974721121234,1.7524339977992742,0.8531269418743956,0.10529502110344077,117.52477655524966,5.124706161279691,0.5448938825486138,0.6982655564756314,0.07296996266914497,118.86857261602395,5.6202657962790115,0.32023907935836426,0.5001525083477238,0.02820423915211933,115.90918922388173,4.191640039964328,0.9764907679436607,0.19811304812791186,0.044765723517029045
2022-07-01,123.81407203355779,7.345298065581352,0.6762498378518167,7.345298065581352,0.6762498378518156,122.39413618120444,6.806837496701834,0.5479247086723538,5.237798049037331,0.42004343433684344,127.2375386688534,9.779574102224275,0.6688849860339019,3.551129929101924,0.24840958848580474,133.5863981757283,11.97465310010639,0.935128825808218,1.9047135048768944,0.15476029619013823,119.44385683582925,8.058383465576124,0.45358562084898413,1.6447227919618115,0.09339875477130481,116.96067147937134,4.082892438523955,0.4312972829285666,1.660603611896673,0.17050183024019938,110.96381017630212,2.908288341942722,0.24207641410218805,0.559627963243257,0.044849615724659474,114.35879429117874,3.278693627464069,0.0691047932159794,0.08450795570412227,0.0017240889008901465,122.37931285010957,5.418582613822753,0.675203345633224,1.0211310666307165,0.12495943026652079,128.2774497154558,9.104915754193321,1.0889755688338054,2.099162630485655,0.25413987829070683,141.0564842743819,15.445095108783779,1.6849719373605243,1.4465931137478554,0.16803942817523543,137.429247104864,14.804376955019416,2.293635988006937,0.5487177992623358,0.08948232121851166,141.1229637945247,15.861937135551818,1.2964234004830155,0.8971546237810942,0.07865903504237881,118.28351565429128,4.779831261552414,0.6455992696016155,0.654136901431547,0.08626726364571581,119.45454113799599,4.608691067382797,0.49295495779599907,0.4139242219136805,0.04322416750493193,116.99519678959369,5.1065925049937455,0.9369469090274807,0.24021267951786873,0.0430430961407821
2022-08-01,124.59168594878199,7.8497152823343574,0.6280497058633427,7.849715282334347,0.6280497058633513,123.26544730132343,7.148531358388732,0.7118895947997084,5.5135420657137715,0.5450446008388634,128.63189913568866,10.2196816490566,1.0958719269666073,3.7307549239024387,0.40695364044659155,135.53500431949655,12.814562665421114,1.458686041676871,2.0494212050594904,0.24202779639801492,120.40069065639555,8.184599799365033,0.8010741162531643,1.6792576442679035,0.16458601128177994,117.35925689105284,4.318169893565416,0.34078584419874325,1.755543425954266,0.1343927721217534,111.28052677535139,2.999555036402346,0.28542332725063346,0.5774156076966048,0.05265246857187378,115.64490748650533,3.6877695940956023,1.1246299012666272,0.09559113279785272,0.02788907404107052,122.73043043232394,5.782794753781784,0.28690926108110304,1.0874188884606775,0.05309755256152033,128.7390469698816,10.164046592189923,0.35984286829036094,2.32550958407249,0.08432266941175848,142.38178751821076,14.477918829056357,0.9395549950407922,1.3781421352786745,0.09463907172128334,142.2027961729796,14.27651429037493,3.473459375407306,0.5491973698944244,0.1376881475207203,140.14368405768883,14.613601281571897,-0.6939194802213167,0.8284488857066753,-0.04236214222944011,118.19377057797303,7.099852357025305,-0.07587285161573254,0.9483780824216761,-0.010135312867846741,119.09503221653958,8.059589251304677,-0.3009587731295227,0.6975390272430231,-0.02634116588749795,117.40684693508558,5.333660113111605,0.3518521758053117,0.2508390551786535,0.01620585301964886
2022-09-01,125.26009263501984,7.841813929612984,0.5364777602516968,7.841813929612977,0.5364777602517004,123.92767812327978,7.3016149607046055,0.5372396210411745,5.623209056229844,0.4116699054169408,129.84409105921566,10.553196601847814,0.9423727175545293,3.8561085818145195,0.35157841772953946,136.9333456722363,13.298960422530048,1.0317197094290353,2.1280735299560853,0.1725978273980769,121.44733612312241,8.40123573220981,0.8693018794334151,1.725829135316128,0.17891095907127913,117.5267849192771,4.290939329313592,0.14274803084326493,1.737967400959193,0.05613360498854887,111.55444406697175,3.0387980535756753,0.2461502470898047,0.5830157762518622,0.0452530969064224,117.9492874794683,4.444894545179712,1.992634213687161,0.11602963650877894,0.04965808203047309,122.45554494302175,5.575852608452103,-0.22397500630764178,1.0425371315164715,-0.041309951531285374,129.42655466514128,9.61341104459692,0.5340319906364632,2.2103589276624036,0.124807199282704,144.87255766804134,14.93787955204835,1.7493600784524554,1.4332157549597182,0.17675422661120851,146.61007487735708,13.450630523444861,3.0992911693637604,0.5344402682716543,0.12633003753095626,141.32455093079204,15.982008795925328,0.8426115533091805,0.8979950889708209,0.0507636720402981,117.73435183498661,5.811931423750494,-0.38869962498009336,0.7785025290063089,-0.051560388600416576,118.1794456062615,6.067647188607417,-0.7687865675315098,0.5280184733390428,-0.06666619962649019,117.79296443055965,5.337730038243271,0.3288713610438254,0.2504840556672678,0.015105811026076558
2022-10-01,125.89926282236078,7.600708646678367,0.5102744009645166,7.600708646678348,0.5102744009645047,124.57060570158428,7.387500789489865,0.5187925635667501,5.6725733168219294,0.3975375151854411,130.99687197384193,10.932217935129685,0.8878193110078092,3.9869734005481585,0.3325630028837059,138.41894864386614,14.011125783117384,1.0849095699347,2.2357563591005007,0.18239008138011656,122.32949681905014,8.522993626566521,0.7263730305565597,1.7487186497932057,0.14998968233683496,117.71081976318727,4.098811108343869,0.1565897033910746,1.653655286056347,0.06133549132425262,111.79939544961725,3.0411684539274786,0.2195801204463388,0.5804689863506634,0.04025177959919013,117.9492874794683,4.443887941636637,0.0,0.11515750404794887,0.0,122.59643675246309,5.149610123307613,0.11505547544368167,0.9607898543334394,0.02106031930308355,130.05159177552997,8.291189043361324,0.48292802972760285,1.9247859870785646,0.11286108254235704,144.76204403897054,14.574648696314242,-0.07628334230421752,1.3914942949774534,-0.007800605770644671,145.94886825358893,12.501267109329728,-0.45099671650892237,0.495010566557817,-0.018851661797818334,141.58041064515012,16.033950494683925,0.18104406677603713,0.8955538900888286,0.010940327805945968,118.81352792892585,3.914968171126576,0.9166195567558599,0.5349392911956,0.12046922681571566,119.71365174267818,3.0784566796677515,1.2982004853265172,0.27720182827443396,0.11111336885010575,118.03339114358488,5.531584478475127,0.2041095698605666,0.2577374629211645,0.00935585796560632
2022-11-01,126.56085024382357,7.099072402005713,0.5254895117188019,7.0990724020057225,0.5254895117187993,125.11746952624182,7.501635152195263,0.43899908937392595,5.722343684634168,0.3364223192908322,131.58231009119066,11.099561076044528,0.44690999756515914,4.0199178516361815,0.16803420367238106,139.32264822146755,14.242697811310068,0.6528727363234843,2.2603882562665407,0.1103855124919469,122.66907774628952,8.633372038283893,0.2775952947323024,1.756972772489424,0.05744424322249591,118.21836266020497,4.165936131334402,0.4311777779126613,1.6702545816628398,0.16829611355318827,112.02398153396645,3.002148730858112,0.20088309372872093,0.5687234929644741,0.03671787808147309,117.9492874794683,4.443887941636637,0.0,0.1140214670503901,0.0,123.48945788018803,5.3334403574658795,0.7284233958023245,0.9907163186832861,0.13280990923519084,131.0962364362281,5.830930895016406,0.8032540366758489,1.3824612417979771,0.18767072784823846,144.2261994455123,9.18516786576915,-0.37015544856081606,0.9077769572354704,-0.03763057754743076,144.87326174522263,2.466118648902671,-0.7369748880117433,0.1053739883555822,-0.03051092729788791,141.41074305169698,14.266688135593174,-0.11983832557060925,0.8002273866878484,-0.007217999797520268,120.83850010741605,3.44047116752233,1.7043279614603613,0.4755712800351385,0.22490152944391872,122.68575038725798,2.3279811409349094,2.4826731131452506,0.2142697334021386,0.2141585218896888,118.31087354144752,5.657405471841703,0.23508805023240154,0.2613015466329999,0.010743007554230771
2022-12-01,127.01272791171512,7.137211293918577,0.35704379910612705,7.137211293918575,0.3570437991061184,125.86666649648004,7.396561486326858,0.598794855007112,5.663333170717692,0.4584853052720982,132.56467172309846,10.970110896289853,0.7465757602423739,3.994530821207214,0.28048645395977284,140.53731278124476,14.301031782433338,0.8718356816232786,2.2809362458774083,0.14759381642362088,123.4581081161596,8.358603550601963,0.6432186369754733,1.7108402098450204,0.13277635602418017,118.75349556054728,4.072864871512927,0.45266478768652973,1.636539559327082,0.17651710195945197,112.3280985458957,3.0551710647939823,0.271474917928205,0.5781827954278627,0.04946058518008083,117.9492874794683,4.443887941636637,0.0,0.11365626840735578,0.0,124.35571355227393,5.068102327087076,0.7014814761972188,0.947382280753712,0.12815591058474615,130.55017378027435,6.307357368098332,-0.4165357227622568,1.4777664449556867,-0.09758750844584028,144.85921110736973,9.7834474492829,0.4389019916569259,0.9627631958079577,0.044221914964602066,146.82709262493506,6.7994908639007035,1.3486483676666827,0.2815993697513691,0.05513314389582329,141.1589301877571,11.93689888227112,-0.17807194736810805,0.6800813248922722,-0.010656624950139913,119.55756760709443,3.7975955447573817,-1.0600367425803614,0.5159268334086432,-0.1415218171890608,120.57922397097133,2.929518318209423,-1.717009848036466,0.262613582622498,-0.15099510001637872,118.55684587297023,5.481518992629564,0.20790340241765293,0.25331325078613987,0.009473282827316454
2023-01-01,127.81225413160107,7.251662736202524,0.6294851177762961,7.2516627362025075,0.6294851177762899,126.67178890563318,7.508571294468425,0.6396629318658142,5.749822711279691,0.49095700749774973,133.65978338752666,10.893136583184027,0.8260961613631768,3.9812592421583792,0.3115667075520631,142.26998460305683,14.269699258380486,1.2328909579401692,2.2926604868784786,0.20978781279828757,124.06264609017576,8.228731810580548,0.4896705313573779,1.6857350921931946,0.1013684374914386,119.29355431703523,4.3387390268645465,0.4547729344207774,1.7377647458904053,0.17750814613369667,112.81326453204969,3.262329874445302,0.4319186316109169,0.6155957023124596,0.0786250657418323,118.5870261942596,4.434420865465061,0.5406889082753441,0.11344539526403126,0.013480948413483473,124.93474464439076,5.435138659476979,0.4656248398859697,1.011886870629379,0.08535846058959863,131.32901661425865,6.429184745555894,0.5965850610778478,1.5057003060704162,0.1386927378405599,145.6402369386624,10.381896138062597,0.5391620079401083,1.0162883894074675,0.0543680018534254,147.54841466594118,10.654413504685255,0.49127312140457846,0.4257474616819474,0.02028182971227255,141.96655142710478,10.195181994900594,0.5721361293071769,0.5903248990712004,0.03405662763637093,120.32325712254062,3.5990517450420034,0.6404358425578849,0.4904671952355073,0.08429503435928992,121.04277403411751,2.5149494055366928,0.38443609759652997,0.22605170492245424,0.033108898248800256,119.890631279571,5.699398083935203,1.1250176206862639,0.26441549031305145,0.05118613611049249
2023-02-01,128.4948902417635,6.989445187515275,0.5340928495475517,6.989445187515285,0.5340928495475628,127.37061916440308,7.3390950531838195,0.5516857895569105,5.616137251055075,0.4234752170209797,134.48186040859864,10.492773773558062,0.6150518878879963,3.84251085749358,0.23242342593418577,143.1889755771286,13.751472922707663,0.6459486002165615,2.216501527974688,0.11057321517818547,124.79376071572351,7.915680374219702,0.5893108430206517,1.6232225089702803,0.12182583234283086,119.87643684997563,4.3701746140359266,0.4886119256630739,1.7447604297913073,0.1903851483741601,113.1749546571171,3.291549230898272,0.32060957243609245,0.6181002083900643,0.05824814200742815,119.61236248595759,4.824526723495581,0.8646277123252721,0.12306877005695209,0.021538663112188307,125.69022340360647,5.413635597394473,0.6046986859948866,1.0063307335127518,0.11067300379063955,131.9557171669522,5.873322633462075,0.47719884672121626,1.3785792618685135,0.11090183193421559,145.75750022818107,9.972833077337429,0.08051572284111241,0.9730705832751909,0.008111754467994446,142.30673405391508,8.429463442798646,-3.55251571078794,0.3289715378372325,-0.14646141761710227,145.629353106423,10.994813345904397,2.580045540656073,0.6433248487700843,0.15349069876362592,121.26156048101672,2.9654988583772246,0.7798187822662506,0.40661256878212937,0.10265197556017025,121.94422152787931,1.4855189295219118,0.7447346617384332,0.13482975488566076,0.06398280412087741,120.9045980703777,5.863496923868783,0.8457431410484828,0.27178281389646824,0.03866917143929357
2023-03-01,128.85507892258312,6.363445421378833,0.2803136219206248,6.363445421378847,0.2803136219206291,128.03284224361337,7.261500665315057,0.5199182382520595,5.541451636467371,0.3991602139813537,135.12074517169597,9.942412686399372,0.47507133018251935,3.6448469236973113,0.1796704091273401,143.864236366659,12.743212770904687,0.47158713637605043,2.0641602701085184,0.08081590872468182,125.39024464014125,7.711993356119229,0.47797575856096675,1.5782783482609193,0.09886425444958685,120.55327658003391,4.718808991479606,0.564614487920867,1.8719838533986228,0.2198996335944518,113.53312950668763,3.391804570196788,0.3164788982294553,0.6328140162639124,0.057375587925768384,119.67066196762329,4.874980416645913,0.048740347949016716,0.12328335368046477,0.0012181583431284512,126.80672733473726,6.059778412701022,0.888298151516187,1.1197758874203085,0.16269205018435173,131.30237693922118,3.5295668542763448,-0.4951208191339096,0.8357407832362896,-0.11500181072845753,144.58477493019325,7.720770934822996,-0.8045728666805751,0.7563100155302628,-0.08069296135934358,140.37044184845865,5.728730546699867,-1.360646928150866,0.22421108130824938,-0.05381585100485938,144.98149894579612,9.037464149237028,-0.44486509539971575,0.5312701788595299,-0.02700427657281518,120.94544923503477,0.5810041602802407,-0.2606854511256529,0.08063808360038774,-0.03439938071771949,120.98857818921846,-2.261145364988093,-0.7836725075508144,-0.20960024931230672,-0.06746916065547644,121.77637130917597,6.296608094779099,0.7210422537369698,0.29023833291269147,0.03306977993775414
2023-04-01,128.92887355660477,5.840032499629522,0.05726948028643708,5.840032499629508,0.057269480286432695,128.56476333565612,6.926338369445162,0.415456755252408,5.295043501100389,0.3197234292899777,135.91148557379753,9.395749336465254,0.5852102140916804,3.4627950987167777,0.22175441327255477,144.74746762869944,11.931026592607076,0.6139338617760393,1.947821986027948,0.10541054954477373,126.09401954131908,7.367570519123046,0.5612676673513173,1.512766332042208,0.11632113814538103,120.8503490352154,4.567986428820259,0.24642420646632246,1.8092486819097433,0.09624659280175331,113.92001008302826,3.524501807174385,0.3407644781938668,0.6553484833905899,0.061800687190544004,119.67066196762329,4.874980416645913,0.0,0.12260646205998867,0.0,127.04369339162378,5.591861236427187,0.18687183390593276,1.0341195799177618,0.03443313251129397,129.83998365761246,2.386738919954312,-1.1137599453250102,0.5619796241128828,-0.2566928539618302,144.47731277332934,6.474914475330462,-0.07432467001853293,0.6376926126467859,-0.007373594144882765,137.28171213219707,3.128683144739841,-2.200413189263961,0.1221011477249437,-0.0856058685519234,146.84933575458163,8.656711771451686,1.288327698614733,0.5144098965342936,0.07763875118885886,118.65120652874533,-0.5439056279721632,-1.8969235475995494,-0.07448359370843102,-0.24896273926299697,117.14808704583821,-4.181782991357041,-3.1742592572448936,-0.3807533318534363,-0.2703837299724851,122.34264640810059,6.673757205418562,0.4650122949442448,0.3062697381450044,0.021420990709489374
2023-05-01,128.74368912848036,5.485360665065286,-0.14363301486777225,5.4853606650652775,-0.14363301486777794,128.99596707386814,6.703540074981129,0.3353980725544714,5.142763457643374,0.25903659405537355,136.4041197578419,8.940277270704522,0.3624669261501623,3.314332881120261,0.1380747418504776,145.46276474257024,11.273036720923768,0.49416900039014333,1.8568646469611472,0.08531933674227091,126.41257010150228,7.063873898420536,0.25262939617751723,1.4554017662475554,0.052620454458432116,121.22299481297624,4.557524113503786,0.30835308357466396,1.8073799320184738,0.12066200469282169,114.25683949389744,3.540722293636245,0.295671858371227,0.6589417785078626,0.05377466787640077,119.74927871184119,4.877595718776329,0.06569425030771292,0.12251439931810842,0.0016371549074494275,127.49521913310868,5.551203921258607,0.3554098038483833,1.0286699790589786,0.0655728801329117,127.58861203871257,1.5552229661493167,-1.7339586431532217,0.3620926331445461,-0.3949554721376515,143.71827645909198,5.28928535310127,-0.5253671318127373,0.5230175720225446,-0.052052019494527146,137.41297033340328,3.7449041051793808,0.09561229909473834,0.1451419890806855,0.003635812118366693,145.51351096955048,6.278287774208735,-0.9096566750997237,0.3772310081343813,-0.05549328851142572,115.49331539644749,-1.1930634454728861,-2.661490957138135,-0.15977018253698747,-0.342486534262617,112.09818768707406,-5.393690345246982,-4.310697243215078,-0.47503550383238163,-0.3553267167305285,122.68227774462927,6.8769954221925556,0.27760666169978077,0.31526532129539386,0.012840182467911207
2023-06-01,128.83212964453142,4.756555197699686,0.06869503014070855,4.756555197699668,0.06869503014070506,129.36372265704037,6.273505019034875,0.2850907602108377,4.809318783797592,0.22123921935714363,136.79219295301934,8.22841814957087,0.28450254718581647,3.0558586440157476,0.10892500300520609,146.02874552378077,10.336310006088834,0.38908980054941367,1.7106203486699687,0.0676062614919398,126.66168909824493,6.52386123298081,0.19706821603471258,1.3433417803693135,0.04121044520494115,121.56930317557371,4.388617757362234,0.28567877169818345,1.7349224988714806,0.11229529211929166,114.59620748911776,3.523498063368957,0.29702203975146,0.6528002107713469,0.054257883990455336,119.81369203225428,4.842386437809809,0.053790153148303155,0.12081223780173599,0.0013433050444682092,127.88666110217424,5.20581715820565,0.30702482157929367,0.9634370895348262,0.05692897585863557,126.74034996044237,-0.12233507014509648,-0.6648415283433073,-0.02854997001507738,-0.14902366475398604,142.80669863241607,2.9466686172159973,-0.6342810734551119,0.29386632410895586,-0.06260269376376765,140.34790267724583,4.4660985240767115,2.1358481202477186,0.17423726555329327,0.08141366719864791,142.07073278061196,1.9767209645302541,-2.3659508770006554,0.1199353263448176,-0.14322678588408408,114.69778610505428,-2.4054420974511603,-0.6888098143710164,-0.3214237025599076,-0.08640258993246655,110.77855222148354,-6.805853066540357,-1.177213916494646,-0.59676310849446,-0.0929872400155871,122.85619594025601,5.993490906882237,0.141763096368952,0.27533940593455025,0.006584650083121926
2023-07-01,129.3451500358179,4.467245048495783,0.39820842262097145,4.467245048495793,0.3982084226209809,129.85012935456098,6.091789530111091,0.37599930454237374,4.66406169873565,0.2924180337658102,137.239790652121,7.8610857203857964,0.3272099740775358,2.9192256622804758,0.1255461916536191,146.60748113524434,9.747311954909698,0.3963162248554086,1.6172914293049734,0.06908236659446593,127.00282301780975,6.328467936505078,0.26932683591500695,1.3002258768087076,0.056393250506219975,122.08569474150652,4.381834677684027,0.42477134642042724,1.7280263230938373,0.16733218206698347,114.90056770165158,3.5477851013719253,0.26559361710354334,0.6544652301166558,0.048627463008202615,119.97793800405952,4.913608741426034,0.13708447592202244,0.1218498617582043,0.003422909757918138,128.68571969163085,5.153164121165954,0.6248177742463668,0.9536827140076616,0.11613052024941459,127.34136873790227,-0.7297315152662631,0.4742126541764202,-0.1709993854081019,0.10551519150522777,144.72618388389517,2.6015816489336485,1.3441142956605034,0.26205094279927643,0.13173033962494746,147.41850373772513,7.268654120792006,5.037910026157899,0.2881299052888281,0.19600056395885898,140.54854569241982,-0.4070337574126115,-1.0714290398872839,-0.024848447716437422,-0.06328270004789448,114.45873541683952,-3.2335699664444273,-0.20841787477554607,-0.4319495391576022,-0.025945518119452775,110.32786938643444,-7.640288652583127,-0.40683221256405666,-0.6687098991443912,-0.031735267249788465,123.00922372894118,5.140404994713776,0.12455846244789903,0.23676035998678793,0.00578974913033513
2023-08-01,130.0114926149826,4.350054841081952,0.5151662655926037,4.35005484108193,0.5151662655925927,130.17940404163392,5.608998216190497,0.2535805614593212,4.297999765296423,0.19716825325294016,137.57321896410477,6.951090583669517,0.2429530899161314,2.5932981540924205,0.09315200534129014,146.81510651216834,8.322648639226227,0.1416199059667722,1.3923074844842898,0.024685474022385672,127.41931211516604,5.829386376861012,0.3279368816060835,1.199745602944058,0.0685772235252033,122.40823775636761,4.3021581757303196,0.26419394634564775,1.69176167410571,0.10410270444221122,115.1451072463433,3.4728272618564926,0.21282709875436456,0.6384563512655111,0.03891498520712973,122.01366704465934,5.507168189742551,1.6967528151141664,0.13724315674366097,0.042256617610889106,128.83353455335393,4.972771707498702,0.11486500761490603,0.9171780441017395,0.02139734483612137,129.13623516283002,0.30852193044534904,1.4094920156088486,0.07210384158874948,0.3138579410430669,147.3730603598119,3.505555681384287,1.8288856963437405,0.35419911025621825,0.18092923342681896,154.41643524707686,8.588888125125372,4.74698313435733,0.35009119824615204,0.19321672273943924,140.27132971287008,0.09108198920237953,-0.19723859694458223,0.005487292703843208,-0.01147913767411617,115.68946968767052,-2.1188095430549003,1.0752646063656668,-0.2810567244971606,0.1330487137825432,112.13992646510106,-5.839962945551491,1.6424291421052395,-0.5064190140438212,0.12709166018812854,123.16730048927377,4.906403420724814,0.12850805455120184,0.225362289546663,0.005957053594415873
2023-09-01,130.57535574179835,4.243381108032551,0.43370252542642707,4.243381108032553,0.43370252542643206,130.60801172934828,5.390509777342145,0.3292438545634102,4.130610214870096,0.25533303318512635,138.03688671745783,6.309717747961163,0.3370334406975317,2.3635199815924226,0.128873918173492,147.10381467286902,7.427313596044582,0.19664744831742187,1.248646310032791,0.03414982652225489,127.99849723790479,5.394240272294537,0.4545505019013518,1.1138634707708004,0.09487724452953247,122.80173891758392,4.488299413559127,0.32146624151185854,1.7580469454844316,0.12635394149564944,115.41438713390083,3.460142802210342,0.2338613372268039,0.6342874080458023,0.042632430461782604,125.77669530327888,6.63624850228377,3.084103895707191,0.16777611810595489,0.07771066826645692,128.8541765865573,5.22526901212419,0.01602225171801752,0.9564589031115366,0.0029727792518907396,130.15222961122532,0.5606847435300599,0.7867617072111699,0.13103295568798987,0.17675053101668173,149.0024582638454,2.8507128349781974,1.1056280571600574,0.2915090807413789,0.11080787514654837,156.94932531949237,7.052210054994057,1.6402982418048495,0.29478236540840047,0.06957605018543939,141.27567117005702,-0.034586885585763394,0.7159990992049448,-0.002090053945612835,0.04137526595649552,116.3034948560928,-1.215326671097039,0.5307528594261646,-0.1597276245269703,0.06603907232454855,112.94930930798807,-4.4255887912172724,0.7217615245528997,-0.37878747180851075,0.05647647445293557,123.42236145981418,4.779060495224341,0.20708497265686798,0.21905984728154138,0.009562597871614358
2023-10-01,131.00803003771813,4.057821388966842,0.33135984463665835,4.057821388966858,0.3313598446366526,131.0632343823312,5.212006993287277,0.3485411399771099,3.994166555885964,0.27001720653724226,138.46607531964767,5.701818091730626,0.3109231252573341,2.1438331381007902,0.11877549421279779,147.68193681465428,6.69199431258547,0.3930028212190795,1.1314597481092323,0.06808784227251777,128.30875361870034,4.887829145978362,0.24239064324238502,1.0114639967595787,0.05060412432457537,123.27588522633785,4.72774335812669,0.38610716178224536,1.8453196658265247,0.151591788233781,115.76148590761021,3.5439283388419396,0.30074133938491343,0.6477674465268949,0.0547154255084842,125.78663877659642,6.644678797650538,0.007905656364681768,0.167136396660059,0.0002044569148558498,129.53336310431413,5.658342555140927,0.5270970144305664,1.0316581887683092,0.09739121229901476,130.50826429863983,0.3511472000266469,0.2735525073047196,0.08204135628572504,0.061671176141914835,145.96617146114903,0.8317977479333827,-2.0377427581227403,0.08456185037687963,-0.20559227490672258,152.1792979278414,4.268912632763255,-3.0392149707817673,0.17673394995950167,-0.1304622391337429,139.4373290421681,-1.5136851159115006,-1.3012446606437078,-0.09117099065040866,-0.07540606443279266,118.79220138651777,-0.01794959107757066,2.139838130835492,-0.0023686113104541473,0.26650723591471165,116.73583172084844,-2.4874523318614505,3.3524086477902726,-0.21457078333910493,0.2630720095849344,123.51438584911145,4.6435967419245605,0.0745605481930589,0.2122021720286505,0.00343522632977257
2023-11-01,131.75373129378497,4.1030706098743375,0.5692027090645757,4.103070609874327,0.5692027090645727,131.36505611049418,4.993376710629538,0.2302871049882249,3.8233291858935976,0.17843554736242762,138.5269705238689,5.277807045540817,0.043978428709445794,1.9828575500590204,0.016796742287311598,148.31112184693004,6.451552378744907,0.4260406152889251,1.0921888808943025,0.07385699822312883,127.9552580302862,4.309301399436483,-0.2755038751795724,0.8895471989392735,-0.057466201547762996,123.78895814904718,4.712123703534754,0.4161989360427665,1.8374975099640192,0.16349546061289774,116.08534554404834,3.6254415835509812,0.2797645813708671,0.6605268126687521,0.05088348250928225,125.78663877659642,6.644678797650538,0.0,0.1662627035907893,0.0,130.32779961212378,5.537591507260853,0.6133064785555531,1.0116804308312757,0.11354112961163182,132.74041783342534,1.2541789466221864,1.710354165524497,0.29383361824153703,0.3853694506546068,147.50298234036018,2.2719747919904387,1.0528541399883018,0.22891460499832414,0.10371647020232122,152.31141971993222,5.134251748808216,0.08681981970601882,0.20988972904343006,0.003601651705093335,141.87857089355472,0.33082906698729264,1.7507807042462353,0.019798296933318492,0.09980540085677989,121.42884983581679,0.4885444025504837,2.219546753511259,0.06522386333343996,0.2814173358042426,120.73996283005212,-1.5859931174272313,3.4300788799610515,-0.13947339304143924,0.2772717997398658,123.62580631867272,4.4923451396571945,0.09020849579204349,0.20469725637487846,0.004145536064377233
2023-12-01,132.5765738008586,4.380541998130161,0.6245307051220061,4.380541998130155,0.6245307051220085,131.8606577771172,4.7621752823689745,0.3772705476608351,3.655086467167839,0.29133900119614914,138.89709180603114,4.776853441133899,0.26718355332724375,1.8016165293117197,0.1015128494240848,148.90677119847672,5.955328340637589,0.40162149954030557,1.0133542622174452,0.06952467000154278,128.15227718245313,3.8022363520076707,0.15397503408598467,0.7871144643067404,0.03184724963835693,124.39145863302879,4.747618624503525,0.4867158533285121,1.8531027614006925,0.19090574440550667,116.29149024502925,3.528406294097608,0.17758029664709518,0.6422996289894406,0.03220528683865509,125.78663877659642,6.644678797650538,0.0,0.16567118489820462,0.0,131.45553167291658,5.709281799632149,0.8653043051053633,1.0466269488718865,0.16026361592282617,134.65846004918464,3.146902183236344,1.4449571931935745,0.7315846607371415,0.32926561119478154,152.3233939684185,5.152715387574691,3.2680096033145256,0.5195893546211411,0.3234792443547461,164.38509577419006,11.95828565107282,7.926967049784395,0.493688546469512,0.3272666633827959,141.81772950751278,0.4667075040023283,-0.04288271700142454,0.027780947338799048,-0.002473303025327876,121.4886310275657,1.6151745632843495,0.049231456799381235,0.21259146703051962,0.006344511376836949,120.70067759800578,0.10072516892603023,-0.032537058257697815,0.008674782076695248,-0.002704965483012665,123.87041550766021,4.481874998921032,0.19786256306144612,0.20391668495382584,0.009049476859850346
2024-01-01,133.64593078709956,4.564254574128612,0.8065957322499706,4.564254574128611,0.8065957322499736,132.3291282947542,4.466139965336402,0.3552769457807914,3.4282187920517586,0.27368075889811205,139.39073410878845,4.287715104734047,0.3554014676179662,1.6202948949463607,0.13455054527020602,149.70177012848717,5.2237199196763395,0.5338903822921459,0.8941942230624707,0.09221698925766346,128.41463889036942,3.5078993857912577,0.204726528224497,0.7251737644235898,0.04214635955247351,124.83323915283519,4.643741958662462,0.35515342022776064,1.8094104039959176,0.139111902622783,116.76908948672371,3.506524672504452,0.41069147939212236,0.6370631591709599,0.07415061487470995,126.50495604930698,6.676893846782939,0.5710600741835048,0.1663275015959677,0.01454703308671678,131.80935497188565,5.502560834508041,0.269158166618233,1.0070882411358064,0.04997025542871568,137.73990624192518,4.88154849015332,2.2883420704610913,1.1344802569273125,0.5257011583845086,159.14086636584406,9.269848574104934,4.475656837608977,0.9339136871070585,0.454654835976095,182.21512900801014,23.495145251513925,10.846502324220776,0.9686466044912199,0.48029773016706395,141.23234024208372,-0.5171719518720863,-0.41277579852809776,-0.030767319034844948,-0.02364934494417396,122.16880023559021,1.5338207734603149,0.5598624350867665,0.20190554027611163,0.07173757819175462,121.3363135391981,0.24250890432984118,0.5266216841874893,0.02083480267600922,0.04349476440838087,124.63859219726511,3.9602434877687998,0.6201454047414456,0.18107073760010445,0.028242813783376994
2024-02-01,133.76650445490424,4.102586650116735,0.0902187347527672,4.102586650116731,0.09021873475277399,132.92255948218937,4.358886181294408,0.4484509155938232,3.3464760664971758,0.3439089030127821,139.92477963345786,4.047325942935287,0.38312842534613534,1.5306853136338636,0.14439841420553629,150.31082257955362,4.973739754558726,0.40684385397962153,0.8523500049505497,0.0700825896902201,128.8808390100513,3.2750662139576336,0.36304281483039436,0.6774129727640793,0.07429217111445016,125.47394691208333,4.669399766288462,0.5132509286759124,1.8185847506214798,0.2001376349576468,117.23144891947327,3.5842685112143613,0.39596046760483894,0.6498048187896478,0.0712101501632185,127.29073371305866,6.419379291168581,0.6211437783081086,0.16043833846698935,0.015785881842817748,132.6185731929968,5.512242401815581,0.6139307951880557,1.009568708359694,0.11337096580467246,136.27478919187467,3.2731223153127376,-1.0636837863655768,0.7602487684826775,-0.2479520590044246,151.44463477209734,3.901778320164073,-4.836112665149184,0.39132073707715387,-0.5091521779165527,164.9363856565218,15.90202442143962,-9.482606326683651,0.6289515371212764,-0.4617230828704398,140.00686014260322,-3.8608239643219244,-0.8677050152818611,-0.23436039196967365,-0.04911245862751125,124.65308105530478,2.7968637058888968,2.0334822106166994,0.3690669311194896,0.2599210672898033,124.81863906574235,2.3571576429358476,2.869978018097008,0.20293610681654473,0.23637903459814347,125.28407707022008,3.622260087489071,0.5178852404986722,0.1661308243029425,0.02354203269165627
2024-03-01,134.16918708466315,4.124096781061137,0.30103397812466515,4.124096781061119,0.30103397812466404,133.49262312996592,4.264359667938944,0.428868997104237,3.2817271100356407,0.33006901816797984,140.27188044767044,3.8122460540230163,0.2480624340605253,1.4445790018764726,0.09376659335054532,150.77829958923436,4.805963870655017,0.31100688670193666,0.8251691659953935,0.05374326723863095,129.13180714676184,2.9839342903896116,0.19472881976736467,0.618411950303713,0.039957436471114015,126.23682499049015,4.714553242924913,0.607997195578247,1.8413762702975571,0.23808513290837538,117.67187112647996,3.645404330679125,0.37568605614455297,0.661126693478842,0.06777035332662229,127.3115368579871,6.384919047603366,0.016343015961650664,0.1592085751857114,0.00041754811225075823,133.8426771637029,5.548561954755393,0.9230260447190108,1.0223818380858412,0.1713416171590354,136.1153079546467,3.665532283283346,-0.11702915717111129,0.844810362443633,-0.026965802815759353,150.70834641655003,4.235280989518642,-0.4861765863513945,0.42017331659147245,-0.04866601343270908,158.25031253050798,12.7376322583298,-4.053728411350955,0.49555059844649446,-0.1785043963155725,143.22135853095926,-1.2140448454701858,2.295957773127655,-0.07316222867126743,0.12870842823805523,124.85955180367907,3.2362545208608706,0.1656362976561132,0.42474394473375,0.0215827951589975,124.99110222104876,3.308183377087559,0.13817099481079342,0.28179140027342126,0.011696186303891168,125.55539662848292,3.103250062947316,0.2165634808570127,0.14295254446033032,0.009886608855107526
2024-04-01,134.46881918485232,4.296900667339898,0.22332407812839516,4.296900667339898,0.22332407812839442,133.7937255313022,4.06718144223881,0.2255573336386707,3.141189274519853,0.1738161887032473,140.74278841049713,3.5547421296313386,0.3357108789900032,1.354110034553959,0.12683033208635405,151.27869690833214,4.512154434636706,0.33187621856791694,0.7790331310502222,0.05735527574427569,129.5695172336935,2.7562748059082542,0.33896380497036027,0.5741075072566232,0.0694800586228387,126.38429072419997,4.579168974821912,0.11681673213892463,1.7918799511385077,0.04588416654267446,118.00278751962205,3.583898415755171,0.28121962366554065,0.6518136290401453,0.05076722359549862,127.3115368579871,6.384919047603366,0.0,0.15911744944936673,0.0,133.80495956045243,5.322000634841784,-0.02818055051627688,0.9819056928565889,-0.005263604295440381,136.40929071099623,5.0595408812642795,0.21598067165780055,1.1524458010864553,0.04955873423839682,154.03470032780962,6.615147645689445,2.207146445669128,0.6554117556317335,0.21920016870012246,164.4173735972992,19.766406641965183,3.8970293127239763,0.7516495418043339,0.1641536838023948,144.61218419281147,-1.523433218321768,0.9711021289827704,-0.09293651267161068,0.055521483228104594,123.23789680779659,3.8656920677330397,-1.2987832908708974,0.4974457926499974,-0.16900603430598016,122.3637273964364,4.452177139313762,-2.1020494882634133,0.3669887714116461,-0.17764973910036175,125.79332108452824,2.820500273401949,0.18949759423669832,0.1304570212383506,0.008643704794380536
2024-05-01,134.34401183517906,4.3499784297075905,-0.09281508563088181,4.349978429707609,-0.09281508563088899,134.0782726619771,3.9398949466370903,0.21267599025662776,3.057479946731758,0.1638933799059071,140.87355995551448,3.276616722139458,0.09291527224537521,1.254489598902809,0.035142410496095115,151.661097480903,4.2611129723143515,0.252778864695391,0.740389281462015,0.04373288507663686,129.51420822027399,2.4535836240662245,-0.042686748087317206,0.513087678621462,-0.008759931905924114,126.80282369961868,4.602945914057854,0.3311590174858381,1.809336944974352,0.12993693240965146,118.4596055269002,3.6783496302006835,0.3871247594063876,0.6719348762090929,0.06992613803291954,127.37815166784252,6.370704724125376,0.05232425238077543,0.15909602951195714,0.001330068810713288,134.2275158732681,5.280430737666086,0.3158001872305416,0.9791049220108163,0.05883759821844117,134.91229562168652,5.740076223065915,-1.097428981198445,1.2866332174827437,-0.25179663455153933,155.01721726744694,7.86186773647477,0.6378542870836057,0.7759558323832009,0.06460165936833524,164.28210209943504,19.55356303035989,-0.08227323846898837,0.7453373009111148,-0.003592608396903556,146.31838569257104,0.5531271410178507,1.1798462966887246,0.03348447483139165,0.0679594539984823,120.200793471863,4.075974491905798,-2.4644232128290033,0.5112801026520126,-0.31581627946649604,117.6073647244428,4.914599558690291,-3.8870691284058734,0.3882005150815825,-0.32088447022178607,125.93313838544023,2.649820903698763,0.11114842958794835,0.12307958757043196,0.005068190755292113
2024-06-01,134.7209335235816,4.570912469815047,0.28056456201781543,4.570912469815056,0.2805645620178188,134.342938926341,3.849005089704449,0.19739683328940938,2.9934058033851327,0.1525840248607642,141.1398792703908,3.1783146563522546,0.18904847365284194,1.2194778050602988,0.07163483014881013,151.93039223447332,4.041428069195785,0.17756350049109582,0.704466277006954,0.03082625491855595,129.77132548876352,2.4550725737650714,0.19852437197642736,0.5140576585802017,0.040760484925097304,127.06314060270216,4.519099216349143,0.20529267053244205,1.7802300913688405,0.08089255923371491,118.8828872443653,3.7406820427758225,0.3573215659315787,0.6848804562558969,0.06485285755827809,127.45784990375024,6.380036990628857,0.06256821508570098,0.15930535331749124,0.0015927782022486013,134.32892451341985,5.0374787766947815,0.07554981517166048,0.936281032959663,0.01413346276368456,135.66242750369477,7.03965039234713,0.5560144674372269,1.5663649055683346,0.12629043164045414,156.3576787806618,9.489036773496107,0.8647178273766709,0.9299760004948107,0.08821882191733692,167.72947039724667,19.50978047956262,2.098444233276875,0.7590306212006884,0.09164199671267768,146.24194433342123,2.9360104443541646,-0.052243167383225764,0.17341201458110211,-0.003047552808869739,120.56751896186913,5.117564214743098,0.30509406752956547,0.6370751798715539,0.03816975036629926,117.87980248298297,6.410311489990983,0.23165025351812307,0.5000413979196026,0.01839688584543548,126.47811049220105,2.948092706456862,0.43274718135972723,0.13703378195195326,0.019772864520865116
2024-07-01,136.00418025454692,5.148264327564678,0.9525221488616564,5.148264327564667,0.9525221488616766,134.75941873919064,3.780735074375352,0.31001243249413335,2.93966117251586,0.2394350162663903,141.30375153943382,2.961211808909159,0.11610628398588396,1.13537480974373,0.043955200707495576,152.25093483913702,3.8493627065911085,0.21097990991099103,0.6709744823484317,0.03658995406522559,129.817584121336,2.216298060659283,0.035646266537137095,0.46346591685553296,0.007312807087396122,127.70057383300043,4.5991294093729485,0.5016665157768996,1.81223610994107,0.19752593965975024,119.29567382097002,3.8251387327612463,0.3472211906800693,0.6994185330338327,0.06306790457919004,127.649189343142,6.393884964769869,0.150119776487867,0.1592358943492389,0.003813241597132782,135.27551035739125,5.120840666354809,0.7046776019388412,0.9539231822121222,0.13155787657345658,139.85094740863383,9.823656518471346,3.087457582774711,2.1874778815755884,0.7031963968872755,164.02567324154478,13.33517463096545,4.904136797553527,1.3192311189358599,0.5032362585985255,183.05646098686728,24.174683873163083,9.137923439047713,0.9839835236463156,0.40630014756301364,148.71297117143925,5.80897186719147,1.6896840706550398,0.3380777841737339,0.09823890920525423,122.4997160924075,7.025222361826788,1.602585130037748,0.8692714274643858,0.2005454830218818,120.50339834120606,9.222990538438491,2.2256534223509927,0.7136777772507618,0.17666771068301101,127.13806691698113,3.3565313745399505,0.5217949748077322,0.15559365021362284,0.02387777233886743
2024-08-01,136.01335831355038,4.616411655500174,0.006748365371045395,4.616411655500169,0.006748365371025728,135.05302415831392,3.7437720294996257,0.21787376486945842,2.9033455130494437,0.1672016666824449,141.5506970685121,2.891171795177039,0.1747621888222639,1.1055183028307949,0.06561283367414104,152.66333333895227,3.983395827390024,0.2708676306329316,0.691757140195708,0.04663113709897412,129.9387181815934,1.9772560568763975,0.09331098023219742,0.4127079513080609,0.018968824873945203,128.03242813070906,4.59461754978896,0.25986907321389197,1.8059378003443742,0.10186376147570518,119.60278785186269,3.871359115574524,0.25743936980779925,0.7057406335073577,0.04647991448989816,129.45158956361928,6.095974901104739,1.4119950387088798,0.15360127262890802,0.035581469717950794,135.4198375528769,5.112258250428892,0.10669129623266382,0.9485317996907423,0.019869541640821352,138.8860092708647,7.549990981029464,-0.6899761178947639,1.6961487866490006,-0.16047166218055547,160.65688730588394,9.013741665973107,-2.053816252715479,0.9033721192748179,-0.21900114024286677,173.26089772521124,12.203663714929004,-5.351115829972697,0.5176392301328461,-0.2572185758961798,149.6787530926473,6.706590291140624,0.649426821077137,0.38755210343884905,0.038033646627704316,123.06881765151272,6.378582237229002,0.46457377801261135,0.7936568710112628,0.05851053290025603,121.10506732611576,7.9946020508625315,0.49929627976637025,0.6255624927729628,0.04013291414096457,127.65084312397082,3.6402053279453783,0.40332232463824447,0.16809437823829532,0.018377618759289366
2024-09-01,136.0802710763883,4.2158915082532555,0.04919572876338485,4.215891508253243,0.049195728763397825,135.43346440795483,3.6946069499978806,0.28169694978095183,2.86223728985628,0.2166375254277327,141.84199343552393,2.7565868867027055,0.2057894260109716,1.0530415501827002,0.07739152207680644,152.76030951391797,3.845240080026424,0.06352289894679952,0.6661888564989574,0.010964647457057627,130.3629458339356,1.8472471529381584,0.32648286690757367,0.3856515389169648,0.06642687461973525,128.48609783973401,4.628891229272458,0.35433969006803956,1.8173760252103426,0.13924600335093895,119.94122644701397,3.922248712252152,0.2829688180600476,0.7135949706146576,0.0512172479729065,133.13831870724886,5.852931169974895,2.8479597323273653,0.1513691203709475,0.07277539584990937,135.53064147607634,5.181411318114448,0.08182251965569431,0.9573644241490141,0.015253359528119684,137.87909081148,5.936787424491619,-0.7249963222868083,1.3384218868265865,-0.16744179666431494,158.01401101046235,6.047922196464572,-1.6450438818658708,0.6101879532505351,-0.17179894384686611,167.3113186685195,6.602126723344526,-3.4338844683395653,0.28340484093847684,-0.15621755943490787,149.2830709476088,5.6679254900959375,-0.26435424992723444,0.3284516491272439,-0.015581384411958072,123.11120021869137,5.8533970720501705,0.03443810380843182,0.7290143361331111,0.004357147182544732,120.87975492302526,7.021243125456045,-0.18604704829052743,0.5509747566173447,-0.015027919635154529,128.19176586082332,3.864295209229196,0.42375179326248347,0.17803957951576277,0.019385066817701413
2024-10-01,136.82771233971403,4.4422332740369885,0.54926497236778,4.442233274036981,0.5492649723677752,135.81249440393466,3.623640179479448,0.27986435821956146,2.807739577528546,0.21572834282534054,142.18221399788294,2.6837899966880574,0.23985884160155901,1.0250236365982326,0.09034524005448305,153.29552997802674,3.8011372849326097,0.35036618203498904,0.6589526435378664,0.06048514564814815,130.55373773373915,1.7496733868293424,0.1463543943281076,0.36495705704594095,0.029860094406336288,128.89480256482005,4.558002019750829,0.31809256562203014,1.7905202900785526,0.12538310277088097,120.22898683024505,3.859229075722448,0.23991782621815005,0.7019152110377926,0.04352650102388925,133.15344829467392,5.856591439064784,0.011363811389508705,0.1509754847090138,0.00029850858635006226,136.1233897470981,5.087512965657326,0.43735369696924487,0.9418487970239661,0.08155809316064458,139.88581444236172,7.185407141928879,1.4554227323891222,1.6189842190758534,0.3335366295424108,160.75072054743632,10.128750338719673,1.7319410598296558,0.9977813571633413,0.17781105460899724,174.49358586244585,14.663156052398918,4.29275631265329,0.608289457142365,0.18849141069307712,149.01171474987143,6.866443708777492,-0.18177292040876258,0.39143004326752506,-0.010680356084079082,124.62670940553328,4.911524452713523,1.2310083762889112,0.6227344046857514,0.15572557493342085,123.23301137855405,5.565711540259888,1.946774674574181,0.4499065209889066,0.15688066487682206,128.15951826521902,3.760802747124692,-0.02515574646136942,0.17282788369684596,-0.0011550899434010324
2024-11-01,137.4243929254272,4.303985607054872,0.4360816792958966,4.303985607054864,0.4360816792958984,135.8756646716206,3.433644147597703,0.04651285433139307,2.651557251491138,0.03575752438663039,141.79815548863377,2.361406556711798,-0.2701171253775003,0.8971851195007704,-0.10142924895781774,153.66182361754105,3.60775490332641,0.23894606683365627,0.6245382017330333,0.041168637852549504,129.6376000533174,1.3147892856681276,-0.7017322493593992,0.2719429344573437,-0.14259788681035612,129.3444393019175,4.48786485962771,0.3488400836576311,1.7602861627773259,0.13718677334440543,120.53253448747991,3.8309649875178264,0.2524746030368341,0.6947692318424927,0.04566366220668757,133.15344829467392,5.856591439064784,0.0,0.15012099195592607,0.0,136.79221537715082,4.960120392016254,0.49133777177847726,0.9186673690942582,0.09152311113770754,142.30759464589164,7.207433100347815,1.7312550333885346,1.6423738198682938,0.40032415490931583,161.75195646912144,9.66012612265834,0.6228500365506484,0.956193731915514,0.06469751121001757,175.72821640388187,15.374288235910406,0.7075506731859305,0.6347310366312948,0.032224643608964765,149.84128573701074,5.612344974513506,0.5567152814339504,0.323697535400731,0.032472867601053994,127.91094240548178,5.3381816417016115,2.6352561305792443,0.6879372734267409,0.3356266436992984,128.21487885598114,6.19092125815075,4.042640378334594,0.514681695521177,0.3303036957482017,128.3089396152578,3.7881518722015617,0.11659013084737158,0.17325557790556254,0.0053229479510945735
2024-12-01,137.9487996391215,4.052168255858257,0.38159652921212484,4.052168255858272,0.3815965292121469,136.56743274755453,3.5695066669492403,0.5091184485505718,2.749700775983669,0.38987508383972125,142.3661394151465,2.497566769763515,0.4005580499657935,0.9455475042710255,0.14935236442152852,154.3235644631014,3.6377078228394977,0.4306475284371336,0.6283283504397933,0.0740517457087102,130.123487816872,1.538178390394429,0.37480465802726126,0.31665959492222956,0.07530061871282391,130.13620268458723,4.61827854957968,0.6121356178456105,1.8089577047069165,0.24052271941820574,120.81318395957473,3.888241267712833,0.2328412600698826,0.7020245007489992,0.04203570367387093,133.15344829467392,5.856591439064784,0.0,0.1491892592233323,0.0,138.2490290071029,5.167905258707317,1.064982847112672,0.9594416140279449,0.19848701574432703,142.25729473572915,5.643042912988161,-0.035345907073802696,1.2963770733689342,-0.008278554627583637,160.71607218219643,5.509776269505928,-0.6404153059643258,0.5597047577524891,-0.06664577708465244,170.78072582917636,3.890638640240085,-2.8154218348944826,0.1722827186082613,-0.12857197678727958,151.4301877061926,6.77803701417361,1.0603899728747646,0.38833704874212227,0.061926199702625466,128.48457829967796,5.7585201289533705,0.4484650674980939,0.7378639146517487,0.058367222457070184,128.77899204269585,6.69284929086722,0.4399748233185674,0.5527761424716323,0.03723897795631291,128.904620428253,4.0640897989733915,0.46425511330807634,0.18508777218011105,0.021128244500754092
2025-01-01,138.34300359843553,3.514564778495566,0.2857610652251319,3.5145647784955725,0.28576106522512507,137.13407394836756,3.6310566808168243,0.4149167846337676,2.784591750076751,0.31814054118882906,143.3199264104899,2.8188332078335154,0.6699535432102222,1.0623984496930388,0.249846548711681,155.49437271035475,3.8694282485076004,0.7586710761422921,0.6665445468164714,0.13052059152535903,130.89639339724516,1.9326102758381536,0.5939785301950273,0.3954845198553133,0.11932595718631649,130.36187376510176,4.4288161148312355,0.17341145343043873,1.7269774555913755,0.06829399247714425,121.21571183641683,3.8080474629363925,0.3331820780228645,0.6848452152425175,0.06006146983234433,133.60745618719682,5.614404652353344,0.3409659294126177,0.14268568977898202,0.008836298638243477,138.24458062757128,4.88222224974717,-0.0032176569799924337,0.9015710827103183,-0.0006037759934274255,142.05980860318064,3.136275084773188,-0.13882320264516634,0.7310874480195515,-0.03237947596371807,158.319487131136,-0.5161334442027155,-1.4911919004239604,-0.0543391945984119,-0.1536031556847228,162.76496482662174,-10.6742860964818,-4.693598158478607,-0.5197478535030904,-0.2075162003526512,152.8187668300642,8.203805564731415,0.9169764265007263,0.46433874910258344,0.05391304466793106,129.6805168168699,6.148637431810822,0.9308031617635271,0.7859229824143029,0.12122367972099675,130.20203308232493,7.3067322424154035,1.1050257631751714,0.6018019311083456,0.09358253976848734,129.686896860128,4.050354367668851,0.6068645400576722,0.18412105130595416,0.027641139952514552
2025-02-01,138.72647883802043,3.7079345112051687,0.27719163933870306,3.707934511205165,0.2771916393387046,137.7928140390154,3.663978918099775,0.4803620804672448,2.8198958942033907,0.3687955625891058,143.90232265633347,2.842629470845015,0.4063609718689687,1.0745024035923212,0.15212523079741677,156.09414279595964,3.84757405831182,0.3857181936236964,0.6648765981650111,0.06667127900404292,131.4514828075309,1.9945895892865328,0.4240677652600944,0.40928038743865564,0.08545395179336866,131.07988647008395,4.467811602299054,0.5507842778295524,1.7495467526478825,0.2166703317917003,121.61179119170926,3.7364907732607477,0.3267557887437489,0.674029008433846,0.058930879850924586,134.5946638025293,5.737990407012128,0.7388866186849086,0.14660005645121404,0.019159148544521516,139.26850239354937,5.014327209564451,0.7406596058448844,0.9308111487936165,0.13858030339625296,141.4995092281144,3.833959360511874,-0.39441090381259203,0.8834190950211711,-0.0916039232504328,156.03909455947397,3.033755401299376,-1.4403739002597726,0.3036772754097218,-0.1457396207341762,152.58178006193077,-7.490527663386148,-6.256373891972489,-0.3298425505995446,-0.262876398432437,155.8443515666441,11.311939577753316,1.9798515583785425,0.634132726837196,0.11713677769825939,130.21612154454314,4.462818281058145,0.41301865601723886,0.5815156107381979,0.054135697483739746,130.58067914100448,4.616329835343946,0.2908142443829087,0.39077270789237417,0.02482970549119405,130.5186606266604,4.178171463486446,0.6413629955457134,0.19074290284582543,0.02930599199254699
2025-03-01,139.16080210180058,3.7203885076739995,0.3130788494150938,3.720388507674006,0.31307884941510244,138.38619070662932,3.6657962529503374,0.43062961719171344,2.824890341500444,0.3312835675081258,144.54692410581555,3.0476840008856643,0.4479437423824839,1.1514037766351373,0.16790815843278556,157.1278028311039,4.211151909238597,0.6622029607449287,0.7277766993900118,0.11458546944721026,131.79881496626876,2.0653376410010305,0.26422840680040416,0.4233483878470584,0.05332268898558044,131.62278858222118,4.266555018424123,0.41417651995077076,1.6758500040561453,0.16337540907532408,121.94163166760916,3.6285311861318448,0.27122409156850047,0.6550412508505473,0.04893983543142762,134.76824487812758,5.857056009353068,0.12896579306660438,0.1492173275904885,0.003359447977864921,140.09148025584597,4.6687672606101405,0.5909289237353788,0.8720391531443802,0.11107612566603384,141.38785062648975,3.8735853821818766,-0.0789109462172255,0.888829481970761,-0.018204718093009706,156.6817909520467,3.9635791099362105,0.4118816469597997,0.3936382251658467,0.04096110999825394,152.48404156825632,-3.6437659237734676,-0.0640564644315833,-0.15348552738572144,-0.002516120587091888,156.9704596680899,9.599895768450327,0.7225851242765424,0.5488613771837515,0.04347723058534646,129.62912739176932,3.8199525139971824,-0.4507845463459281,0.49707678730215066,-0.0591658280912635,129.46201629602984,3.576985877822092,-0.8566832798952428,0.3023004983987033,-0.07315351166825368,130.91676003575776,4.270117853348077,0.30501340358992657,0.19477628890344867,0.013987683576990982
2025-04-01,139.61995899064732,3.8307317912220196,0.32994699794188787,3.8307317912220125,0.32994699794187365,139.06545991223092,3.9401955211235684,0.4908504252722823,3.0364121529084174,0.37805396335443725,145.54144022650274,3.4095187897014156,0.6880230256294917,1.2895480582074168,0.2582467042647357,158.03565356090635,4.466561909023192,0.577778542972629,0.7727530499449876,0.10032489409403939,132.83070312076407,2.516939135606,0.7829267317459587,0.5165119487237015,0.15792181017069093,132.0221586721069,4.460892976176978,0.3034201707679651,1.7503215027414285,0.11980725908970564,122.2934348372449,3.63605589987388,0.28850128116597595,0.6567788305244824,0.052035621264619206,134.76824487812758,5.857056009353068,0.0,0.14888483191214769,0.0,140.5951814394208,5.074716140025126,0.35955161773930655,0.9454842694613818,0.06777163782507811,141.09186286847654,3.4327369734668878,-0.20934454884325993,0.7876150821857274,-0.04810696541254616,159.18897026922824,3.3461745505717566,1.6001727462694681,0.3388993895320355,0.15929189948179032,158.2195717497588,-3.7695540999945654,3.7613970108046457,-0.164604335069746,0.14719119085561552,157.28486259043675,8.76321623130234,0.20029432481223353,0.5047635374381841,0.012100708626174109,127.56504626368975,3.51121657215705,-1.5922973251539574,0.449963037374089,-0.2073988648943326,126.00811921293436,2.9783269062168882,-2.6678845130897355,0.24586618346060743,-0.22515821528525812,131.4237861985369,4.47596507148833,0.38728896333872775,0.20409685391348412,0.017759350390925754
2025-05-01,140.0119810051297,4.218996509427186,0.2807779183695791,4.218996509427188,0.28077791836958244,139.47611859182592,4.025891609938359,0.2952988325456207,3.1119381970882847,0.22780449670620895,146.05633656071623,3.679027211946928,0.3537798811198867,1.3940683272833299,0.13326379528800056,158.7327472636944,4.662797447896505,0.44109900967339577,0.8094939690021185,0.07678119015241433,133.2009878618809,2.8466217662671767,0.27876442149084024,0.5844606505299256,0.05648260513559211,132.3383440677417,4.365455126800666,0.23949418704785064,1.7201434250477683,0.0945407014181881,122.63123792628264,3.5215653309221384,0.27622340437760684,0.6391541864903545,0.04980053747214241,134.82220643709675,5.844059339678376,0.040040262465379506,0.14877027123334155,0.0010376762820424532,140.92106445900941,4.986718663601808,0.23178818523665878,0.932889145855025,0.043702487664017485,141.41886787004577,4.822816347743886,0.23176744209130185,1.0954311334497646,0.05297342166340102,164.29511757957815,5.985077319588505,3.20760119354635,0.610599728029288,0.3233486496851782,162.64477099308814,-0.996658239347259,2.7968722164968707,-0.043525460265053294,0.11319063496279941,162.76324457455857,11.239092615838286,3.483095508299039,0.6556212034252235,0.21015801472237697,124.86533157483683,3.88062172323822,-2.1163435971891076,0.4854973537880438,-0.27037522802177605,121.71441243994869,3.4921688153873864,-3.4074842159416474,0.27733632954838133,-0.27898458297320533,131.6703926818861,4.55579394748824,0.18764219969791274,0.208161024239659,0.008609354951425402
2025-06-01,140.40546934822362,4.219489633841489,0.28103905127911943,4.2194896338414996,0.28103905127911205,140.0255832459149,4.22995385167928,0.39394891371833385,3.2669627509281987,0.3039508429784687,146.65035544834905,3.9042659002148428,0.4067053177017499,1.4780663489344188,0.153311572294468,159.37098497835555,4.897369535121854,0.4020832031596422,0.8493440271452608,0.07010168381814579,133.74802111949077,3.0643870020974573,0.4106825830579419,0.6286568879272558,0.08320988847632126,132.84356214873353,4.549251276658928,0.38176243215890526,1.7912200733166046,0.1506392706840409,123.02807614121983,3.4867835000794045,0.32360287773962604,0.6333257732357859,0.058339970659796805,134.88387053006556,5.826255999079755,0.04573734149468933,0.1479946363564678,0.0011824752395948835,141.60241694421518,5.414688204451967,0.4834993886978056,1.0108805509428733,0.09111682478464396,141.2770362328625,4.1386615531517235,-0.10029187711613208,0.9426176114447835,-0.02291179169942787,164.1325980196584,4.972521528605722,-0.09891928762949531,0.5102535335279559,-0.010262795028452027,160.37967927558017,-4.381931871757194,-1.392661875126766,-0.1948341521989769,-0.05777577296244402,164.00528662289832,12.146544119365599,0.763097375937849,0.706204944239891,0.047512977933992666,124.73867587371649,3.459602509666415,-0.10143384038061587,0.43293029703103464,-0.012648996670976308,121.34787900564936,2.942044735074134,-0.301142179427738,0.2335333537795479,-0.023748912310782015,131.98923154289153,4.357371429129864,0.24214924442105268,0.19939694325148327,0.011099915639807043
2025-07-01,140.78051797140984,3.511905081096378,0.26711824327587674,3.511905081096377,0.2671182432758704,140.45456151970262,4.226155643735896,0.30635706978940913,3.243255413130602,0.23663559041545806,146.97868160509276,4.016121301687603,0.22388364197272193,1.507815281775858,0.08450090130087787,160.05923297609192,5.128571555376582,0.4318527602937605,0.8829077241967003,0.07538277439245732,133.80813340610598,3.073966683157603,0.04494443066300757,0.6248946858779285,0.009118126908414704,133.35522955997303,4.428058196799833,0.3851653802136257,1.7357150598221556,0.15213468911456887,123.37036402976081,3.415622778497207,0.2782193295033597,0.6166805597482332,0.050179395614677845,135.0308411319101,5.782764329920664,0.10896084258775751,0.14572236321684334,0.00281042082750934,142.34588506607028,5.226647964586828,0.5250391468586191,0.9733793012300423,0.0991448726723804,141.46626434181718,1.155027522597707,0.13394116552867263,0.26863130709664235,0.030482652860440277,164.3528589276785,0.19947224094116756,0.13419693021232693,0.021269988566482257,0.013870068870989847,160.65700359949025,-12.23636536324385,0.17291737030695753,-0.5881802175257684,0.0070538969389456925,164.18396969445638,10.40326099408091,0.10894958036864466,0.6092664170666393,0.006816171932040947,124.90548687143172,1.96389906504717,0.1337283697673053,0.24734237336810289,0.01661258398945319,121.44266696420365,0.7794540535180916,0.07811257957781592,0.06265170375654588,0.006124413041509165,132.29134505765026,4.053292822230903,0.2288925476928494,0.18469066961155564,0.010488170947942788
2025-08-01,140.8669860573236,3.5684934214948116,0.06142049138597727,3.568493421494813,0.061420491385967196,140.761880541562,4.227122212795442,0.21880316205769024,3.250845621767282,0.1690735516095635,147.28391717450148,4.050294505589358,0.20767336192935026,1.5232000143203108,0.07834882109198332,160.53775971851022,5.158033829953568,0.2989685340362591,0.8903249608364411,0.05227268890247006,133.98050246999105,3.1105311372620514,0.1288180766724656,0.6328750534838574,0.026076132189508543,133.66117481763095,4.396344558251664,0.22942126729295076,1.7276456074469735,0.09072473051757235,123.71226913236102,3.4359410464480433,0.2771371433399672,0.6219040168548507,0.049989747470390276,136.36398260391726,5.339751380110225,0.987286653057895,0.13644944344422055,0.0254248610647246,142.46099936594456,5.199505434584739,0.08086942577991696,0.9692921471479076,0.01531012198246446,140.79619800211563,1.3753644022743705,-0.473658043363967,0.31764779972753954,-0.10765306022359157,162.59929817382644,1.2090430111746375,-1.0669487377908626,0.12626551466192015,-0.1101294514866197,159.33671865266587,-8.036538685508187,-0.82180354248097,-0.365605911127632,-0.0334927097453988,162.16960343648458,8.345105825477962,-1.2268958179781464,0.4918714257895531,-0.07663674174121744,124.93041934036347,1.5126509902144036,0.019961067809148858,0.19138228506561716,0.0024763912630278834,121.45043761852553,0.2851823627493255,0.00639861962530297,0.02303555830709931,0.0005007377796319487,132.34840610039686,3.68000936105366,0.0431328615804194,0.1683467267585192,0.0019756534833964725
2025-09-01,141.19654288589936,3.759745456884822,0.2339489455972732,3.7597454568848283,0.23394894559728102,141.2270969618389,4.2778441644469645,0.3304988669425635,3.2974982535547173,0.25578472444688877,147.78093673787916,4.187013421420116,0.3374567793364758,1.5770806285219483,0.127498226752641,160.9197371533196,5.341326988250317,0.2379361936276858,0.9220951033636721,0.04170034724220147,134.54799397840006,3.2103049817511886,0.42356275573463,0.6549855251582776,0.08579787951043964,134.09405295436426,4.364639606088172,0.32386228635497005,1.720417625032745,0.12828649769423436,124.00146071248183,3.3851865498987,0.233761438658453,0.614149136614127,0.042256579612030054,140.90839065820276,5.836089884865614,3.3325574447947703,0.15330445760044542,0.086614979409037,142.4565976837672,5.110251181769421,-0.00308974540186302,0.952964030818172,-0.000585061326841718,140.66020180221022,2.017065078078284,-0.09659081838514494,0.4622472033301083,-0.021835778849599356,162.37235466909618,2.7582007638204065,-0.1395722535577293,0.2831727926621709,-0.014244058632356097,159.18011559374244,-4.859924086120415,-0.09828435042947836,-0.2133952826891077,-0.003970234793427781,161.89939420352925,8.451275269081382,-0.1666213810907924,0.49656807535128084,-0.010273823838926855,124.85393845941763,1.4155805788835796,-0.06121878190248342,0.1790744106679348,-0.007591720217249908,121.31213747355251,0.35769641558471843,-0.11387373128075584,0.028824933996668634,-0.008906534221463855,132.3864040282941,3.272158815586379,0.028710529289188713,0.15024947667126626,0.001314814004214814
2025-10-01,141.70849986999787,3.5671045337408502,0.3625846452290471,3.567104533740862,0.36258464522902983,141.63038082023024,4.283763759608128,0.2855569979607564,3.29321408678508,0.22121550750610927,148.0387531216251,4.119037788952529,0.17445848526675967,1.5467027822780366,0.06598213027489638,161.35976973346797,5.260583760398729,0.2734484830341888,0.9063596258130805,0.04792608523359852,134.6677011813037,3.151164814564611,0.08896989049338444,0.6403431564649669,0.018056045041308113,134.61908359511207,4.4410487594434445,0.3915390945238295,1.7465113045069998,0.1552333772312167,124.33981567573156,3.4191661710421872,0.27286369152881296,0.6184053650744299,0.049324922026775526,140.90853892971674,5.8241755916681015,0.00010522546831648327,0.1521730412161785,2.819412150160494e-06,143.25523794833177,5.239252574068165,0.5606200608113898,0.9759328982163844,0.10590563579228779,141.54272785675155,1.1844756532282563,0.6274170257357436,0.27389044695579895,0.14136913772291657,160.90756444735214,0.09756964036098381,-0.9021179896843812,0.010134884050053403,-0.0917226485242194,156.57139411905803,-10.270974520241671,-1.6388488379681543,-0.4677806211973794,-0.0659825085475028,161.22082551668348,8.193389887034087,-0.4191298492400297,0.4779155052474312,-0.02574013997671956,127.20765683589022,2.0709424509946617,1.8851775166368823,0.26375556290574154,0.23309178624714164,124.55245326594604,1.070688667453612,2.671056548731543,0.08748055497366178,0.20818939459491997,133.10776309220242,3.8610045464928078,0.5448890837416842,0.17627500793208137,0.024902391652223382
2025-11-01,142.6446626082426,3.7986485307947904,0.6606256781375608,3.7986485307947944,0.6606256781375681,141.89571946800325,4.43056143344851,0.18734585491921862,3.3928558574934207,0.14502183735906776,147.9941298918775,4.369573343103461,-0.030142938120358842,1.62924227926893,-0.011379023222427091,161.45394990517931,5.070957837278178,0.05836657542763746,0.8719736105963327,0.010220561680817065,134.5239819465997,3.769262846020438,-0.10672138415024346,0.7572686686725884,-0.021599584903252374,135.14998089813315,4.488435395869073,0.3943700171201936,1.7636135782244875,0.15640086058149288,124.63449754301556,3.4031998687970244,0.2369971884569111,0.6143924027243385,0.04280312051151408,140.90853892971674,5.8241755916681015,0.0,0.15151232373051426,0.0,144.11499086718123,5.353210685155396,0.6001546129570157,0.9977088517696401,0.11359774006998057,144.77316211870232,1.7325621158490012,2.282303238651817,0.4057926733013794,0.5156038407785355,163.201836222403,0.8963599482386009,1.4258321433990195,0.09328103925930752,0.14314433971014437,162.04004277718323,-7.789399964794875,3.4927508239255944,-0.35571882658854886,0.13781906352198445,161.36172093946038,7.688425219915285,0.08739281809615473,0.4489998658478545,0.005325276188160815,130.9823219074323,2.4011858908944195,2.9673253681669065,0.31251163404206034,0.3724595010683839,128.911309813726,0.5431748358372124,3.499615168938397,0.04597371182650783,0.2790435600538236,135.8235973613734,5.856690709664325,2.0403274805916194,0.26653792221555594,0.09341594101456009
2025-12-01,143.0420680839106,3.6921440839741138,0.2785982092855521,3.692144083974094,0.27859820928555745,142.47449097483823,4.325378392521229,0.40788510675651146,3.316516163253893,0.3142537063699411,148.48757259710277,4.299781680604453,0.3334204576801669,1.6035225486905578,0.12500318845249633,162.37433821344356,5.216814281312887,0.5700624288255574,0.897492612130633,0.0992262898974836,134.69662924179778,3.5144626859078265,0.12833941777505853,0.7060299365599104,0.025776898555012855,135.79662911290515,4.349617025507624,0.47846711518175766,1.7129936145633282,0.1892505179174529,124.86071921785573,3.350243016221932,0.18150807304542216,0.6039356049517932,0.03264349169097863,140.90853892971674,5.8241755916681015,0.0,0.15093635583532733,0.0,145.30808534562115,5.106044063539539,0.827876733198063,0.9581216537762237,0.15660702622647724,144.5482924474705,1.6104606206643446,-0.15532552300505653,0.3756279207201667,-0.03565549708443114,162.1245148871177,0.8763546083459417,-0.6601159400052126,0.09027063069650201,-0.06677516233099984,161.18803261619948,-5.616964775388055,-0.5258022315850264,-0.24834064364833383,-0.02133115742569695,160.15142668571684,5.7592472885560575,-0.7500504126363494,0.3386112743448339,-0.045444004905304515,131.29978548598228,2.191085672350601,0.24237131692805836,0.28535729002366234,0.03111966524657892,129.01423372754954,0.18267085424592544,0.07984087197023815,0.015470048800395356,0.006545699963978278,136.54274347366388,5.9254067232308305,0.5294706709741304,0.26988724122327157,0.024573965282598663
2026-01-01,143.588506453131,3.7916647161438277,0.382012352408001,3.791664716143829,0.3820123524079954,143.3314076827193,4.519178608144525,0.6014527246371415,3.4695765652655273,0.46398465997823374,149.8595114260095,4.562927974711095,0.9239418524466414,1.7081770133395342,0.34658586854840684,165.0265066849231,6.130211536544938,1.6333667626674098,1.0596053037247275,0.2851336763594363,135.1093675226388,3.218556307054299,0.3064206455382745,0.6485717096148033,0.06145219218897575,136.1988854425872,4.477545089604273,0.2962196722479771,1.7613995519260048,0.11739879142984122,125.3833314036025,3.4381842947966756,0.4185561231910828,0.620081518252459,0.0752027411273139,141.65610263432572,6.02409975971101,0.5305311589256068,0.15620342718987396,0.014031669128630483,145.52325056003193,5.2650671002209215,0.14807518377177864,0.9851146064836797,0.02816438117390438,144.02987476683165,1.3867864408814157,-0.3586466999098148,0.32208815087829906,-0.08197230757022099,160.7254796491766,1.5197071198492118,-0.8629387350304163,0.15376669851759156,-0.08647490443959899,159.76948992563973,-1.8403683521037828,-0.8800545968182361,-0.07732744438608925,-0.03541635014264449,158.78781365909245,3.90596453095704,-0.8514523128790863,0.23109414290367764,-0.05105855429695317,131.3458461622673,1.2841785229381175,0.03508054191749821,0.1683214523607178,0.004502596869382519,128.69491530604523,-1.1575224599809197,-0.24750635048427228,-0.09882920914604948,-0.020251421903052624,137.26917697891727,5.846604631898189,0.5320191221978021,0.2671506615067672,0.024754018772435566
2026-02-01,144.30742702964378,4.022986987321842,0.5006811438263981,4.022986987321832,0.5006811438263973,143.989778836078,4.497306220415775,0.4593348827049093,3.459779795434939,0.3551239052760485,150.44680404474326,4.547863625550552,0.3918954580495404,1.7047306032409153,0.147800106900462,165.7729724139266,6.200636003760085,0.45233080672832937,1.072938101277669,0.07994685459178229,135.56683891120795,3.130703447219907,0.33859339064148397,0.6317925019632501,0.06785325230868208,136.91197539178688,4.449263024830263,0.5235651869561542,1.755049192194021,0.20732379837558357,125.78919122174388,3.435028782241467,0.32369519424790827,0.6198186242708977,0.05818007779338948,142.7276694248851,6.042591431624755,0.7564564961423104,0.1574043091841637,0.020036620648395793,146.51334784786397,5.202070338806308,0.6803705140049798,0.9778262587389488,0.12910709993377925,144.953939401091,2.441301875759616,0.6415784473570385,0.5632071918869075,0.1455572385503341,163.05374567347818,4.495444640849655,1.4485979630507906,0.447066296311267,0.14336334990109367,167.65589120579818,9.879365110139005,4.936112197534692,0.3880587878458499,0.19614821755861497,157.37271095003672,0.9806960393678787,-0.8911910029152925,0.059007508465418336,-0.05278486765751832,131.36837494486164,0.8848776838468186,0.01715226118876867,0.11614089557564539,0.0021938886492316972,128.2730865257432,-1.7671776793023786,-0.3277742397971961,-0.1509020381470886,-0.026650898623536586,138.11889218276488,5.823099562632228,0.6190138402141887,0.26704293372273274,0.028844787272768416
2026-03-01,145.54432135912487,4.587153250708154,0.8571245118430326,4.587153250708148,0.8571245118430514,144.5433863330244,4.449284711830792,0.3844769409477644,3.4268478395773427,0.29712696817248174,150.88114462844553,4.382120589430882,0.28870043897581965,1.6448115219338444,0.10876310841508645,166.2058008822113,5.77746133245769,0.26109712698156873,1.0031926650115903,0.04612520619121835,135.99126246571973,3.1809447607885843,0.3130732839391248,0.6416188569222411,0.06263790222385689,137.56309645475224,4.5131302387050765,0.4755764140442098,1.7820363176435101,0.1883638597573938,126.24024921678995,3.525143538261033,0.3585824749051225,0.6358135857110608,0.0643371207349743,142.79927038265694,5.959137860548602,0.05016613671360304,0.15494550796405004,0.0013321559123027132,147.45897980266815,5.259063244507867,0.6454237574218258,0.9912772239683937,0.1226945831101238,148.52686249942818,5.049239974513697,2.4648678836184157,1.160305411130806,0.5599975436705694,170.41835525287746,8.767173401173922,4.516676111291074,0.8727430881540861,0.4512178408384117,185.68610540785875,21.774123703784575,10.754298028172716,0.8520661840776876,0.4462080239117557,157.50769093838454,0.34224991850735353,0.08577089860939413,0.020676904076396854,0.005009816926654084,132.49101366248436,2.207749391127023,0.8545730417186981,0.2875623229767232,0.10877970283215617,129.6308162098722,0.13038566729592915,1.0584680862548046,0.011004001111401072,0.08535322947525667,138.81244887760076,6.031075654245055,0.5021446985819633,0.27655832186532187,0.02342647335690124
2026-04-01,145.83113471068285,4.448630242364993,0.19706255034868114,4.448630242364989,0.19706255034868417,144.99126214383466,4.261160345166748,0.30985562340319905,3.287217492352375,0.23833681653403108,151.34590747397107,3.9881886825051005,0.30803242291808086,1.5022933426086256,0.11539208494798343,166.49656306688973,5.353797902776769,0.17494105689157546,0.9319245017464031,0.030722308377995392,136.5698875665374,2.8150001151268755,0.4254869690348828,0.5703688408622206,0.08466977656999333,137.99172458391865,4.52163937618828,0.3115865666104778,1.7849241497437371,0.12294473158602859,126.6541420570362,3.5657737683096213,0.32786123507684284,0.6428761913423465,0.05853431868727861,142.79927038265694,5.959137860548602,0.0,0.15443595117939068,0.0,147.95965884788836,5.238072409786487,0.3395378469932542,0.9876120072219987,0.06441041289874626,148.2612653011456,5.081372013177177,-0.17882098484615083,1.1614127500126177,-0.04127426618532758,171.88844144074915,7.977607462403302,0.8626337143615048,0.8041986659303293,0.08930437793814502,192.13145052205076,21.433428492605966,3.4710971507721844,0.8674201725048823,0.15815250818141216,155.63680951435202,-1.0478141691080523,-1.1878032195674737,-0.06322150657455343,-0.06884813024326675,131.13185272343108,2.79606880114196,-1.0258514154897314,0.35721408408229066,-0.13057864412346964,126.88792959766415,0.6982172182437241,-2.1159217325047996,0.05716588166281666,-0.17096527830222624,140.01837109501213,6.539596175909668,0.8687421244723437,0.3000482024194748,0.04038663417875778
2026-05-01,145.52707502552792,3.939015776225707,-0.2085012132410191,3.939015776225702,-0.20850121324103024,145.31518342761856,4.186426246116404,0.22340745159012965,3.2300324795009443,0.17203547944710126,151.58453105847906,3.7849740914628116,0.1576676822589551,1.426783235427238,0.059129334900211813,166.87854462787612,5.131768651776403,0.22942309075348888,0.8947044308932904,0.04028128629192793,136.69894714387428,2.6260760810726813,0.09450075681873837,0.5320788045339467,0.018848048608290386,138.3861304019688,4.569942579250763,0.2858184570410982,1.8032492440737196,0.1129061445468943,127.05266834159076,3.6054683048751146,0.3146571269458276,0.6500032280012072,0.05625027300749559,142.84435147429653,5.950165962417042,0.03156955320484656,0.1538332507335345,0.0008299827708075691,148.3944632854008,5.3032517566351745,0.2938668829721047,0.9994127653389772,0.055825888768605406,145.80771109231395,3.103435410260258,-1.6548855183773359,0.7089832967247445,-0.38053669268812096,169.06491347704784,2.9031878535035416,-1.6426514430143313,0.3012033606751811,-0.17118553170961956,186.03060739741017,14.378474181205526,-3.175348496075814,0.5965033398821755,-0.14940487743790992,155.04377492652918,-4.742759747882297,-0.3810374870015232,-0.2952999792069945,-0.021780654271711046,128.94847390198083,3.2700368273933744,-1.6650255266774772,0.40777993604956825,-0.2093511609784981,123.10991242677461,1.1465363541186546,-2.9774440980074868,0.09041905516799725,-0.23502226133315762,140.7864062689693,6.923358700013416,0.5485245742760547,0.31736088088157294,0.025671100354657132
2026-06-01,145.13131259476202,3.3658540998981357,-0.27195106525468304,3.3658540998981317,-0.27195106525467033,145.6711651406277,4.031821731317442,0.24497213891379044,3.11425003671685,0.18945788304940378,151.8626262829332,3.554216298111834,0.18345884142152435,1.3414757682265515,0.0690541230643072,167.4700991054784,5.08192512471628,0.3544820449635333,0.8870838637114645,0.06251181832511299,136.7436513266809,2.239756657419112,0.03270265334198719,0.4543919045150727,0.006542304739180394,138.80585007891978,4.488202389146112,0.30329605700498696,1.7727742684902918,0.12040375998511593,127.47561916271819,3.6150634562416295,0.3328940876631492,0.6520096920178949,0.05982242189309039,142.89960875803575,5.942695888300076,0.03868356233125425,0.1532796176991741,0.0010194610567621754,148.85739852656135,5.1234871119497205,0.31196261026948946,0.9674849587732164,0.05956187703525274,142.83892657420154,1.1055514632714925,-2.0360956878561876,0.25160406318131706,-0.4614089483040954,161.30253185053365,-1.7242559998872253,-4.591361665096761,-0.17821234384283338,-0.47160283572647116,169.30150992017323,5.562943313574453,-8.99265863358667,0.22693167691302157,-0.4105384932818967,153.38460704295193,-6.475815382931405,-1.0701286680896982,-0.4051440207558517,-0.06106434244457068,129.0545669918953,3.4599462339556686,0.08227556845312733,0.42981640702415436,0.010193887422374483,123.03928226831547,1.3938465810245937,-0.05737162594534606,0.10928447408634356,-0.004402929264907324,141.22220737184134,6.995249325282593,0.3095477144572145,0.32053193293780874,0.01459681668727912
2026-07-01,145.1684993101396,3.1168952934388816,0.02562280648656934,3.116895293438886,0.025622806486569408,146.0000498447904,3.9482436633500706,0.22577200082474214,3.0508863423398305,0.17551383057804038,152.15247267473904,3.520096256916627,0.19086091087732182,1.3280248814653626,0.0721683305603327,167.8190689651617,4.8481026959743545,0.20837741277235367,0.8476589846179946,0.03697753713787268,136.98345938467295,2.3730440726871915,0.17537052409049014,0.4803658968473616,0.03519079342246198,139.16512605180165,4.356706903058338,0.25883345167196925,1.7228614608744608,0.10334550001769682,127.83576886114058,3.619511757542182,0.28252437665172714,0.6528842599192011,0.051078701899641026,143.03236405783417,5.92570027621131,0.0929010939583419,0.15260016507590693,0.002455928126879888,149.2434927616169,4.845667082223737,0.2593718813288515,0.9173770358793385,0.04981086999116716,141.87712471270333,0.2904299288581047,-0.6733471642259681,0.0660089510990745,-0.14989102409145993,158.86566783393542,-3.338664827338156,-1.5107413309893292,-0.3446138629806324,-0.14845519161035922,164.03249523302242,2.1010547675513136,-3.1122077349665656,0.08562875900527343,-0.12965625070198175,152.87521359681037,-6.887856420265281,-0.33210206419143073,-0.4302426219859009,-0.018798940908378917,129.0396641751398,3.309844432985942,-0.011547686457669126,0.41062281407971163,-0.0014358324810971634,122.85627689400901,1.1640142341587723,-0.1487373552028548,0.09109244449637768,-0.011439263104751544,141.5200565856914,6.976050870160422,0.2109081987833772,0.31953036958333625,0.010003430623657428
2026-08-01,145.4619199923988,3.26189553967271,0.20212420990337598,3.2618955396727,0.20212420990336635,146.22875286337742,3.883773292017967,0.15664584966248452,3.005789068213762,0.12201923607296933,152.3123762287094,3.41412636944618,0.10509428546205957,1.2899283246574964,0.03980389875281686,168.0578322049546,4.684301375346345,0.14227420117700618,0.8209637674741995,0.025293344669210405,137.0823670552799,2.315161182488912,0.07220409752477508,0.46896455718330715,0.014510554083618007,139.45101720100337,4.331730879421158,0.20543304009605912,1.7158607435562667,0.08221533732015278,128.12871453271433,3.5699332259665484,0.22915782819121766,0.6453295652115832,0.04153676003423034,144.59748838997297,6.03788891233159,1.0942448881750666,0.1569280147391006,0.028946853569196324,149.33445105030282,4.824795357992806,0.06094623423964496,0.9136031636055647,0.011731723716728924,142.3912639317303,1.1328899162395656,0.3623834498112988,0.2561064714589493,0.08010497383039457,160.1101415729124,-1.5308532256104956,0.7833497041524806,-0.1562313607991367,0.07579465266381731,165.8618024055137,4.095153840259336,1.1152102331264402,0.1654253417760686,0.045002788292972225,153.7097921490389,-5.216644246626068,0.5459214300296056,-0.321656702575205,0.03079186437084395,129.08441339651196,3.325046116135444,0.034678656100206595,0.4123378322580803,0.004310321166566841,122.4316365626663,0.8079007069720978,-0.34563991525565774,0.06318924666173792,-0.02653653296226245,142.43874795740555,7.624075086597082,0.649159839162361,0.3491485855963465,0.030846854128831546
